Area_Name,Year,Group_Name,Sub_Group_Name,Cases_Acquitted_or_Discharged,Cases_charge_sheets_were_not_laid_but_Final_Report_submitted,Cases_Chargesheeted,Cases_Compounded_or_Withdrawn,Cases_Convicted,Cases_Declared_False_on_Account_of_Mistake_of_Fact_or_of_Law,Cases_Investigated_Chargesheets+FR_Submitted,Cases_not_Investigated_or_in_which_investigation_was_refused,Cases_Pending_Investigation_at_Year_End,Cases_Pending_Investigation_from_previous_year,Cases_Pending_Trial_at_Year_End,Cases_Pending_Trial_from_the_previous_year,Cases_Reported,Cases_Sent_for_Trial,Cases_Trials_Completed,Cases_Withdrawn_by_the_Govt,Cases_withdrawn_by_the_Govt_during_investigation,Total_Cases_for_Trial
Andaman & Nicobar Islands,2001.0,Rape,01. Rape,5.0,2.0,3.0,0.0,0.0,0.0,5.0,0.0,1.0,3.0,34.0,36.0,3.0,3.0,5.0,0.0,0.0,39.0
Andhra Pradesh,2001.0,Rape,01. Rape,731.0,22.0,769.0,35.0,197.0,74.0,791.0,3.0,393.0,390.0,1974.0,2170.0,871.0,769.0,928.0,2.0,0.0,2937.0
Arunachal Pradesh,2001.0,Rape,01. Rape,1.0,2.0,25.0,0.0,2.0,0.0,27.0,0.0,18.0,12.0,282.0,260.0,33.0,25.0,3.0,0.0,0.0,285.0
Assam,2001.0,Rape,01. Rape,334.0,95.0,495.0,10.0,101.0,45.0,590.0,0.0,1045.0,863.0,1964.0,1914.0,817.0,495.0,435.0,0.0,0.0,2409.0
Bihar,2001.0,Rape,01. Rape,406.0,141.0,685.0,0.0,155.0,105.0,826.0,0.0,488.0,531.0,3185.0,3061.0,888.0,685.0,561.0,0.0,0.0,3746.0
Chandigarh,2001.0,Rape,01. Rape,9.0,0.0,16.0,0.0,2.0,2.0,16.0,0.0,1.0,1.0,34.0,29.0,18.0,16.0,11.0,0.0,0.0,45.0
Chhattisgarh,2001.0,Rape,01. Rape,520.0,15.0,976.0,1.0,158.0,11.0,991.0,1.0,86.0,130.0,3966.0,3669.0,959.0,976.0,678.0,0.0,0.0,4645.0
Dadra & Nagar Haveli,2001.0,Rape,01. Rape,0.0,0.0,8.0,0.0,1.0,0.0,8.0,0.0,1.0,3.0,21.0,14.0,6.0,8.0,1.0,0.0,0.0,22.0
Daman & Diu,2001.0,Rape,01. Rape,3.0,0.0,1.0,0.0,0.0,0.0,1.0,0.0,0.0,1.0,1.0,3.0,0.0,1.0,3.0,0.0,0.0,4.0
Delhi,2001.0,Rape,01. Rape,80.0,65.0,361.0,0.0,29.0,1.0,426.0,0.0,197.0,243.0,1651.0,1399.0,381.0,361.0,109.0,0.0,0.0,1760.0
Goa,2001.0,Rape,01. Rape,10.0,1.0,14.0,0.0,10.0,0.0,15.0,0.0,5.0,8.0,47.0,53.0,12.0,14.0,20.0,0.0,0.0,67.0
Gujarat,2001.0,Rape,01. Rape,150.0,10.0,288.0,7.0,26.0,10.0,298.0,1.0,24.0,47.0,1948.0,1843.0,286.0,288.0,176.0,0.0,0.0,2131.0
Haryana,2001.0,Rape,01. Rape,291.0,6.0,341.0,1.0,94.0,54.0,347.0,0.0,22.0,25.0,636.0,681.0,398.0,341.0,385.0,0.0,0.0,1022.0
Himachal Pradesh,2001.0,Rape,01. Rape,75.0,0.0,110.0,0.0,30.0,25.0,110.0,0.0,35.0,46.0,389.0,384.0,124.0,110.0,105.0,0.0,0.0,494.0
Jammu & Kashmir,2001.0,Rape,01. Rape,98.0,4.0,147.0,5.0,7.0,26.0,151.0,0.0,49.0,57.0,570.0,533.0,169.0,147.0,105.0,0.0,0.0,680.0
Jharkhand,2001.0,Rape,01. Rape,236.0,49.0,404.0,0.0,99.0,11.0,453.0,0.0,185.0,82.0,1034.0,965.0,567.0,404.0,335.0,0.0,0.0,1369.0
Karnataka,2001.0,Rape,01. Rape,154.0,17.0,271.0,8.0,41.0,24.0,288.0,4.0,99.0,122.0,1132.0,1064.0,293.0,271.0,195.0,0.0,0.0,1335.0
Kerala,2001.0,Rape,01. Rape,111.0,11.0,510.0,3.0,32.0,22.0,521.0,10.0,505.0,496.0,2190.0,1826.0,562.0,510.0,143.0,0.0,0.0,2336.0
Lakshadweep,2001.0,Rape,01. Rape,0.0,0.0,1.0,0.0,0.0,0.0,1.0,0.0,0.0,1.0,1.0,0.0,0.0,1.0,0.0,0.0,0.0,1.0
Madhya Pradesh,2001.0,Rape,01. Rape,2052.0,188.0,2616.0,25.0,589.0,16.0,2804.0,9.0,261.0,264.0,6721.0,6771.0,2851.0,2616.0,2641.0,0.0,25.0,9387.0
Maharashtra,2001.0,Rape,01. Rape,727.0,21.0,1289.0,17.0,125.0,20.0,1310.0,0.0,230.0,258.0,9876.0,9456.0,1302.0,1289.0,852.0,0.0,0.0,10745.0
Manipur,2001.0,Rape,01. Rape,1.0,20.0,4.0,0.0,0.0,0.0,24.0,0.0,33.0,37.0,39.0,36.0,20.0,4.0,1.0,0.0,0.0,40.0
Meghalaya,2001.0,Rape,01. Rape,11.0,8.0,21.0,0.0,0.0,0.0,29.0,0.0,64.0,67.0,236.0,226.0,26.0,21.0,11.0,0.0,0.0,247.0
Mizoram,2001.0,Rape,01. Rape,10.0,0.0,51.0,0.0,32.0,0.0,51.0,0.0,14.0,13.0,96.0,87.0,52.0,51.0,42.0,0.0,0.0,138.0
Nagaland,2001.0,Rape,01. Rape,2.0,3.0,8.0,1.0,2.0,0.0,11.0,0.0,19.0,13.0,48.0,45.0,17.0,8.0,4.0,0.0,0.0,53.0
Odisha,2001.0,Rape,01. Rape,408.0,22.0,769.0,0.0,117.0,40.0,791.0,1.0,268.0,310.0,2354.0,2110.0,790.0,769.0,525.0,0.0,0.0,2879.0
Puducherry,2001.0,Rape,01. Rape,0.0,0.0,8.0,0.0,0.0,0.0,8.0,0.0,4.0,3.0,16.0,8.0,9.0,8.0,0.0,0.0,0.0,16.0
Punjab,2001.0,Rape,01. Rape,171.0,29.0,239.0,1.0,81.0,32.0,268.0,0.0,75.0,77.0,235.0,249.0,298.0,239.0,252.0,0.0,0.0,488.0
Rajasthan,2001.0,Rape,01. Rape,700.0,7.0,771.0,13.0,266.0,320.0,778.0,0.0,78.0,127.0,2614.0,2822.0,1049.0,771.0,966.0,0.0,0.0,3593.0
Sikkim,2001.0,Rape,01. Rape,2.0,0.0,5.0,0.0,1.0,0.0,5.0,0.0,3.0,0.0,7.0,5.0,8.0,5.0,3.0,0.0,0.0,10.0
Tamil Nadu,2001.0,Rape,01. Rape,160.0,18.0,397.0,3.0,84.0,30.0,415.0,11.0,247.0,280.0,1288.0,1138.0,423.0,397.0,244.0,0.0,0.0,1535.0
Tripura,2001.0,Rape,01. Rape,38.0,5.0,63.0,1.0,13.0,0.0,68.0,0.0,67.0,33.0,129.0,118.0,102.0,63.0,51.0,0.0,0.0,181.0
Uttar Pradesh,2001.0,Rape,01. Rape,622.0,152.0,1613.0,15.0,697.0,215.0,1765.0,0.0,192.0,214.0,5616.0,5337.0,1958.0,1613.0,1319.0,0.0,0.0,6950.0
Uttarakhand,2001.0,Rape,01. Rape,34.0,3.0,58.0,2.0,30.0,10.0,61.0,0.0,9.0,6.0,157.0,165.0,74.0,58.0,64.0,0.0,0.0,223.0
West Bengal,2001.0,Rape,01. Rape,517.0,133.0,717.0,0.0,45.0,1.0,850.0,0.0,777.0,919.0,5081.0,4926.0,709.0,717.0,562.0,0.0,0.0,5643.0
Andaman & Nicobar Islands,2002.0,Rape,01. Rape,2.0,0.0,3.0,0.0,1.0,0.0,3.0,0.0,0.0,1.0,34.0,34.0,2.0,3.0,3.0,0.0,0.0,37.0
Andhra Pradesh,2002.0,Rape,01. Rape,650.0,23.0,881.0,20.0,120.0,74.0,904.0,0.0,417.0,393.0,2065.0,1974.0,1002.0,881.0,770.0,0.0,0.0,2855.0
Arunachal Pradesh,2002.0,Rape,01. Rape,3.0,5.0,32.0,0.0,0.0,0.0,37.0,0.0,19.0,18.0,311.0,282.0,38.0,32.0,3.0,0.0,0.0,314.0
Assam,2002.0,Rape,01. Rape,247.0,134.0,624.0,13.0,99.0,25.0,758.0,0.0,1232.0,1045.0,2229.0,1964.0,970.0,624.0,346.0,0.0,0.0,2588.0
Bihar,2002.0,Rape,01. Rape,383.0,128.0,687.0,0.0,116.0,114.0,815.0,0.0,599.0,488.0,3373.0,3185.0,1040.0,687.0,499.0,0.0,0.0,3872.0
Chandigarh,2002.0,Rape,01. Rape,5.0,1.0,12.0,0.0,1.0,0.0,13.0,0.0,6.0,1.0,40.0,34.0,18.0,12.0,6.0,0.0,0.0,46.0
Chhattisgarh,2002.0,Rape,01. Rape,1081.0,4.0,986.0,140.0,585.0,21.0,990.0,5.0,62.0,86.0,3146.0,3966.0,992.0,986.0,1666.0,0.0,0.0,4952.0
Dadra & Nagar Haveli,2002.0,Rape,01. Rape,12.0,0.0,3.0,0.0,2.0,0.0,3.0,0.0,2.0,1.0,10.0,21.0,4.0,3.0,14.0,0.0,0.0,24.0
Daman & Diu,2002.0,Rape,01. Rape,0.0,0.0,0.0,0.0,0.0,0.0,0.0,0.0,0.0,0.0,0.0,0.0,0.0,0.0,0.0,0.0,0.0,0.0
Delhi,2002.0,Rape,01. Rape,344.0,21.0,388.0,0.0,98.0,3.0,409.0,1.0,187.0,197.0,1597.0,1651.0,403.0,388.0,442.0,0.0,0.0,2039.0
Goa,2002.0,Rape,01. Rape,6.0,2.0,8.0,0.0,8.0,0.0,10.0,0.0,7.0,5.0,41.0,47.0,12.0,8.0,14.0,0.0,0.0,55.0
Gujarat,2002.0,Rape,01. Rape,184.0,14.0,244.0,13.0,39.0,4.0,258.0,0.0,29.0,24.0,1956.0,1948.0,267.0,244.0,223.0,0.0,0.0,2192.0
Haryana,2002.0,Rape,01. Rape,288.0,3.0,316.0,1.0,92.0,54.0,319.0,0.0,10.0,22.0,571.0,636.0,361.0,316.0,380.0,0.0,0.0,952.0
Himachal Pradesh,2002.0,Rape,01. Rape,86.0,1.0,112.0,1.0,22.0,14.0,113.0,0.0,45.0,35.0,392.0,389.0,137.0,112.0,108.0,0.0,0.0,501.0
Jammu & Kashmir,2002.0,Rape,01. Rape,125.0,14.0,156.0,3.0,11.0,23.0,170.0,0.0,48.0,49.0,587.0,570.0,192.0,156.0,136.0,0.0,0.0,726.0
Jharkhand,2002.0,Rape,01. Rape,438.0,65.0,589.0,9.0,132.0,31.0,654.0,0.0,342.0,230.0,2277.0,2267.0,797.0,589.0,570.0,0.0,0.0,2856.0
Karnataka,2002.0,Rape,01. Rape,190.0,9.0,277.0,1.0,35.0,6.0,286.0,4.0,95.0,99.0,1183.0,1132.0,292.0,277.0,225.0,0.0,0.0,1409.0
Kerala,2002.0,Rape,01. Rape,141.0,10.0,445.0,7.0,29.0,13.0,455.0,4.0,532.0,505.0,2458.0,2190.0,499.0,445.0,170.0,0.0,0.0,2635.0
Lakshadweep,2002.0,Rape,01. Rape,0.0,0.0,0.0,0.0,1.0,0.0,0.0,0.0,1.0,0.0,0.0,1.0,1.0,0.0,1.0,0.0,0.0,1.0
Madhya Pradesh,2002.0,Rape,01. Rape,1837.0,50.0,2804.0,32.0,548.0,102.0,2854.0,3.0,193.0,261.0,7106.0,6721.0,2891.0,2804.0,2385.0,2.0,0.0,9523.0
Maharashtra,2002.0,Rape,01. Rape,1011.0,32.0,1288.0,16.0,163.0,17.0,1320.0,0.0,245.0,230.0,9974.0,9876.0,1352.0,1288.0,1174.0,0.0,0.0,11164.0
Manipur,2002.0,Rape,01. Rape,0.0,9.0,7.0,0.0,0.0,0.0,16.0,1.0,30.0,33.0,46.0,39.0,14.0,7.0,0.0,0.0,0.0,46.0
Meghalaya,2002.0,Rape,01. Rape,2.0,7.0,17.0,1.0,0.0,0.0,24.0,0.0,78.0,64.0,250.0,236.0,38.0,17.0,2.0,0.0,0.0,253.0
Mizoram,2002.0,Rape,01. Rape,10.0,2.0,53.0,0.0,22.0,0.0,55.0,0.0,32.0,11.0,106.0,85.0,76.0,53.0,32.0,0.0,0.0,138.0
Nagaland,2002.0,Rape,01. Rape,0.0,2.0,14.0,0.0,7.0,0.0,16.0,0.0,20.0,19.0,55.0,48.0,17.0,14.0,7.0,0.0,0.0,62.0
Odisha,2002.0,Rape,01. Rape,368.0,10.0,633.0,0.0,105.0,35.0,643.0,0.0,281.0,268.0,2514.0,2354.0,691.0,633.0,473.0,0.0,0.0,2987.0
Puducherry,2002.0,Rape,01. Rape,1.0,0.0,3.0,0.0,2.0,0.0,3.0,0.0,7.0,4.0,16.0,16.0,6.0,3.0,3.0,0.0,0.0,19.0
Punjab,2002.0,Rape,01. Rape,185.0,14.0,255.0,0.0,76.0,31.0,269.0,0.0,74.0,75.0,229.0,235.0,299.0,255.0,261.0,0.0,0.0,490.0
Rajasthan,2002.0,Rape,01. Rape,746.0,10.0,668.0,13.0,287.0,350.0,678.0,0.0,101.0,78.0,2236.0,2614.0,1051.0,668.0,1033.0,0.0,0.0,3282.0
Sikkim,2002.0,Rape,01. Rape,4.0,4.0,3.0,0.0,4.0,0.0,7.0,0.0,2.0,3.0,2.0,7.0,6.0,3.0,8.0,0.0,0.0,10.0
Tamil Nadu,2002.0,Rape,01. Rape,324.0,3.0,471.0,3.0,121.0,28.0,474.0,7.0,271.0,247.0,1311.0,1288.0,534.0,471.0,445.0,0.0,1.0,1759.0
Tripura,2002.0,Rape,01. Rape,43.0,12.0,95.0,1.0,23.0,0.0,107.0,0.0,68.0,67.0,157.0,129.0,108.0,95.0,66.0,0.0,0.0,224.0
Uttar Pradesh,2002.0,Rape,01. Rape,767.0,87.0,1282.0,20.0,708.0,184.0,1369.0,0.0,54.0,192.0,5403.0,5616.0,1415.0,1282.0,1475.0,0.0,0.0,6898.0
Uttarakhand,2002.0,Rape,01. Rape,35.0,3.0,69.0,0.0,32.0,12.0,72.0,0.0,14.0,9.0,159.0,157.0,89.0,69.0,67.0,0.0,0.0,226.0
West Bengal,2002.0,Rape,01. Rape,373.0,113.0,842.0,0.0,63.0,6.0,955.0,0.0,575.0,777.0,5487.0,5081.0,759.0,842.0,436.0,0.0,0.0,5923.0
Andaman & Nicobar Islands,2003.0,Rape,01. Rape,3.0,0.0,1.0,0.0,3.0,0.0,1.0,0.0,1.0,0.0,29.0,34.0,2.0,1.0,6.0,0.0,0.0,35.0
Andhra Pradesh,2003.0,Rape,01. Rape,641.0,11.0,823.0,5.0,122.0,75.0,834.0,8.0,446.0,417.0,2120.0,2065.0,946.0,823.0,763.0,0.0,0.0,2888.0
Arunachal Pradesh,2003.0,Rape,01. Rape,0.0,6.0,29.0,1.0,0.0,0.0,35.0,0.0,15.0,19.0,339.0,311.0,31.0,29.0,0.0,0.0,0.0,340.0
Assam,2003.0,Rape,01. Rape,355.0,181.0,769.0,17.0,105.0,70.0,950.0,4.0,1303.0,1232.0,2521.0,2229.0,1095.0,769.0,460.0,0.0,0.0,2998.0
Bihar,2003.0,Rape,01. Rape,493.0,119.0,592.0,0.0,148.0,99.0,711.0,0.0,774.0,599.0,3324.0,3373.0,985.0,592.0,641.0,0.0,0.0,3965.0
Chandigarh,2003.0,Rape,01. Rape,10.0,1.0,21.0,0.0,7.0,0.0,22.0,0.0,2.0,6.0,44.0,40.0,18.0,21.0,17.0,0.0,0.0,61.0
Chhattisgarh,2003.0,Rape,01. Rape,445.0,13.0,838.0,51.0,252.0,19.0,851.0,2.0,88.0,62.0,3237.0,3147.0,898.0,838.0,697.0,0.0,0.0,3985.0
Dadra & Nagar Haveli,2003.0,Rape,01. Rape,2.0,1.0,0.0,0.0,1.0,1.0,1.0,0.0,1.0,2.0,7.0,10.0,1.0,0.0,3.0,0.0,0.0,10.0
Daman & Diu,2003.0,Rape,01. Rape,0.0,1.0,2.0,0.0,0.0,0.0,3.0,0.0,2.0,0.0,3.0,1.0,5.0,2.0,0.0,0.0,0.0,3.0
Delhi,2003.0,Rape,01. Rape,403.0,27.0,460.0,0.0,114.0,3.0,487.0,4.0,181.0,187.0,1540.0,1597.0,490.0,460.0,517.0,0.0,2.0,2057.0
Goa,2003.0,Rape,01. Rape,11.0,2.0,13.0,1.0,7.0,0.0,15.0,0.0,23.0,7.0,35.0,41.0,31.0,13.0,18.0,0.0,0.0,54.0
Gujarat,2003.0,Rape,01. Rape,205.0,15.0,216.0,4.0,24.0,9.0,231.0,0.0,25.0,29.0,1939.0,1956.0,236.0,216.0,229.0,0.0,0.0,2172.0
Haryana,2003.0,Rape,01. Rape,269.0,9.0,288.0,0.0,94.0,47.0,297.0,0.0,19.0,10.0,496.0,571.0,353.0,288.0,363.0,0.0,0.0,859.0
Himachal Pradesh,2003.0,Rape,01. Rape,94.0,2.0,106.0,0.0,28.0,18.0,108.0,0.0,45.0,45.0,376.0,392.0,126.0,106.0,122.0,0.0,0.0,498.0
Jammu & Kashmir,2003.0,Rape,01. Rape,79.0,1.0,168.0,3.0,9.0,21.0,169.0,0.0,69.0,48.0,664.0,587.0,211.0,168.0,88.0,0.0,0.0,755.0
Jharkhand,2003.0,Rape,01. Rape,395.0,70.0,509.0,7.0,131.0,22.0,579.0,0.0,453.0,342.0,2095.0,2277.0,712.0,509.0,526.0,158.0,0.0,2628.0
Karnataka,2003.0,Rape,01. Rape,248.0,8.0,268.0,1.0,39.0,29.0,276.0,7.0,104.0,95.0,1163.0,1183.0,321.0,268.0,287.0,0.0,0.0,1451.0
Kerala,2003.0,Rape,01. Rape,185.0,6.0,409.0,3.0,45.0,24.0,415.0,7.0,480.0,532.0,2629.0,2458.0,394.0,409.0,230.0,5.0,0.0,2862.0
Lakshadweep,2003.0,Rape,01. Rape,0.0,0.0,1.0,0.0,0.0,0.0,1.0,0.0,2.0,1.0,1.0,0.0,2.0,1.0,0.0,0.0,0.0,1.0
Madhya Pradesh,2003.0,Rape,01. Rape,2110.0,44.0,2580.0,54.0,604.0,90.0,2624.0,0.0,209.0,185.0,6754.0,6942.0,2738.0,2580.0,2714.0,0.0,0.0,9522.0
Maharashtra,2003.0,Rape,01. Rape,994.0,34.0,1203.0,29.0,190.0,17.0,1237.0,0.0,259.0,245.0,9964.0,9974.0,1268.0,1203.0,1184.0,0.0,0.0,11177.0
Manipur,2003.0,Rape,01. Rape,2.0,9.0,3.0,0.0,1.0,0.0,12.0,0.0,36.0,30.0,46.0,46.0,18.0,3.0,3.0,0.0,0.0,49.0
Meghalaya,2003.0,Rape,01. Rape,2.0,4.0,18.0,0.0,2.0,0.0,22.0,0.0,96.0,78.0,264.0,250.0,40.0,18.0,4.0,0.0,0.0,268.0
Mizoram,2003.0,Rape,01. Rape,4.0,3.0,69.0,0.0,18.0,0.0,72.0,0.0,14.0,32.0,153.0,106.0,54.0,69.0,22.0,0.0,0.0,175.0
Nagaland,2003.0,Rape,01. Rape,2.0,4.0,12.0,1.0,7.0,0.0,16.0,0.0,18.0,20.0,57.0,55.0,14.0,12.0,9.0,0.0,0.0,67.0
Odisha,2003.0,Rape,01. Rape,416.0,13.0,707.0,0.0,123.0,53.0,720.0,0.0,233.0,281.0,2682.0,2514.0,725.0,707.0,539.0,0.0,0.0,3221.0
Puducherry,2003.0,Rape,01. Rape,0.0,0.0,3.0,0.0,1.0,0.0,3.0,1.0,5.0,7.0,18.0,16.0,2.0,3.0,1.0,0.0,0.0,19.0
Punjab,2003.0,Rape,01. Rape,210.0,18.0,273.0,2.0,108.0,31.0,291.0,1.0,131.0,74.0,182.0,229.0,380.0,273.0,318.0,0.0,0.0,502.0
Rajasthan,2003.0,Rape,01. Rape,636.0,9.0,649.0,12.0,283.0,349.0,658.0,0.0,144.0,101.0,1954.0,2236.0,1050.0,649.0,919.0,0.0,0.0,2885.0
Sikkim,2003.0,Rape,01. Rape,2.0,0.0,8.0,0.0,1.0,0.0,8.0,0.0,4.0,2.0,7.0,2.0,10.0,8.0,3.0,0.0,0.0,10.0
Tamil Nadu,2003.0,Rape,01. Rape,340.0,20.0,477.0,1.0,115.0,23.0,497.0,2.0,303.0,269.0,1330.0,1309.0,557.0,477.0,455.0,0.0,1.0,1786.0
Tripura,2003.0,Rape,01. Rape,37.0,16.0,99.0,0.0,14.0,0.0,115.0,0.0,67.0,68.0,205.0,157.0,114.0,99.0,51.0,0.0,0.0,256.0
Uttar Pradesh,2003.0,Rape,01. Rape,654.0,34.0,719.0,6.0,682.0,112.0,753.0,0.0,100.0,54.0,4780.0,5403.0,911.0,719.0,1336.0,0.0,0.0,6122.0
Uttarakhand,2003.0,Rape,01. Rape,43.0,7.0,86.0,0.0,32.0,10.0,93.0,0.0,18.0,14.0,170.0,159.0,107.0,86.0,75.0,0.0,0.0,245.0
West Bengal,2003.0,Rape,01. Rape,394.0,53.0,784.0,0.0,113.0,15.0,837.0,1.0,724.0,575.0,5764.0,5487.0,1002.0,784.0,507.0,0.0,0.0,6271.0
Andaman & Nicobar Islands,2004.0,Rape,01. Rape,4.0,0.0,4.0,0.0,0.0,0.0,4.0,0.0,7.0,1.0,29.0,29.0,10.0,4.0,4.0,0.0,0.0,33.0
Andhra Pradesh,2004.0,Rape,01. Rape,752.0,43.0,755.0,7.0,137.0,47.0,798.0,4.0,613.0,446.0,1979.0,2120.0,1016.0,755.0,889.0,0.0,0.0,2875.0
Arunachal Pradesh,2004.0,Rape,01. Rape,1.0,8.0,27.0,0.0,4.0,0.0,35.0,0.0,22.0,15.0,361.0,339.0,42.0,27.0,5.0,0.0,0.0,366.0
Assam,2004.0,Rape,01. Rape,455.0,173.0,793.0,28.0,127.0,72.0,966.0,0.0,1436.0,1303.0,2704.0,2521.0,1171.0,793.0,582.0,0.0,0.0,3314.0
Bihar,2004.0,Rape,01. Rape,652.0,165.0,656.0,0.0,97.0,137.0,821.0,0.0,1206.0,774.0,3231.0,3324.0,1390.0,656.0,749.0,0.0,0.0,3980.0
Chandigarh,2004.0,Rape,01. Rape,13.0,2.0,17.0,0.0,0.0,1.0,19.0,0.0,1.0,2.0,48.0,44.0,19.0,17.0,13.0,0.0,0.0,61.0
Chhattisgarh,2004.0,Rape,01. Rape,511.0,11.0,941.0,441.0,240.0,26.0,952.0,1.0,78.0,88.0,2986.0,3237.0,969.0,941.0,751.0,0.0,0.0,4178.0
Dadra & Nagar Haveli,2004.0,Rape,01. Rape,5.0,0.0,5.0,0.0,0.0,0.0,5.0,0.0,3.0,1.0,7.0,7.0,7.0,5.0,5.0,0.0,0.0,12.0
Daman & Diu,2004.0,Rape,01. Rape,0.0,0.0,3.0,0.0,0.0,0.0,3.0,0.0,0.0,2.0,6.0,3.0,1.0,3.0,0.0,0.0,0.0,6.0
Delhi,2004.0,Rape,01. Rape,499.0,20.0,432.0,0.0,98.0,73.0,452.0,3.0,204.0,181.0,1375.0,1540.0,551.0,432.0,597.0,0.0,0.0,1972.0
Goa,2004.0,Rape,01. Rape,10.0,6.0,33.0,1.0,7.0,0.0,39.0,0.0,21.0,23.0,50.0,35.0,37.0,33.0,17.0,0.0,0.0,68.0
Gujarat,2004.0,Rape,01. Rape,232.0,17.0,307.0,3.0,40.0,14.0,324.0,0.0,26.0,25.0,1971.0,1939.0,339.0,307.0,272.0,0.0,0.0,2246.0
Haryana,2004.0,Rape,01. Rape,222.0,5.0,337.0,0.0,93.0,41.0,342.0,0.0,22.0,19.0,518.0,496.0,386.0,337.0,315.0,0.0,0.0,833.0
Himachal Pradesh,2004.0,Rape,01. Rape,81.0,6.0,133.0,0.0,26.0,24.0,139.0,0.0,35.0,45.0,402.0,376.0,153.0,133.0,107.0,0.0,0.0,509.0
Jammu & Kashmir,2004.0,Rape,01. Rape,92.0,11.0,175.0,4.0,12.0,20.0,186.0,0.0,81.0,69.0,731.0,664.0,218.0,175.0,104.0,0.0,0.0,839.0
Jharkhand,2004.0,Rape,01. Rape,395.0,70.0,509.0,7.0,131.0,22.0,579.0,0.0,649.0,453.0,1913.0,2095.0,797.0,509.0,526.0,158.0,0.0,2446.0
Karnataka,2004.0,Rape,01. Rape,297.0,5.0,270.0,5.0,64.0,14.0,275.0,4.0,100.0,104.0,1066.0,1163.0,291.0,270.0,361.0,1.0,2.0,1432.0
Kerala,2004.0,Rape,01. Rape,260.0,13.0,390.0,6.0,56.0,22.0,403.0,6.0,529.0,480.0,2696.0,2629.0,480.0,390.0,316.0,1.0,0.0,3018.0
Lakshadweep,2004.0,Rape,01. Rape,0.0,0.0,2.0,0.0,1.0,0.0,2.0,0.0,0.0,2.0,1.0,0.0,0.0,2.0,1.0,0.0,0.0,2.0
Madhya Pradesh,2004.0,Rape,01. Rape,2130.0,31.0,2815.0,37.0,669.0,83.0,2846.0,0.0,155.0,209.0,6733.0,6754.0,2875.0,2815.0,2799.0,0.0,0.0,9569.0
Maharashtra,2004.0,Rape,01. Rape,1033.0,29.0,1261.0,17.0,227.0,23.0,1290.0,0.0,334.0,259.0,9948.0,9964.0,1388.0,1261.0,1260.0,0.0,0.0,11225.0
Manipur,2004.0,Rape,01. Rape,2.0,11.0,2.0,0.0,0.0,0.0,13.0,0.0,54.0,36.0,46.0,46.0,31.0,2.0,2.0,0.0,0.0,48.0
Meghalaya,2004.0,Rape,01. Rape,2.0,6.0,24.0,0.0,2.0,0.0,30.0,0.0,120.0,96.0,284.0,264.0,54.0,24.0,4.0,0.0,0.0,288.0
Mizoram,2004.0,Rape,01. Rape,20.0,5.0,15.0,1.0,100.0,0.0,20.0,0.0,14.0,14.0,47.0,153.0,20.0,15.0,120.0,0.0,0.0,168.0
Nagaland,2004.0,Rape,01. Rape,0.0,0.0,29.0,0.0,40.0,0.0,29.0,0.0,7.0,18.0,46.0,57.0,18.0,29.0,40.0,0.0,0.0,86.0
Odisha,2004.0,Rape,01. Rape,550.0,20.0,679.0,0.0,116.0,31.0,699.0,0.0,273.0,233.0,2695.0,2682.0,770.0,679.0,666.0,0.0,0.0,3361.0
Puducherry,2004.0,Rape,01. Rape,2.0,0.0,4.0,0.0,2.0,0.0,4.0,0.0,5.0,5.0,18.0,18.0,4.0,4.0,4.0,0.0,0.0,22.0
Punjab,2004.0,Rape,01. Rape,204.0,24.0,333.0,2.0,93.0,24.0,357.0,1.0,139.0,131.0,216.0,182.0,390.0,333.0,297.0,0.0,0.0,515.0
Rajasthan,2004.0,Rape,01. Rape,545.0,9.0,736.0,15.0,208.0,324.0,745.0,0.0,113.0,144.0,1922.0,1954.0,1038.0,736.0,753.0,0.0,0.0,2690.0
Sikkim,2004.0,Rape,01. Rape,1.0,0.0,2.0,1.0,2.0,0.0,2.0,0.0,5.0,4.0,5.0,7.0,3.0,2.0,3.0,0.0,0.0,9.0
Tamil Nadu,2004.0,Rape,01. Rape,317.0,17.0,570.0,21.0,107.0,40.0,587.0,4.0,290.0,303.0,1455.0,1330.0,618.0,570.0,424.0,0.0,0.0,1900.0
Tripura,2004.0,Rape,01. Rape,53.0,8.0,133.0,0.0,23.0,3.0,141.0,0.0,83.0,67.0,262.0,205.0,160.0,133.0,76.0,0.0,0.0,338.0
Uttar Pradesh,2004.0,Rape,01. Rape,622.0,75.0,1163.0,14.0,660.0,133.0,1238.0,0.0,126.0,100.0,4647.0,4780.0,1397.0,1163.0,1282.0,0.0,0.0,5943.0
Uttarakhand,2004.0,Rape,01. Rape,30.0,9.0,90.0,0.0,41.0,13.0,99.0,0.0,21.0,18.0,189.0,170.0,115.0,90.0,71.0,0.0,0.0,260.0
West Bengal,2004.0,Rape,01. Rape,582.0,126.0,1244.0,0.0,135.0,7.0,1370.0,0.0,822.0,724.0,6291.0,5764.0,1475.0,1244.0,717.0,0.0,0.0,7008.0
Andaman & Nicobar Islands,2005.0,Rape,01. Rape,3.0,0.0,8.0,0.0,1.0,0.0,8.0,0.0,3.0,7.0,33.0,29.0,4.0,8.0,4.0,0.0,0.0,37.0
Andhra Pradesh,2005.0,Rape,01. Rape,667.0,17.0,933.0,14.0,154.0,70.0,950.0,0.0,528.0,613.0,2077.0,1979.0,935.0,933.0,821.0,0.0,0.0,2912.0
Arunachal Pradesh,2005.0,Rape,01. Rape,4.0,9.0,32.0,0.0,15.0,0.0,41.0,0.0,16.0,22.0,374.0,361.0,35.0,32.0,19.0,0.0,0.0,393.0
Assam,2005.0,Rape,01. Rape,367.0,163.0,867.0,50.0,170.0,81.0,1030.0,1.0,1562.0,1436.0,2984.0,2704.0,1238.0,867.0,537.0,0.0,0.0,3571.0
Bihar,2005.0,Rape,01. Rape,692.0,86.0,823.0,1.0,145.0,129.0,909.0,0.0,1315.0,1206.0,3216.0,3231.0,1147.0,823.0,837.0,0.0,0.0,4054.0
Chandigarh,2005.0,Rape,01. Rape,10.0,0.0,20.0,0.0,4.0,3.0,20.0,0.0,11.0,1.0,54.0,48.0,33.0,20.0,14.0,0.0,0.0,68.0
Chhattisgarh,2005.0,Rape,01. Rape,603.0,13.0,919.0,9.0,338.0,5.0,932.0,3.0,119.0,78.0,2955.0,2986.0,990.0,919.0,941.0,0.0,9.0,3905.0
Dadra & Nagar Haveli,2005.0,Rape,01. Rape,6.0,0.0,6.0,0.0,0.0,0.0,6.0,0.0,2.0,3.0,7.0,7.0,5.0,6.0,6.0,0.0,0.0,13.0
Daman & Diu,2005.0,Rape,01. Rape,3.0,0.0,0.0,0.0,0.0,0.0,0.0,0.0,2.0,0.0,3.0,6.0,2.0,0.0,3.0,0.0,0.0,6.0
Delhi,2005.0,Rape,01. Rape,745.0,17.0,570.0,0.0,140.0,3.0,587.0,1.0,268.0,204.0,1060.0,1375.0,658.0,570.0,885.0,0.0,3.0,1945.0
Goa,2005.0,Rape,01. Rape,13.0,4.0,18.0,1.0,7.0,1.0,22.0,0.0,18.0,21.0,47.0,50.0,20.0,18.0,20.0,0.0,0.0,68.0
Gujarat,2005.0,Rape,01. Rape,186.0,19.0,286.0,3.0,37.0,4.0,305.0,1.0,40.0,26.0,2031.0,1971.0,324.0,286.0,223.0,0.0,0.0,2257.0
Haryana,2005.0,Rape,01. Rape,229.0,4.0,375.0,0.0,96.0,61.0,379.0,0.0,43.0,22.0,568.0,518.0,461.0,375.0,325.0,0.0,0.0,893.0
Himachal Pradesh,2005.0,Rape,01. Rape,121.0,2.0,123.0,2.0,24.0,14.0,125.0,0.0,37.0,35.0,378.0,402.0,141.0,123.0,145.0,0.0,0.0,525.0
Jammu & Kashmir,2005.0,Rape,01. Rape,111.0,7.0,174.0,0.0,5.0,30.0,181.0,0.0,71.0,81.0,789.0,731.0,201.0,174.0,116.0,0.0,0.0,905.0
Jharkhand,2005.0,Rape,01. Rape,411.0,82.0,595.0,12.0,117.0,29.0,677.0,0.0,696.0,649.0,1968.0,1913.0,753.0,595.0,528.0,0.0,0.0,2508.0
Karnataka,2005.0,Rape,01. Rape,284.0,7.0,296.0,0.0,87.0,19.0,303.0,5.0,115.0,100.0,991.0,1066.0,343.0,296.0,371.0,0.0,1.0,1362.0
Kerala,2005.0,Rape,01. Rape,286.0,10.0,451.0,4.0,48.0,22.0,461.0,0.0,524.0,529.0,2809.0,2696.0,478.0,451.0,334.0,0.0,0.0,3147.0
Lakshadweep,2005.0,Rape,01. Rape,0.0,0.0,0.0,0.0,0.0,0.0,0.0,0.0,0.0,0.0,1.0,1.0,0.0,0.0,0.0,0.0,0.0,1.0
Madhya Pradesh,2005.0,Rape,01. Rape,2005.0,40.0,2780.0,117.0,702.0,68.0,2820.0,0.0,188.0,155.0,6689.0,6733.0,2921.0,2780.0,2707.0,0.0,0.0,9513.0
Maharashtra,2005.0,Rape,01. Rape,991.0,28.0,1441.0,13.0,177.0,17.0,1469.0,7.0,386.0,334.0,10208.0,9948.0,1545.0,1441.0,1168.0,0.0,0.0,11389.0
Manipur,2005.0,Rape,01. Rape,1.0,7.0,7.0,0.0,0.0,0.0,14.0,0.0,65.0,54.0,52.0,46.0,25.0,7.0,1.0,0.0,0.0,53.0
Meghalaya,2005.0,Rape,01. Rape,1.0,12.0,37.0,0.0,2.0,1.0,49.0,0.0,133.0,120.0,318.0,284.0,63.0,37.0,3.0,0.0,0.0,321.0
Mizoram,2005.0,Rape,01. Rape,5.0,2.0,33.0,5.0,15.0,0.0,35.0,0.0,16.0,14.0,55.0,47.0,37.0,33.0,20.0,0.0,0.0,80.0
Nagaland,2005.0,Rape,01. Rape,10.0,8.0,9.0,0.0,15.0,0.0,17.0,0.0,7.0,7.0,30.0,46.0,17.0,9.0,25.0,0.0,0.0,55.0
Odisha,2005.0,Rape,01. Rape,445.0,8.0,681.0,0.0,114.0,51.0,689.0,1.0,331.0,273.0,2817.0,2695.0,799.0,681.0,559.0,0.0,0.0,3376.0
Puducherry,2005.0,Rape,01. Rape,1.0,0.0,6.0,0.0,3.0,0.0,6.0,0.0,5.0,5.0,20.0,18.0,6.0,6.0,4.0,0.0,0.0,24.0
Punjab,2005.0,Rape,01. Rape,171.0,27.0,328.0,1.0,71.0,41.0,355.0,1.0,140.0,139.0,301.0,216.0,398.0,328.0,242.0,0.0,0.0,544.0
Rajasthan,2005.0,Rape,01. Rape,600.0,5.0,772.0,27.0,227.0,279.0,777.0,0.0,50.0,113.0,1840.0,1922.0,993.0,772.0,827.0,0.0,0.0,2694.0
Sikkim,2005.0,Rape,01. Rape,0.0,2.0,13.0,0.0,3.0,0.0,15.0,0.0,8.0,5.0,15.0,5.0,18.0,13.0,3.0,0.0,0.0,18.0
Tamil Nadu,2005.0,Rape,01. Rape,469.0,12.0,507.0,14.0,141.0,67.0,519.0,1.0,274.0,290.0,1338.0,1455.0,571.0,507.0,610.0,0.0,0.0,1962.0
Tripura,2005.0,Rape,01. Rape,86.0,17.0,144.0,0.0,35.0,0.0,161.0,0.0,84.0,83.0,285.0,262.0,162.0,144.0,121.0,0.0,0.0,406.0
Uttar Pradesh,2005.0,Rape,01. Rape,631.0,66.0,1029.0,28.0,657.0,132.0,1095.0,0.0,116.0,126.0,4360.0,4647.0,1217.0,1029.0,1288.0,0.0,0.0,5676.0
Uttarakhand,2005.0,Rape,01. Rape,40.0,8.0,119.0,3.0,21.0,8.0,127.0,0.0,19.0,21.0,244.0,189.0,133.0,119.0,61.0,0.0,0.0,308.0
West Bengal,2005.0,Rape,01. Rape,473.0,75.0,1649.0,0.0,74.0,3.0,1724.0,0.0,781.0,822.0,7393.0,6291.0,1686.0,1649.0,547.0,0.0,0.0,7940.0
Andaman & Nicobar Islands,2006.0,Rape,01. Rape,2.0,0.0,7.0,0.0,1.0,0.0,7.0,0.0,2.0,3.0,37.0,33.0,6.0,7.0,3.0,0.0,0.0,40.0
Andhra Pradesh,2006.0,Rape,01. Rape,696.0,18.0,821.0,4.0,154.0,79.0,839.0,0.0,659.0,528.0,2044.0,2077.0,1049.0,821.0,850.0,0.0,0.0,2898.0
Arunachal Pradesh,2006.0,Rape,01. Rape,1.0,5.0,29.0,1.0,1.0,0.0,34.0,0.0,19.0,16.0,400.0,374.0,37.0,29.0,2.0,0.0,0.0,403.0
Assam,2006.0,Rape,01. Rape,410.0,164.0,794.0,24.0,176.0,91.0,958.0,0.0,1757.0,1562.0,3168.0,2984.0,1244.0,794.0,586.0,0.0,0.0,3778.0
Bihar,2006.0,Rape,01. Rape,678.0,146.0,772.0,0.0,178.0,150.0,918.0,0.0,1479.0,1315.0,3132.0,3216.0,1232.0,772.0,856.0,0.0,0.0,3988.0
Chandigarh,2006.0,Rape,01. Rape,8.0,1.0,20.0,0.0,9.0,2.0,21.0,0.0,7.0,11.0,57.0,54.0,19.0,20.0,17.0,0.0,0.0,74.0
Chhattisgarh,2006.0,Rape,01. Rape,478.0,23.0,994.0,76.0,235.0,3.0,1017.0,1.0,93.0,119.0,3160.0,2955.0,995.0,994.0,713.0,0.0,0.0,3949.0
Dadra & Nagar Haveli,2006.0,Rape,01. Rape,4.0,0.0,3.0,0.0,1.0,0.0,3.0,0.0,5.0,2.0,5.0,7.0,6.0,3.0,5.0,0.0,0.0,10.0
Daman & Diu,2006.0,Rape,01. Rape,2.0,0.0,3.0,0.0,1.0,0.0,3.0,0.0,2.0,2.0,3.0,3.0,3.0,3.0,3.0,0.0,0.0,6.0
Delhi,2006.0,Rape,01. Rape,456.0,13.0,798.0,0.0,152.0,3.0,811.0,0.0,72.0,268.0,1250.0,1060.0,623.0,798.0,608.0,0.0,5.0,1858.0
Goa,2006.0,Rape,01. Rape,6.0,7.0,14.0,0.0,0.0,0.0,21.0,0.0,18.0,18.0,55.0,47.0,21.0,14.0,6.0,0.0,0.0,61.0
Gujarat,2006.0,Rape,01. Rape,157.0,10.0,332.0,4.0,50.0,6.0,342.0,2.0,44.0,40.0,2152.0,2031.0,354.0,332.0,207.0,0.0,0.0,2363.0
Haryana,2006.0,Rape,01. Rape,241.0,3.0,497.0,0.0,97.0,67.0,500.0,0.0,84.0,43.0,727.0,568.0,608.0,497.0,338.0,0.0,0.0,1065.0
Himachal Pradesh,2006.0,Rape,01. Rape,75.0,1.0,96.0,1.0,27.0,17.0,97.0,0.0,36.0,37.0,371.0,378.0,113.0,96.0,102.0,0.0,0.0,474.0
Jammu & Kashmir,2006.0,Rape,01. Rape,108.0,4.0,211.0,2.0,13.0,22.0,215.0,0.0,84.0,71.0,877.0,789.0,250.0,211.0,121.0,0.0,0.0,1000.0
Jharkhand,2006.0,Rape,01. Rape,654.0,49.0,599.0,2.0,185.0,38.0,648.0,0.0,809.0,696.0,1726.0,1968.0,799.0,599.0,839.0,0.0,0.0,2567.0
Karnataka,2006.0,Rape,01. Rape,288.0,12.0,351.0,21.0,51.0,21.0,363.0,5.0,126.0,115.0,982.0,991.0,400.0,351.0,339.0,0.0,0.0,1342.0
Kerala,2006.0,Rape,01. Rape,296.0,31.0,495.0,1.0,58.0,20.0,526.0,0.0,578.0,524.0,2949.0,2809.0,601.0,495.0,354.0,0.0,1.0,3304.0
Lakshadweep,2006.0,Rape,01. Rape,0.0,0.0,0.0,0.0,0.0,0.0,0.0,0.0,0.0,0.0,1.0,1.0,0.0,0.0,0.0,0.0,0.0,1.0
Madhya Pradesh,2006.0,Rape,01. Rape,1877.0,34.0,2779.0,13.0,748.0,81.0,2813.0,0.0,194.0,188.0,6830.0,6689.0,2900.0,2779.0,2625.0,0.0,0.0,9468.0
Maharashtra,2006.0,Rape,01. Rape,884.0,29.0,1351.0,9.0,163.0,19.0,1380.0,0.0,487.0,386.0,10503.0,10208.0,1500.0,1351.0,1047.0,0.0,0.0,11559.0
Manipur,2006.0,Rape,01. Rape,1.0,12.0,2.0,1.0,0.0,0.0,14.0,0.0,91.0,65.0,52.0,52.0,40.0,2.0,1.0,0.0,0.0,54.0
Meghalaya,2006.0,Rape,01. Rape,12.0,21.0,35.0,1.0,2.0,1.0,56.0,0.0,150.0,133.0,338.0,318.0,74.0,35.0,14.0,0.0,0.0,353.0
Mizoram,2006.0,Rape,01. Rape,6.0,9.0,69.0,0.0,68.0,0.0,78.0,0.0,10.0,16.0,50.0,55.0,72.0,69.0,74.0,0.0,0.0,124.0
Nagaland,2006.0,Rape,01. Rape,1.0,0.0,20.0,1.0,11.0,0.0,20.0,0.0,10.0,7.0,37.0,30.0,23.0,20.0,12.0,0.0,0.0,50.0
Odisha,2006.0,Rape,01. Rape,365.0,9.0,790.0,0.0,135.0,37.0,799.0,0.0,480.0,331.0,3107.0,2817.0,985.0,790.0,500.0,0.0,0.0,3607.0
Puducherry,2006.0,Rape,01. Rape,1.0,0.0,6.0,0.0,1.0,0.0,6.0,0.0,8.0,5.0,24.0,20.0,9.0,6.0,2.0,0.0,0.0,26.0
Punjab,2006.0,Rape,01. Rape,178.0,29.0,373.0,0.0,90.0,38.0,402.0,1.0,141.0,140.0,406.0,301.0,442.0,373.0,268.0,0.0,0.0,674.0
Rajasthan,2006.0,Rape,01. Rape,499.0,10.0,740.0,16.0,262.0,306.0,750.0,0.0,79.0,50.0,1803.0,1840.0,1085.0,740.0,761.0,0.0,0.0,2580.0
Sikkim,2006.0,Rape,01. Rape,1.0,0.0,16.0,0.0,1.0,0.0,16.0,0.0,12.0,8.0,29.0,15.0,20.0,16.0,2.0,0.0,0.0,31.0
Tamil Nadu,2006.0,Rape,01. Rape,358.0,9.0,413.0,4.0,108.0,19.0,422.0,2.0,288.0,274.0,1281.0,1338.0,457.0,413.0,466.0,0.0,0.0,1751.0
Tripura,2006.0,Rape,01. Rape,52.0,14.0,177.0,0.0,25.0,0.0,191.0,0.0,82.0,84.0,385.0,285.0,189.0,177.0,77.0,0.0,0.0,462.0
Uttar Pradesh,2006.0,Rape,01. Rape,601.0,89.0,1094.0,8.0,637.0,144.0,1183.0,0.0,103.0,116.0,4208.0,4360.0,1314.0,1094.0,1238.0,0.0,0.0,5454.0
Uttarakhand,2006.0,Rape,01. Rape,68.0,12.0,128.0,1.0,29.0,6.0,140.0,0.0,20.0,19.0,274.0,244.0,147.0,128.0,97.0,0.0,0.0,372.0
West Bengal,2006.0,Rape,01. Rape,747.0,90.0,1520.0,0.0,137.0,3.0,1610.0,1.0,898.0,781.0,8029.0,7393.0,1731.0,1520.0,884.0,0.0,0.0,8913.0
Andaman & Nicobar Islands,2007.0,Rape,01. Rape,2.0,0.0,3.0,0.0,1.0,0.0,3.0,0.0,2.0,2.0,37.0,37.0,3.0,3.0,3.0,0.0,0.0,40.0
Andhra Pradesh,2007.0,Rape,01. Rape,834.0,25.0,1066.0,3.0,128.0,86.0,1091.0,1.0,551.0,659.0,2145.0,2044.0,1070.0,1066.0,962.0,0.0,0.0,3110.0
Arunachal Pradesh,2007.0,Rape,01. Rape,2.0,11.0,29.0,0.0,5.0,0.0,40.0,0.0,27.0,19.0,422.0,400.0,48.0,29.0,7.0,0.0,0.0,429.0
Assam,2007.0,Rape,01. Rape,466.0,216.0,904.0,28.0,191.0,109.0,1120.0,0.0,1965.0,1757.0,3387.0,3168.0,1437.0,904.0,657.0,0.0,0.0,4072.0
Bihar,2007.0,Rape,01. Rape,659.0,197.0,1103.0,1.0,167.0,317.0,1300.0,0.0,1417.0,1479.0,3408.0,3132.0,1555.0,1103.0,826.0,0.0,0.0,4235.0
Chandigarh,2007.0,Rape,01. Rape,8.0,1.0,19.0,0.0,11.0,0.0,20.0,0.0,9.0,7.0,57.0,57.0,22.0,19.0,19.0,0.0,0.0,76.0
Chhattisgarh,2007.0,Rape,01. Rape,506.0,7.0,939.0,4.0,162.0,22.0,946.0,0.0,107.0,93.0,3427.0,3160.0,982.0,939.0,668.0,0.0,0.0,4099.0
Dadra & Nagar Haveli,2007.0,Rape,01. Rape,2.0,0.0,6.0,0.0,0.0,0.0,6.0,0.0,6.0,5.0,9.0,5.0,7.0,6.0,2.0,0.0,0.0,11.0
Daman & Diu,2007.0,Rape,01. Rape,2.0,0.0,1.0,0.0,0.0,0.0,1.0,0.0,2.0,2.0,2.0,3.0,1.0,1.0,2.0,0.0,0.0,4.0
Delhi,2007.0,Rape,01. Rape,426.0,12.0,541.0,0.0,163.0,11.0,553.0,2.0,104.0,72.0,1202.0,1250.0,598.0,541.0,589.0,0.0,0.0,1791.0
Goa,2007.0,Rape,01. Rape,5.0,1.0,15.0,0.0,1.0,0.0,16.0,0.0,22.0,18.0,64.0,55.0,20.0,15.0,6.0,0.0,0.0,70.0
Gujarat,2007.0,Rape,01. Rape,150.0,17.0,289.0,3.0,50.0,4.0,306.0,2.0,48.0,44.0,2238.0,2152.0,316.0,289.0,200.0,0.0,0.0,2441.0
Haryana,2007.0,Rape,01. Rape,260.0,7.0,432.0,0.0,114.0,69.0,439.0,0.0,64.0,84.0,785.0,727.0,488.0,432.0,374.0,0.0,0.0,1159.0
Himachal Pradesh,2007.0,Rape,01. Rape,69.0,4.0,105.0,3.0,14.0,28.0,109.0,0.0,58.0,36.0,390.0,371.0,159.0,105.0,83.0,0.0,0.0,476.0
Jammu & Kashmir,2007.0,Rape,01. Rape,129.0,10.0,238.0,0.0,8.0,34.0,248.0,0.0,90.0,84.0,978.0,877.0,288.0,238.0,137.0,0.0,0.0,1115.0
Jharkhand,2007.0,Rape,01. Rape,535.0,60.0,692.0,8.0,318.0,56.0,752.0,0.0,856.0,809.0,1557.0,1726.0,855.0,692.0,853.0,0.0,0.0,2418.0
Karnataka,2007.0,Rape,01. Rape,235.0,20.0,364.0,3.0,59.0,24.0,384.0,7.0,146.0,126.0,1049.0,982.0,436.0,364.0,294.0,0.0,1.0,1346.0
Kerala,2007.0,Rape,01. Rape,448.0,19.0,546.0,5.0,74.0,15.0,565.0,0.0,510.0,578.0,2968.0,2949.0,512.0,546.0,522.0,0.0,0.0,3495.0
Lakshadweep,2007.0,Rape,01. Rape,0.0,0.0,1.0,0.0,0.0,0.0,1.0,0.0,0.0,0.0,2.0,1.0,1.0,1.0,0.0,0.0,0.0,2.0
Madhya Pradesh,2007.0,Rape,01. Rape,1950.0,44.0,2898.0,6.0,688.0,58.0,2942.0,0.0,204.0,194.0,7084.0,6830.0,3010.0,2898.0,2638.0,0.0,0.0,9728.0
Maharashtra,2007.0,Rape,01. Rape,754.0,47.0,1404.0,10.0,151.0,16.0,1451.0,1.0,470.0,487.0,10992.0,10503.0,1451.0,1404.0,905.0,0.0,0.0,11907.0
Manipur,2007.0,Rape,01. Rape,2.0,8.0,2.0,1.0,0.0,0.0,10.0,0.0,101.0,91.0,51.0,52.0,20.0,2.0,2.0,0.0,0.0,54.0
Meghalaya,2007.0,Rape,01. Rape,7.0,10.0,32.0,0.0,8.0,1.0,42.0,0.0,189.0,150.0,355.0,338.0,82.0,32.0,15.0,0.0,0.0,370.0
Mizoram,2007.0,Rape,01. Rape,7.0,2.0,78.0,0.0,28.0,0.0,80.0,0.0,13.0,10.0,93.0,50.0,83.0,78.0,35.0,0.0,0.0,128.0
Nagaland,2007.0,Rape,01. Rape,2.0,2.0,12.0,1.0,26.0,0.0,14.0,0.0,9.0,10.0,20.0,37.0,13.0,12.0,28.0,0.0,0.0,49.0
Odisha,2007.0,Rape,01. Rape,434.0,14.0,784.0,2.0,175.0,31.0,798.0,0.0,590.0,480.0,3280.0,3107.0,939.0,784.0,609.0,0.0,0.0,3891.0
Puducherry,2007.0,Rape,01. Rape,3.0,0.0,9.0,0.0,4.0,0.0,9.0,0.0,8.0,8.0,26.0,24.0,9.0,9.0,7.0,0.0,0.0,33.0
Punjab,2007.0,Rape,01. Rape,199.0,29.0,392.0,1.0,76.0,37.0,421.0,0.0,202.0,141.0,522.0,406.0,519.0,392.0,275.0,0.0,0.0,798.0
Rajasthan,2007.0,Rape,01. Rape,403.0,6.0,854.0,15.0,236.0,364.0,860.0,0.0,93.0,79.0,2003.0,1803.0,1238.0,854.0,639.0,0.0,0.0,2657.0
Sikkim,2007.0,Rape,01. Rape,3.0,0.0,19.0,1.0,0.0,0.0,19.0,0.0,17.0,12.0,44.0,29.0,24.0,19.0,3.0,0.0,0.0,48.0
Tamil Nadu,2007.0,Rape,01. Rape,311.0,9.0,434.0,6.0,87.0,22.0,443.0,1.0,345.0,288.0,1311.0,1281.0,523.0,434.0,398.0,0.0,0.0,1715.0
Tripura,2007.0,Rape,01. Rape,126.0,4.0,180.0,0.0,30.0,0.0,184.0,0.0,55.0,82.0,409.0,385.0,157.0,180.0,156.0,0.0,0.0,565.0
Uttar Pradesh,2007.0,Rape,01. Rape,542.0,112.0,1293.0,6.0,573.0,248.0,1405.0,0.0,98.0,103.0,4380.0,4208.0,1648.0,1293.0,1115.0,0.0,0.0,5501.0
Uttarakhand,2007.0,Rape,01. Rape,64.0,9.0,101.0,0.0,48.0,9.0,110.0,0.0,18.0,20.0,263.0,274.0,117.0,101.0,112.0,0.0,0.0,375.0
West Bengal,2007.0,Rape,01. Rape,737.0,97.0,1832.0,0.0,101.0,5.0,1929.0,0.0,1070.0,898.0,9023.0,8029.0,2106.0,1832.0,838.0,0.0,0.0,9861.0
Andaman & Nicobar Islands,2008.0,Rape,01. Rape,5.0,0.0,2.0,0.0,0.0,0.0,2.0,0.0,12.0,2.0,34.0,37.0,12.0,2.0,5.0,0.0,0.0,39.0
Andhra Pradesh,2008.0,Rape,01. Rape,712.0,24.0,1083.0,4.0,100.0,83.0,1107.0,0.0,617.0,551.0,2412.0,2145.0,1257.0,1083.0,812.0,0.0,1.0,3228.0
Arunachal Pradesh,2008.0,Rape,01. Rape,1.0,19.0,22.0,0.0,1.0,0.0,41.0,0.0,28.0,27.0,442.0,422.0,42.0,22.0,2.0,0.0,0.0,444.0
Assam,2008.0,Rape,01. Rape,494.0,231.0,988.0,20.0,94.0,95.0,1219.0,0.0,2089.0,1965.0,3767.0,3387.0,1438.0,988.0,588.0,0.0,0.0,4375.0
Bihar,2008.0,Rape,01. Rape,561.0,192.0,921.0,2.0,168.0,315.0,1113.0,0.0,1291.0,1417.0,3598.0,3408.0,1302.0,921.0,729.0,0.0,0.0,4329.0
Chandigarh,2008.0,Rape,01. Rape,12.0,1.0,19.0,0.0,5.0,2.0,20.0,0.0,7.0,9.0,59.0,57.0,20.0,19.0,17.0,0.0,0.0,76.0
Chhattisgarh,2008.0,Rape,01. Rape,680.0,9.0,922.0,68.0,206.0,9.0,931.0,11.0,134.0,107.0,3395.0,3427.0,978.0,922.0,886.0,0.0,0.0,4349.0
Dadra & Nagar Haveli,2008.0,Rape,01. Rape,5.0,0.0,7.0,0.0,0.0,0.0,7.0,0.0,5.0,6.0,11.0,9.0,6.0,7.0,5.0,0.0,0.0,16.0
Daman & Diu,2008.0,Rape,01. Rape,2.0,1.0,0.0,0.0,0.0,0.0,1.0,0.0,1.0,2.0,0.0,2.0,0.0,0.0,2.0,0.0,0.0,2.0
Delhi,2008.0,Rape,01. Rape,261.0,8.0,478.0,0.0,115.0,14.0,486.0,1.0,69.0,104.0,1304.0,1202.0,466.0,478.0,376.0,0.0,0.0,1680.0
Goa,2008.0,Rape,01. Rape,17.0,2.0,21.0,0.0,6.0,0.0,23.0,0.0,29.0,22.0,62.0,64.0,30.0,21.0,23.0,0.0,0.0,85.0
Gujarat,2008.0,Rape,01. Rape,165.0,28.0,328.0,5.0,48.0,10.0,356.0,2.0,54.0,48.0,2348.0,2238.0,374.0,328.0,213.0,0.0,0.0,2566.0
Haryana,2008.0,Rape,01. Rape,326.0,6.0,508.0,0.0,128.0,92.0,514.0,0.0,89.0,64.0,839.0,785.0,631.0,508.0,454.0,0.0,0.0,1293.0
Himachal Pradesh,2008.0,Rape,01. Rape,87.0,5.0,115.0,1.0,29.0,19.0,120.0,0.0,76.0,58.0,388.0,390.0,157.0,115.0,116.0,0.0,0.0,505.0
Jammu & Kashmir,2008.0,Rape,01. Rape,131.0,9.0,142.0,2.0,10.0,48.0,151.0,0.0,110.0,90.0,977.0,978.0,219.0,142.0,141.0,0.0,0.0,1120.0
Jharkhand,2008.0,Rape,01. Rape,494.0,87.0,768.0,42.0,136.0,47.0,855.0,0.0,745.0,856.0,1653.0,1557.0,791.0,768.0,630.0,0.0,0.0,2325.0
Karnataka,2008.0,Rape,01. Rape,291.0,17.0,412.0,4.0,45.0,32.0,429.0,7.0,123.0,146.0,1121.0,1049.0,446.0,412.0,336.0,0.0,1.0,1461.0
Kerala,2008.0,Rape,01. Rape,247.0,16.0,467.0,1.0,38.0,28.0,483.0,1.0,566.0,510.0,3149.0,2968.0,568.0,467.0,285.0,0.0,0.0,3435.0
Lakshadweep,2008.0,Rape,01. Rape,0.0,1.0,1.0,0.0,1.0,0.0,2.0,0.0,0.0,0.0,2.0,2.0,2.0,1.0,1.0,0.0,0.0,3.0
Madhya Pradesh,2008.0,Rape,01. Rape,1892.0,51.0,2791.0,12.0,839.0,52.0,2842.0,0.0,247.0,204.0,7132.0,7084.0,2937.0,2791.0,2731.0,0.0,0.0,9875.0
Maharashtra,2008.0,Rape,01. Rape,889.0,24.0,1449.0,13.0,160.0,23.0,1473.0,1.0,531.0,470.0,11379.0,10992.0,1558.0,1449.0,1049.0,0.0,0.0,12441.0
Manipur,2008.0,Rape,01. Rape,0.0,6.0,6.0,0.0,0.0,0.0,12.0,0.0,127.0,101.0,57.0,51.0,38.0,6.0,0.0,0.0,0.0,57.0
Meghalaya,2008.0,Rape,01. Rape,15.0,5.0,41.0,0.0,11.0,0.0,46.0,0.0,231.0,189.0,370.0,355.0,88.0,41.0,26.0,0.0,0.0,396.0
Mizoram,2008.0,Rape,01. Rape,7.0,0.0,69.0,0.0,85.0,0.0,69.0,0.0,21.0,13.0,70.0,93.0,77.0,69.0,92.0,0.0,0.0,162.0
Nagaland,2008.0,Rape,01. Rape,2.0,3.0,18.0,1.0,13.0,0.0,21.0,0.0,7.0,9.0,22.0,20.0,19.0,18.0,15.0,0.0,0.0,38.0
Odisha,2008.0,Rape,01. Rape,486.0,18.0,883.0,0.0,159.0,23.0,901.0,1.0,778.0,590.0,3518.0,3280.0,1113.0,883.0,645.0,0.0,0.0,4163.0
Puducherry,2008.0,Rape,01. Rape,2.0,0.0,6.0,0.0,0.0,0.0,6.0,0.0,10.0,8.0,30.0,26.0,8.0,6.0,2.0,0.0,0.0,32.0
Punjab,2008.0,Rape,01. Rape,290.0,44.0,442.0,2.0,149.0,55.0,486.0,0.0,178.0,202.0,523.0,522.0,517.0,442.0,439.0,0.0,0.0,964.0
Rajasthan,2008.0,Rape,01. Rape,431.0,12.0,857.0,14.0,232.0,460.0,869.0,0.0,119.0,93.0,2183.0,2003.0,1355.0,857.0,663.0,0.0,0.0,2860.0
Sikkim,2008.0,Rape,01. Rape,2.0,0.0,20.0,0.0,5.0,0.0,20.0,0.0,17.0,17.0,57.0,44.0,20.0,20.0,7.0,0.0,0.0,64.0
Tamil Nadu,2008.0,Rape,01. Rape,323.0,22.0,466.0,4.0,109.0,26.0,488.0,1.0,403.0,345.0,1341.0,1311.0,573.0,466.0,432.0,0.0,0.0,1777.0
Tripura,2008.0,Rape,01. Rape,61.0,10.0,185.0,2.0,23.0,1.0,195.0,0.0,63.0,55.0,508.0,409.0,204.0,185.0,84.0,0.0,0.0,594.0
Uttar Pradesh,2008.0,Rape,01. Rape,693.0,117.0,1405.0,4.0,681.0,339.0,1522.0,0.0,108.0,98.0,4407.0,4380.0,1871.0,1405.0,1374.0,0.0,0.0,5785.0
Uttarakhand,2008.0,Rape,01. Rape,68.0,7.0,79.0,0.0,39.0,6.0,86.0,0.0,13.0,18.0,235.0,263.0,87.0,79.0,107.0,0.0,0.0,342.0
West Bengal,2008.0,Rape,01. Rape,767.0,177.0,1693.0,2.0,138.0,6.0,1870.0,1.0,1456.0,1070.0,9809.0,9023.0,2263.0,1693.0,905.0,0.0,0.0,10716.0
Andaman & Nicobar Islands,2009.0,Rape,01. Rape,2.0,3.0,14.0,0.0,1.0,0.0,17.0,0.0,13.0,12.0,45.0,34.0,18.0,14.0,3.0,0.0,0.0,48.0
Andhra Pradesh,2009.0,Rape,01. Rape,849.0,26.0,965.0,4.0,118.0,84.0,991.0,0.0,730.0,617.0,2406.0,2412.0,1188.0,965.0,967.0,0.0,0.0,3377.0
Arunachal Pradesh,2009.0,Rape,01. Rape,2.0,12.0,46.0,0.0,3.0,0.0,58.0,0.0,29.0,28.0,483.0,442.0,59.0,46.0,5.0,0.0,0.0,488.0
Assam,2009.0,Rape,01. Rape,371.0,248.0,1004.0,47.0,128.0,119.0,1252.0,6.0,2343.0,2089.0,4225.0,3767.0,1631.0,1004.0,499.0,0.0,0.0,4771.0
Bihar,2009.0,Rape,01. Rape,560.0,170.0,763.0,2.0,178.0,169.0,933.0,0.0,1118.0,1291.0,3621.0,3598.0,929.0,763.0,738.0,0.0,0.0,4361.0
Chandigarh,2009.0,Rape,01. Rape,12.0,1.0,17.0,0.0,16.0,1.0,18.0,0.0,17.0,7.0,48.0,59.0,29.0,17.0,28.0,0.0,0.0,76.0
Chhattisgarh,2009.0,Rape,01. Rape,612.0,10.0,982.0,1.0,219.0,23.0,992.0,0.0,95.0,134.0,3545.0,3395.0,976.0,982.0,831.0,0.0,0.0,4377.0
Dadra & Nagar Haveli,2009.0,Rape,01. Rape,1.0,0.0,4.0,0.0,1.0,0.0,4.0,0.0,5.0,5.0,13.0,11.0,4.0,4.0,2.0,0.0,0.0,15.0
Daman & Diu,2009.0,Rape,01. Rape,0.0,1.0,1.0,0.0,0.0,0.0,2.0,0.0,0.0,1.0,1.0,0.0,1.0,1.0,0.0,0.0,0.0,1.0
Delhi,2009.0,Rape,01. Rape,198.0,22.0,440.0,0.0,178.0,8.0,462.0,2.0,65.0,69.0,1368.0,1304.0,469.0,440.0,376.0,0.0,1.0,1744.0
Goa,2009.0,Rape,01. Rape,18.0,4.0,24.0,0.0,7.0,0.0,28.0,0.0,48.0,29.0,61.0,62.0,47.0,24.0,25.0,0.0,0.0,86.0
Gujarat,2009.0,Rape,01. Rape,150.0,21.0,377.0,2.0,33.0,5.0,398.0,2.0,82.0,54.0,2540.0,2348.0,433.0,377.0,183.0,0.0,0.0,2725.0
Haryana,2009.0,Rape,01. Rape,350.0,8.0,525.0,0.0,125.0,70.0,533.0,0.0,89.0,89.0,889.0,839.0,603.0,525.0,475.0,0.0,0.0,1364.0
Himachal Pradesh,2009.0,Rape,01. Rape,89.0,2.0,176.0,0.0,29.0,25.0,178.0,0.0,56.0,76.0,446.0,388.0,183.0,176.0,118.0,0.0,0.0,564.0
Jammu & Kashmir,2009.0,Rape,01. Rape,194.0,7.0,196.0,6.0,12.0,52.0,203.0,0.0,84.0,102.0,961.0,977.0,237.0,196.0,206.0,0.0,0.0,1173.0
Jharkhand,2009.0,Rape,01. Rape,428.0,49.0,687.0,23.0,294.0,46.0,736.0,0.0,682.0,745.0,1595.0,1653.0,719.0,687.0,722.0,0.0,0.0,2340.0
Karnataka,2009.0,Rape,01. Rape,309.0,37.0,401.0,10.0,33.0,15.0,438.0,7.0,172.0,123.0,1170.0,1121.0,509.0,401.0,342.0,0.0,0.0,1522.0
Kerala,2009.0,Rape,01. Rape,283.0,18.0,615.0,1.0,53.0,19.0,633.0,0.0,482.0,566.0,3427.0,3149.0,568.0,615.0,336.0,0.0,0.0,3764.0
Lakshadweep,2009.0,Rape,01. Rape,0.0,1.0,0.0,0.0,0.0,0.0,1.0,0.0,0.0,0.0,2.0,2.0,1.0,0.0,0.0,0.0,0.0,2.0
Madhya Pradesh,2009.0,Rape,01. Rape,1716.0,34.0,2951.0,8.0,562.0,37.0,2985.0,0.0,223.0,247.0,7797.0,7132.0,2998.0,2951.0,2278.0,0.0,0.0,10083.0
Maharashtra,2009.0,Rape,01. Rape,771.0,41.0,1433.0,4.0,182.0,25.0,1474.0,0.0,515.0,531.0,11855.0,11379.0,1483.0,1433.0,953.0,0.0,0.0,12812.0
Manipur,2009.0,Rape,01. Rape,0.0,7.0,5.0,0.0,0.0,0.0,12.0,0.0,146.0,127.0,62.0,57.0,31.0,5.0,0.0,0.0,0.0,62.0
Meghalaya,2009.0,Rape,01. Rape,16.0,27.0,67.0,0.0,7.0,0.0,94.0,0.0,249.0,231.0,414.0,370.0,112.0,67.0,23.0,0.0,0.0,437.0
Mizoram,2009.0,Rape,01. Rape,8.0,3.0,86.0,0.0,58.0,0.0,89.0,0.0,15.0,21.0,90.0,70.0,83.0,86.0,66.0,0.0,0.0,156.0
Nagaland,2009.0,Rape,01. Rape,1.0,2.0,25.0,0.0,10.0,0.0,27.0,0.0,2.0,7.0,36.0,22.0,22.0,25.0,11.0,0.0,0.0,47.0
Odisha,2009.0,Rape,01. Rape,527.0,8.0,834.0,0.0,146.0,28.0,842.0,1.0,930.0,778.0,3679.0,3518.0,1023.0,834.0,673.0,0.0,0.0,4352.0
Puducherry,2009.0,Rape,01. Rape,2.0,0.0,8.0,0.0,4.0,1.0,8.0,0.0,2.0,10.0,32.0,30.0,1.0,8.0,6.0,0.0,0.0,38.0
Punjab,2009.0,Rape,01. Rape,307.0,52.0,440.0,0.0,158.0,49.0,492.0,0.0,148.0,178.0,498.0,523.0,511.0,440.0,465.0,0.0,0.0,963.0
Rajasthan,2009.0,Rape,01. Rape,385.0,13.0,967.0,14.0,221.0,518.0,980.0,0.0,140.0,119.0,2530.0,2183.0,1519.0,967.0,606.0,0.0,0.0,3150.0
Sikkim,2009.0,Rape,01. Rape,12.0,0.0,19.0,1.0,5.0,0.0,19.0,0.0,16.0,17.0,58.0,57.0,18.0,19.0,17.0,0.0,0.0,76.0
Tamil Nadu,2009.0,Rape,01. Rape,315.0,20.0,515.0,7.0,91.0,25.0,535.0,0.0,439.0,403.0,1443.0,1341.0,596.0,515.0,406.0,0.0,0.0,1856.0
Tripura,2009.0,Rape,01. Rape,72.0,10.0,169.0,2.0,24.0,0.0,179.0,0.0,74.0,63.0,579.0,508.0,190.0,169.0,96.0,0.0,0.0,677.0
Uttar Pradesh,2009.0,Rape,01. Rape,730.0,116.0,1312.0,0.0,623.0,341.0,1428.0,0.0,98.0,108.0,4366.0,4407.0,1759.0,1312.0,1353.0,0.0,0.0,5719.0
Uttarakhand,2009.0,Rape,01. Rape,45.0,7.0,98.0,0.0,49.0,15.0,105.0,0.0,4.0,13.0,239.0,235.0,111.0,98.0,94.0,0.0,0.0,333.0
West Bengal,2009.0,Rape,01. Rape,731.0,108.0,1572.0,2.0,130.0,4.0,1680.0,0.0,2108.0,1456.0,10518.0,9809.0,2336.0,1572.0,861.0,0.0,0.0,11381.0
Andaman & Nicobar Islands,2010.0,Rape,01. Rape,0.0,0.0,20.0,0.0,0.0,0.0,20.0,0.0,17.0,13.0,65.0,45.0,24.0,20.0,0.0,0.0,0.0,65.0
Andhra Pradesh,2010.0,Rape,01. Rape,890.0,22.0,1210.0,6.0,141.0,89.0,1232.0,3.0,768.0,730.0,2579.0,2406.0,1362.0,1210.0,1031.0,0.0,0.0,3616.0
Arunachal Pradesh,2010.0,Rape,01. Rape,2.0,6.0,34.0,2.0,4.0,0.0,40.0,0.0,36.0,29.0,509.0,483.0,47.0,34.0,6.0,0.0,0.0,517.0
Assam,2010.0,Rape,01. Rape,431.0,282.0,1110.0,44.0,95.0,115.0,1392.0,32.0,2525.0,2343.0,4765.0,4225.0,1721.0,1110.0,526.0,0.0,0.0,5335.0
Bihar,2010.0,Rape,01. Rape,646.0,154.0,533.0,0.0,227.0,100.0,687.0,0.0,1126.0,1118.0,3281.0,3621.0,795.0,533.0,873.0,0.0,0.0,4154.0
Chandigarh,2010.0,Rape,01. Rape,17.0,1.0,29.0,0.0,14.0,6.0,30.0,0.0,12.0,17.0,46.0,48.0,31.0,29.0,31.0,0.0,0.0,77.0
Chhattisgarh,2010.0,Rape,01. Rape,621.0,18.0,942.0,2.0,204.0,16.0,960.0,0.0,131.0,95.0,3660.0,3545.0,1012.0,942.0,825.0,0.0,0.0,4487.0
Dadra & Nagar Haveli,2010.0,Rape,01. Rape,2.0,0.0,4.0,0.0,2.0,0.0,4.0,0.0,4.0,5.0,13.0,13.0,3.0,4.0,4.0,0.0,0.0,17.0
Daman & Diu,2010.0,Rape,01. Rape,0.0,0.0,1.0,0.0,0.0,0.0,1.0,0.0,0.0,0.0,2.0,1.0,1.0,1.0,0.0,0.0,0.0,2.0
Delhi,2010.0,Rape,01. Rape,266.0,30.0,449.0,0.0,141.0,13.0,479.0,1.0,78.0,65.0,1410.0,1368.0,507.0,449.0,407.0,0.0,1.0,1817.0
Goa,2010.0,Rape,01. Rape,22.0,2.0,44.0,0.0,5.0,2.0,46.0,0.0,36.0,48.0,78.0,61.0,36.0,44.0,27.0,0.0,0.0,105.0
Gujarat,2010.0,Rape,01. Rape,154.0,25.0,391.0,2.0,33.0,3.0,416.0,1.0,70.0,82.0,2742.0,2540.0,408.0,391.0,187.0,0.0,0.0,2931.0
Haryana,2010.0,Rape,01. Rape,343.0,15.0,590.0,0.0,113.0,99.0,605.0,0.0,105.0,89.0,1023.0,889.0,720.0,590.0,456.0,0.0,0.0,1479.0
Himachal Pradesh,2010.0,Rape,01. Rape,89.0,3.0,139.0,1.0,21.0,25.0,142.0,0.0,49.0,56.0,474.0,446.0,160.0,139.0,110.0,0.0,0.0,585.0
Jammu & Kashmir,2010.0,Rape,01. Rape,140.0,1.0,177.0,1.0,3.0,55.0,178.0,0.0,96.0,84.0,994.0,961.0,245.0,177.0,143.0,0.0,0.0,1138.0
Jharkhand,2010.0,Rape,01. Rape,425.0,69.0,705.0,17.0,171.0,60.0,774.0,0.0,621.0,682.0,1687.0,1595.0,773.0,705.0,596.0,0.0,0.0,2300.0
Karnataka,2010.0,Rape,01. Rape,296.0,28.0,512.0,1.0,54.0,16.0,540.0,3.0,199.0,172.0,1331.0,1170.0,586.0,512.0,350.0,0.0,0.0,1682.0
Kerala,2010.0,Rape,01. Rape,211.0,18.0,644.0,0.0,45.0,18.0,662.0,1.0,435.0,482.0,3815.0,3427.0,634.0,644.0,256.0,0.0,0.0,4071.0
Lakshadweep,2010.0,Rape,01. Rape,0.0,0.0,0.0,0.0,0.0,0.0,0.0,0.0,0.0,0.0,2.0,2.0,0.0,0.0,0.0,0.0,0.0,2.0
Madhya Pradesh,2010.0,Rape,01. Rape,1974.0,36.0,3089.0,27.0,777.0,34.0,3125.0,0.0,199.0,223.0,8108.0,7797.0,3135.0,3089.0,2751.0,0.0,0.0,10886.0
Maharashtra,2010.0,Rape,01. Rape,902.0,29.0,1458.0,11.0,146.0,20.0,1487.0,1.0,606.0,515.0,12254.0,11855.0,1599.0,1458.0,1048.0,0.0,0.0,13313.0
Manipur,2010.0,Rape,01. Rape,2.0,11.0,4.0,0.0,1.0,0.0,15.0,0.0,165.0,146.0,63.0,62.0,34.0,4.0,3.0,0.0,0.0,66.0
Meghalaya,2010.0,Rape,01. Rape,5.0,11.0,80.0,2.0,4.0,1.0,91.0,0.0,306.0,249.0,483.0,414.0,149.0,80.0,9.0,0.0,0.0,494.0
Mizoram,2010.0,Rape,01. Rape,3.0,0.0,94.0,0.0,84.0,0.0,94.0,0.0,13.0,15.0,97.0,90.0,92.0,94.0,87.0,0.0,0.0,184.0
Nagaland,2010.0,Rape,01. Rape,5.0,1.0,13.0,0.0,14.0,0.0,14.0,0.0,4.0,2.0,30.0,36.0,16.0,13.0,19.0,0.0,0.0,49.0
Odisha,2010.0,Rape,01. Rape,534.0,19.0,1126.0,0.0,132.0,63.0,1145.0,1.0,746.0,930.0,4139.0,3679.0,1025.0,1126.0,666.0,0.0,0.0,4805.0
Puducherry,2010.0,Rape,01. Rape,0.0,0.0,2.0,0.0,1.0,0.0,2.0,0.0,3.0,2.0,33.0,32.0,3.0,2.0,1.0,0.0,0.0,34.0
Punjab,2010.0,Rape,01. Rape,324.0,31.0,438.0,0.0,166.0,62.0,469.0,0.0,208.0,193.0,457.0,509.0,546.0,438.0,490.0,0.0,0.0,947.0
Rajasthan,2010.0,Rape,01. Rape,454.0,11.0,972.0,16.0,202.0,550.0,983.0,0.0,178.0,140.0,2830.0,2530.0,1571.0,972.0,656.0,0.0,0.0,3502.0
Sikkim,2010.0,Rape,01. Rape,1.0,0.0,31.0,0.0,2.0,0.0,31.0,0.0,3.0,16.0,86.0,58.0,18.0,31.0,3.0,0.0,0.0,89.0
Tamil Nadu,2010.0,Rape,01. Rape,327.0,38.0,487.0,1.0,105.0,35.0,525.0,0.0,565.0,439.0,1497.0,1443.0,686.0,487.0,432.0,0.0,0.0,1930.0
Tripura,2010.0,Rape,01. Rape,84.0,8.0,185.0,1.0,28.0,2.0,193.0,0.0,117.0,74.0,651.0,579.0,238.0,185.0,112.0,0.0,0.0,764.0
Uttar Pradesh,2010.0,Rape,01. Rape,687.0,108.0,1171.0,0.0,705.0,272.0,1279.0,0.0,110.0,98.0,4145.0,4366.0,1563.0,1171.0,1392.0,0.0,0.0,5537.0
Uttarakhand,2010.0,Rape,01. Rape,53.0,5.0,104.0,0.0,58.0,11.0,109.0,0.0,5.0,4.0,232.0,239.0,121.0,104.0,111.0,0.0,0.0,343.0
West Bengal,2010.0,Rape,01. Rape,565.0,94.0,1866.0,15.0,90.0,14.0,1960.0,1.0,2444.0,2108.0,11714.0,10518.0,2311.0,1866.0,655.0,0.0,0.0,12384.0
Andaman & Nicobar Islands,2001.0,Kidnapping & Abduction - Women & Girls,02. Kidnapping & Abduction of Women & Girls,2.0,1.0,3.0,0.0,0.0,0.0,4.0,0.0,0.0,2.0,16.0,15.0,2.0,3.0,2.0,0.0,0.0,18.0
Andhra Pradesh,2001.0,Kidnapping & Abduction - Women & Girls,02. Kidnapping & Abduction of Women & Girls,233.0,23.0,454.0,28.0,30.0,206.0,477.0,45.0,322.0,285.0,1128.0,965.0,765.0,454.0,263.0,0.0,0.0,1419.0
Arunachal Pradesh,2001.0,Kidnapping & Abduction - Women & Girls,02. Kidnapping & Abduction of Women & Girls,5.0,9.0,34.0,0.0,4.0,0.0,43.0,0.0,19.0,7.0,233.0,208.0,55.0,34.0,9.0,0.0,0.0,242.0
Assam,2001.0,Kidnapping & Abduction - Women & Girls,02. Kidnapping & Abduction of Women & Girls,307.0,361.0,437.0,29.0,64.0,115.0,798.0,2.0,2036.0,1881.0,1662.0,1625.0,1070.0,437.0,371.0,0.0,0.0,2062.0
Bihar,2001.0,Kidnapping & Abduction - Women & Girls,02. Kidnapping & Abduction of Women & Girls,221.0,98.0,398.0,3.0,76.0,69.0,496.0,0.0,584.0,631.0,2920.0,2822.0,518.0,398.0,297.0,0.0,0.0,3220.0
Chandigarh,2001.0,Kidnapping & Abduction - Women & Girls,02. Kidnapping & Abduction of Women & Girls,11.0,4.0,19.0,0.0,1.0,25.0,23.0,0.0,12.0,10.0,58.0,51.0,50.0,19.0,12.0,0.0,0.0,70.0
Chhattisgarh,2001.0,Kidnapping & Abduction - Women & Girls,02. Kidnapping & Abduction of Women & Girls,51.0,15.0,160.0,2.0,17.0,2.0,175.0,3.0,34.0,43.0,917.0,827.0,171.0,160.0,68.0,0.0,0.0,987.0
Dadra & Nagar Haveli,2001.0,Kidnapping & Abduction - Women & Girls,02. Kidnapping & Abduction of Women & Girls,0.0,3.0,2.0,0.0,0.0,0.0,5.0,0.0,3.0,6.0,7.0,5.0,2.0,2.0,0.0,0.0,0.0,7.0
Daman & Diu,2001.0,Kidnapping & Abduction - Women & Girls,02. Kidnapping & Abduction of Women & Girls,2.0,2.0,0.0,0.0,0.0,0.0,2.0,0.0,1.0,0.0,2.0,4.0,3.0,0.0,2.0,0.0,0.0,4.0
Delhi,2001.0,Kidnapping & Abduction - Women & Girls,02. Kidnapping & Abduction of Women & Girls,757.0,513.0,324.0,0.0,433.0,188.0,837.0,0.0,901.0,962.0,175.0,1041.0,964.0,324.0,1190.0,0.0,0.0,1365.0
Goa,2001.0,Kidnapping & Abduction - Women & Girls,02. Kidnapping & Abduction of Women & Girls,17.0,5.0,1.0,0.0,5.0,0.0,6.0,0.0,5.0,5.0,20.0,41.0,6.0,1.0,22.0,0.0,0.0,42.0
Gujarat,2001.0,Kidnapping & Abduction - Women & Girls,02. Kidnapping & Abduction of Women & Girls,251.0,145.0,628.0,18.0,25.0,117.0,773.0,4.0,123.0,160.0,4410.0,4076.0,857.0,628.0,276.0,0.0,0.0,4704.0
Haryana,2001.0,Kidnapping & Abduction - Women & Girls,02. Kidnapping & Abduction of Women & Girls,138.0,20.0,172.0,0.0,36.0,91.0,192.0,0.0,67.0,53.0,707.0,709.0,297.0,172.0,174.0,0.0,0.0,881.0
Himachal Pradesh,2001.0,Kidnapping & Abduction - Women & Girls,02. Kidnapping & Abduction of Women & Girls,30.0,7.0,35.0,0.0,3.0,68.0,42.0,0.0,32.0,37.0,168.0,166.0,105.0,35.0,33.0,0.0,0.0,201.0
Jammu & Kashmir,2001.0,Kidnapping & Abduction - Women & Girls,02. Kidnapping & Abduction of Women & Girls,223.0,33.0,364.0,18.0,0.0,148.0,397.0,0.0,247.0,288.0,2121.0,1998.0,504.0,364.0,223.0,0.0,0.0,2362.0
Jharkhand,2001.0,Kidnapping & Abduction - Women & Girls,02. Kidnapping & Abduction of Women & Girls,82.0,54.0,205.0,0.0,33.0,32.0,259.0,0.0,70.0,82.0,1019.0,929.0,279.0,205.0,115.0,0.0,0.0,1134.0
Karnataka,2001.0,Kidnapping & Abduction - Women & Girls,02. Kidnapping & Abduction of Women & Girls,158.0,44.0,167.0,4.0,8.0,77.0,211.0,2.0,84.0,103.0,690.0,693.0,271.0,167.0,166.0,0.0,0.0,860.0
Kerala,2001.0,Kidnapping & Abduction - Women & Girls,02. Kidnapping & Abduction of Women & Girls,50.0,11.0,61.0,2.0,3.0,21.0,72.0,9.0,52.0,57.0,365.0,359.0,97.0,61.0,53.0,0.0,0.0,420.0
Lakshadweep,2001.0,Kidnapping & Abduction - Women & Girls,02. Kidnapping & Abduction of Women & Girls,0.0,0.0,0.0,0.0,0.0,0.0,0.0,0.0,0.0,0.0,0.0,0.0,0.0,0.0,0.0,0.0,0.0,0.0
Madhya Pradesh,2001.0,Kidnapping & Abduction - Women & Girls,02. Kidnapping & Abduction of Women & Girls,119.0,155.0,471.0,115.0,74.0,24.0,626.0,0.0,135.0,130.0,2767.0,2631.0,668.0,471.0,193.0,27.0,13.0,3075.0
Maharashtra,2001.0,Kidnapping & Abduction - Women & Girls,02. Kidnapping & Abduction of Women & Girls,376.0,104.0,496.0,38.0,32.0,96.0,600.0,1.0,153.0,239.0,4912.0,4862.0,611.0,496.0,408.0,0.0,0.0,5358.0
Manipur,2001.0,Kidnapping & Abduction - Women & Girls,02. Kidnapping & Abduction of Women & Girls,2.0,92.0,1.0,0.0,0.0,0.0,93.0,0.0,54.0,85.0,29.0,30.0,62.0,1.0,2.0,0.0,0.0,31.0
Meghalaya,2001.0,Kidnapping & Abduction - Women & Girls,02. Kidnapping & Abduction of Women & Girls,3.0,5.0,6.0,0.0,0.0,0.0,11.0,0.0,15.0,15.0,78.0,75.0,11.0,6.0,3.0,0.0,0.0,81.0
Mizoram,2001.0,Kidnapping & Abduction - Women & Girls,02. Kidnapping & Abduction of Women & Girls,0.0,0.0,1.0,0.0,3.0,0.0,1.0,0.0,0.0,0.0,1.0,3.0,1.0,1.0,3.0,0.0,0.0,4.0
Nagaland,2001.0,Kidnapping & Abduction - Women & Girls,02. Kidnapping & Abduction of Women & Girls,0.0,0.0,2.0,0.0,1.0,0.0,2.0,0.0,17.0,13.0,31.0,30.0,6.0,2.0,1.0,0.0,0.0,32.0
Odisha,2001.0,Kidnapping & Abduction - Women & Girls,02. Kidnapping & Abduction of Women & Girls,260.0,29.0,349.0,0.0,41.0,55.0,378.0,0.0,229.0,228.0,1323.0,1275.0,434.0,349.0,301.0,0.0,0.0,1624.0
Puducherry,2001.0,Kidnapping & Abduction - Women & Girls,02. Kidnapping & Abduction of Women & Girls,0.0,0.0,1.0,0.0,1.0,1.0,1.0,1.0,1.0,1.0,9.0,9.0,3.0,1.0,1.0,0.0,0.0,10.0
Punjab,2001.0,Kidnapping & Abduction - Women & Girls,02. Kidnapping & Abduction of Women & Girls,78.0,70.0,133.0,2.0,19.0,103.0,203.0,1.0,242.0,225.0,459.0,425.0,324.0,133.0,97.0,0.0,0.0,558.0
Rajasthan,2001.0,Kidnapping & Abduction - Women & Girls,02. Kidnapping & Abduction of Women & Girls,510.0,244.0,630.0,27.0,187.0,1387.0,874.0,0.0,87.0,183.0,4232.0,4326.0,2165.0,630.0,697.0,0.0,0.0,4956.0
Sikkim,2001.0,Kidnapping & Abduction - Women & Girls,02. Kidnapping & Abduction of Women & Girls,0.0,0.0,0.0,0.0,0.0,0.0,0.0,0.0,2.0,0.0,0.0,0.0,2.0,0.0,0.0,0.0,0.0,0.0
Tamil Nadu,2001.0,Kidnapping & Abduction - Women & Girls,02. Kidnapping & Abduction of Women & Girls,190.0,82.0,340.0,23.0,60.0,204.0,422.0,58.0,352.0,440.0,979.0,912.0,607.0,340.0,250.0,0.0,11.0,1252.0
Tripura,2001.0,Kidnapping & Abduction - Women & Girls,02. Kidnapping & Abduction of Women & Girls,12.0,4.0,13.0,0.0,2.0,0.0,17.0,0.0,32.0,14.0,23.0,24.0,35.0,13.0,14.0,0.0,0.0,37.0
Uttar Pradesh,2001.0,Kidnapping & Abduction - Women & Girls,02. Kidnapping & Abduction of Women & Girls,710.0,694.0,1863.0,63.0,789.0,273.0,2557.0,0.0,559.0,510.0,6707.0,6406.0,2879.0,1863.0,1499.0,0.0,0.0,8269.0
Uttarakhand,2001.0,Kidnapping & Abduction - Women & Girls,02. Kidnapping & Abduction of Women & Girls,44.0,31.0,82.0,5.0,38.0,12.0,113.0,0.0,18.0,17.0,284.0,289.0,126.0,82.0,82.0,0.0,0.0,371.0
West Bengal,2001.0,Kidnapping & Abduction - Women & Girls,02. Kidnapping & Abduction of Women & Girls,209.0,227.0,889.0,12.0,18.0,167.0,1116.0,1.0,1473.0,2062.0,4296.0,3646.0,695.0,889.0,227.0,0.0,0.0,4535.0
Andaman & Nicobar Islands,2002.0,Kidnapping & Abduction - Women & Girls,02. Kidnapping & Abduction of Women & Girls,2.0,0.0,1.0,0.0,0.0,0.0,1.0,0.0,0.0,0.0,15.0,16.0,1.0,1.0,2.0,0.0,0.0,17.0
Andhra Pradesh,2002.0,Kidnapping & Abduction - Women & Girls,02. Kidnapping & Abduction of Women & Girls,375.0,53.0,438.0,22.0,28.0,349.0,491.0,1.0,335.0,322.0,1141.0,1128.0,854.0,438.0,403.0,0.0,0.0,1566.0
Arunachal Pradesh,2002.0,Kidnapping & Abduction - Women & Girls,02. Kidnapping & Abduction of Women & Girls,0.0,25.0,23.0,0.0,0.0,0.0,48.0,0.0,9.0,19.0,256.0,233.0,38.0,23.0,0.0,0.0,0.0,256.0
Assam,2002.0,Kidnapping & Abduction - Women & Girls,02. Kidnapping & Abduction of Women & Girls,236.0,329.0,557.0,31.0,65.0,108.0,886.0,2.0,2316.0,2036.0,1887.0,1662.0,1276.0,557.0,301.0,0.0,0.0,2219.0
Bihar,2002.0,Kidnapping & Abduction - Women & Girls,02. Kidnapping & Abduction of Women & Girls,242.0,138.0,447.0,0.0,81.0,113.0,585.0,0.0,630.0,584.0,3044.0,2920.0,744.0,447.0,323.0,0.0,0.0,3367.0
Chandigarh,2002.0,Kidnapping & Abduction - Women & Girls,02. Kidnapping & Abduction of Women & Girls,12.0,6.0,24.0,0.0,4.0,20.0,30.0,0.0,9.0,12.0,66.0,58.0,47.0,24.0,16.0,0.0,0.0,82.0
Chhattisgarh,2002.0,Kidnapping & Abduction - Women & Girls,02. Kidnapping & Abduction of Women & Girls,137.0,20.0,138.0,51.0,39.0,3.0,158.0,1.0,27.0,35.0,821.0,910.0,154.0,138.0,176.0,0.0,0.0,1048.0
Dadra & Nagar Haveli,2002.0,Kidnapping & Abduction - Women & Girls,02. Kidnapping & Abduction of Women & Girls,1.0,2.0,5.0,0.0,0.0,1.0,7.0,0.0,1.0,4.0,11.0,7.0,5.0,5.0,1.0,0.0,0.0,12.0
Daman & Diu,2002.0,Kidnapping & Abduction - Women & Girls,02. Kidnapping & Abduction of Women & Girls,2.0,2.0,0.0,0.0,0.0,0.0,2.0,0.0,1.0,1.0,0.0,2.0,2.0,0.0,2.0,0.0,0.0,2.0
Delhi,2002.0,Kidnapping & Abduction - Women & Girls,02. Kidnapping & Abduction of Women & Girls,51.0,300.0,302.0,0.0,25.0,155.0,602.0,36.0,985.0,901.0,401.0,175.0,893.0,302.0,76.0,0.0,16.0,477.0
Goa,2002.0,Kidnapping & Abduction - Women & Girls,02. Kidnapping & Abduction of Women & Girls,5.0,3.0,3.0,0.0,0.0,0.0,6.0,0.0,4.0,5.0,18.0,20.0,5.0,3.0,5.0,0.0,0.0,23.0
Gujarat,2002.0,Kidnapping & Abduction - Women & Girls,02. Kidnapping & Abduction of Women & Girls,246.0,133.0,554.0,10.0,38.0,116.0,687.0,1.0,126.0,123.0,4670.0,4410.0,807.0,554.0,284.0,0.0,0.0,4964.0
Haryana,2002.0,Kidnapping & Abduction - Women & Girls,02. Kidnapping & Abduction of Women & Girls,185.0,30.0,204.0,1.0,53.0,84.0,234.0,0.0,39.0,67.0,672.0,707.0,290.0,204.0,238.0,0.0,0.0,911.0
Himachal Pradesh,2002.0,Kidnapping & Abduction - Women & Girls,02. Kidnapping & Abduction of Women & Girls,26.0,6.0,56.0,0.0,9.0,57.0,62.0,0.0,29.0,32.0,189.0,168.0,116.0,56.0,35.0,0.0,0.0,224.0
Jammu & Kashmir,2002.0,Kidnapping & Abduction - Women & Girls,02. Kidnapping & Abduction of Women & Girls,257.0,20.0,388.0,14.0,3.0,122.0,408.0,0.0,313.0,247.0,2235.0,2121.0,596.0,388.0,260.0,0.0,0.0,2509.0
Jharkhand,2002.0,Kidnapping & Abduction - Women & Girls,02. Kidnapping & Abduction of Women & Girls,115.0,23.0,108.0,3.0,26.0,29.0,131.0,0.0,81.0,63.0,778.0,814.0,178.0,108.0,141.0,0.0,0.0,922.0
Karnataka,2002.0,Kidnapping & Abduction - Women & Girls,02. Kidnapping & Abduction of Women & Girls,117.0,49.0,156.0,3.0,5.0,68.0,205.0,6.0,105.0,84.0,721.0,690.0,300.0,156.0,122.0,0.0,0.0,846.0
Kerala,2002.0,Kidnapping & Abduction - Women & Girls,02. Kidnapping & Abduction of Women & Girls,60.0,8.0,57.0,3.0,6.0,25.0,65.0,5.0,48.0,52.0,353.0,365.0,91.0,57.0,66.0,0.0,0.0,422.0
Lakshadweep,2002.0,Kidnapping & Abduction - Women & Girls,02. Kidnapping & Abduction of Women & Girls,0.0,0.0,0.0,0.0,0.0,0.0,0.0,0.0,0.0,0.0,0.0,0.0,0.0,0.0,0.0,0.0,0.0,0.0
Madhya Pradesh,2002.0,Kidnapping & Abduction - Women & Girls,02. Kidnapping & Abduction of Women & Girls,353.0,78.0,532.0,18.0,96.0,31.0,610.0,0.0,133.0,135.0,2832.0,2767.0,639.0,532.0,449.0,0.0,0.0,3299.0
Maharashtra,2002.0,Kidnapping & Abduction - Women & Girls,02. Kidnapping & Abduction of Women & Girls,533.0,74.0,471.0,27.0,29.0,96.0,545.0,0.0,162.0,153.0,4794.0,4912.0,650.0,471.0,562.0,0.0,0.0,5383.0
Manipur,2002.0,Kidnapping & Abduction - Women & Girls,02. Kidnapping & Abduction of Women & Girls,0.0,61.0,1.0,0.0,1.0,0.0,62.0,1.0,73.0,54.0,29.0,29.0,82.0,1.0,1.0,0.0,0.0,30.0
Meghalaya,2002.0,Kidnapping & Abduction - Women & Girls,02. Kidnapping & Abduction of Women & Girls,3.0,0.0,8.0,1.0,0.0,0.0,8.0,0.0,17.0,15.0,82.0,78.0,10.0,8.0,3.0,0.0,0.0,86.0
Mizoram,2002.0,Kidnapping & Abduction - Women & Girls,02. Kidnapping & Abduction of Women & Girls,0.0,0.0,1.0,0.0,1.0,0.0,1.0,0.0,1.0,0.0,2.0,2.0,2.0,1.0,1.0,0.0,0.0,3.0
Nagaland,2002.0,Kidnapping & Abduction - Women & Girls,02. Kidnapping & Abduction of Women & Girls,0.0,0.0,2.0,0.0,0.0,0.0,2.0,0.0,18.0,17.0,33.0,31.0,4.0,2.0,0.0,0.0,1.0,33.0
Odisha,2002.0,Kidnapping & Abduction - Women & Girls,02. Kidnapping & Abduction of Women & Girls,276.0,33.0,306.0,0.0,39.0,85.0,339.0,0.0,237.0,229.0,1314.0,1323.0,432.0,306.0,315.0,0.0,0.0,1629.0
Puducherry,2002.0,Kidnapping & Abduction - Women & Girls,02. Kidnapping & Abduction of Women & Girls,4.0,0.0,3.0,0.0,1.0,1.0,3.0,1.0,2.0,1.0,7.0,9.0,6.0,3.0,5.0,0.0,0.0,12.0
Punjab,2002.0,Kidnapping & Abduction - Women & Girls,02. Kidnapping & Abduction of Women & Girls,74.0,57.0,149.0,4.0,36.0,100.0,206.0,5.0,285.0,242.0,494.0,459.0,354.0,149.0,110.0,0.0,0.0,608.0
Rajasthan,2002.0,Kidnapping & Abduction - Women & Girls,02. Kidnapping & Abduction of Women & Girls,607.0,207.0,545.0,39.0,190.0,1212.0,752.0,0.0,142.0,87.0,3941.0,4232.0,2019.0,545.0,797.0,0.0,0.0,4777.0
Sikkim,2002.0,Kidnapping & Abduction - Women & Girls,02. Kidnapping & Abduction of Women & Girls,2.0,1.0,2.0,0.0,0.0,0.0,3.0,0.0,1.0,2.0,0.0,0.0,2.0,2.0,2.0,0.0,0.0,2.0
Tamil Nadu,2002.0,Kidnapping & Abduction - Women & Girls,02. Kidnapping & Abduction of Women & Girls,363.0,80.0,357.0,20.0,66.0,300.0,437.0,39.0,283.0,352.0,887.0,979.0,714.0,357.0,429.0,0.0,7.0,1336.0
Tripura,2002.0,Kidnapping & Abduction - Women & Girls,02. Kidnapping & Abduction of Women & Girls,10.0,10.0,29.0,0.0,1.0,0.0,39.0,0.0,41.0,32.0,41.0,23.0,48.0,29.0,11.0,0.0,0.0,52.0
Uttar Pradesh,2002.0,Kidnapping & Abduction - Women & Girls,02. Kidnapping & Abduction of Women & Girls,868.0,588.0,1764.0,34.0,825.0,281.0,2352.0,0.0,224.0,559.0,6744.0,6707.0,2298.0,1764.0,1693.0,0.0,0.0,8471.0
Uttarakhand,2002.0,Kidnapping & Abduction - Women & Girls,02. Kidnapping & Abduction of Women & Girls,31.0,38.0,94.0,0.0,52.0,15.0,132.0,0.0,26.0,18.0,295.0,284.0,155.0,94.0,83.0,0.0,0.0,378.0
West Bengal,2002.0,Kidnapping & Abduction - Women & Girls,02. Kidnapping & Abduction of Women & Girls,370.0,173.0,1073.0,10.0,71.0,29.0,1246.0,1.0,891.0,1473.0,4918.0,4296.0,694.0,1073.0,441.0,0.0,0.0,5369.0
Andaman & Nicobar Islands,2003.0,Kidnapping & Abduction - Women & Girls,02. Kidnapping & Abduction of Women & Girls,0.0,0.0,0.0,0.0,0.0,0.0,0.0,0.0,2.0,0.0,15.0,15.0,2.0,0.0,0.0,0.0,0.0,15.0
Andhra Pradesh,2003.0,Kidnapping & Abduction - Women & Girls,02. Kidnapping & Abduction of Women & Girls,243.0,46.0,543.0,10.0,31.0,298.0,589.0,13.0,366.0,335.0,1400.0,1141.0,931.0,543.0,274.0,0.0,0.0,1684.0
Arunachal Pradesh,2003.0,Kidnapping & Abduction - Women & Girls,02. Kidnapping & Abduction of Women & Girls,0.0,19.0,23.0,0.0,1.0,0.0,42.0,0.0,18.0,9.0,278.0,256.0,51.0,23.0,1.0,0.0,0.0,279.0
Assam,2003.0,Kidnapping & Abduction - Women & Girls,02. Kidnapping & Abduction of Women & Girls,321.0,454.0,689.0,63.0,102.0,284.0,1143.0,4.0,2236.0,2316.0,2090.0,1887.0,1351.0,689.0,423.0,0.0,0.0,2576.0
Bihar,2003.0,Kidnapping & Abduction - Women & Girls,02. Kidnapping & Abduction of Women & Girls,255.0,124.0,420.0,5.0,77.0,76.0,544.0,0.0,684.0,630.0,3120.0,3044.0,674.0,420.0,332.0,7.0,0.0,3457.0
Chandigarh,2003.0,Kidnapping & Abduction - Women & Girls,02. Kidnapping & Abduction of Women & Girls,9.0,3.0,10.0,0.0,2.0,16.0,13.0,0.0,8.0,9.0,65.0,66.0,28.0,10.0,11.0,0.0,0.0,76.0
Chhattisgarh,2003.0,Kidnapping & Abduction - Women & Girls,02. Kidnapping & Abduction of Women & Girls,62.0,18.0,105.0,111.0,25.0,5.0,123.0,1.0,44.0,24.0,727.0,820.0,149.0,105.0,87.0,0.0,0.0,925.0
Dadra & Nagar Haveli,2003.0,Kidnapping & Abduction - Women & Girls,02. Kidnapping & Abduction of Women & Girls,4.0,0.0,2.0,0.0,1.0,0.0,2.0,0.0,3.0,1.0,8.0,11.0,4.0,2.0,5.0,0.0,0.0,13.0
Daman & Diu,2003.0,Kidnapping & Abduction - Women & Girls,02. Kidnapping & Abduction of Women & Girls,0.0,2.0,0.0,0.0,0.0,0.0,2.0,0.0,0.0,1.0,1.0,1.0,1.0,0.0,0.0,0.0,0.0,1.0
Delhi,2003.0,Kidnapping & Abduction - Women & Girls,02. Kidnapping & Abduction of Women & Girls,118.0,326.0,201.0,0.0,14.0,216.0,527.0,36.0,1000.0,985.0,470.0,401.0,797.0,201.0,132.0,0.0,3.0,602.0
Goa,2003.0,Kidnapping & Abduction - Women & Girls,02. Kidnapping & Abduction of Women & Girls,2.0,4.0,7.0,0.0,0.0,0.0,11.0,0.0,6.0,4.0,23.0,18.0,13.0,7.0,2.0,0.0,0.0,25.0
Gujarat,2003.0,Kidnapping & Abduction - Women & Girls,02. Kidnapping & Abduction of Women & Girls,388.0,181.0,535.0,9.0,31.0,156.0,716.0,1.0,112.0,126.0,4777.0,4670.0,859.0,535.0,419.0,0.0,0.0,5205.0
Haryana,2003.0,Kidnapping & Abduction - Women & Girls,02. Kidnapping & Abduction of Women & Girls,189.0,23.0,159.0,1.0,50.0,78.0,182.0,0.0,50.0,39.0,591.0,672.0,271.0,159.0,239.0,0.0,0.0,831.0
Himachal Pradesh,2003.0,Kidnapping & Abduction - Women & Girls,02. Kidnapping & Abduction of Women & Girls,48.0,7.0,38.0,1.0,7.0,49.0,45.0,0.0,31.0,29.0,171.0,189.0,96.0,38.0,55.0,0.0,0.0,227.0
Jammu & Kashmir,2003.0,Kidnapping & Abduction - Women & Girls,02. Kidnapping & Abduction of Women & Girls,151.0,21.0,480.0,5.0,2.0,131.0,501.0,0.0,296.0,313.0,2557.0,2235.0,615.0,480.0,153.0,0.0,0.0,2715.0
Jharkhand,2003.0,Kidnapping & Abduction - Women & Girls,02. Kidnapping & Abduction of Women & Girls,130.0,39.0,163.0,8.0,36.0,27.0,202.0,0.0,114.0,81.0,767.0,778.0,262.0,163.0,166.0,0.0,0.0,941.0
Karnataka,2003.0,Kidnapping & Abduction - Women & Girls,02. Kidnapping & Abduction of Women & Girls,148.0,54.0,152.0,4.0,1.0,59.0,206.0,4.0,80.0,105.0,720.0,721.0,244.0,152.0,149.0,0.0,0.0,873.0
Kerala,2003.0,Kidnapping & Abduction - Women & Girls,02. Kidnapping & Abduction of Women & Girls,29.0,3.0,55.0,3.0,4.0,9.0,58.0,7.0,76.0,48.0,372.0,353.0,102.0,55.0,33.0,0.0,0.0,408.0
Lakshadweep,2003.0,Kidnapping & Abduction - Women & Girls,02. Kidnapping & Abduction of Women & Girls,0.0,0.0,0.0,0.0,0.0,0.0,0.0,0.0,0.0,0.0,0.0,0.0,0.0,0.0,0.0,0.0,0.0,0.0
Madhya Pradesh,2003.0,Kidnapping & Abduction - Women & Girls,02. Kidnapping & Abduction of Women & Girls,635.0,90.0,484.0,12.0,158.0,30.0,574.0,0.0,121.0,117.0,2671.0,2992.0,608.0,484.0,793.0,0.0,0.0,3476.0
Maharashtra,2003.0,Kidnapping & Abduction - Women & Girls,02. Kidnapping & Abduction of Women & Girls,377.0,99.0,445.0,21.0,28.0,49.0,544.0,0.0,194.0,162.0,4813.0,4794.0,626.0,445.0,405.0,0.0,1.0,5239.0
Manipur,2003.0,Kidnapping & Abduction - Women & Girls,02. Kidnapping & Abduction of Women & Girls,1.0,47.0,2.0,0.0,1.0,0.0,49.0,0.0,95.0,73.0,29.0,29.0,71.0,2.0,2.0,0.0,0.0,31.0
Meghalaya,2003.0,Kidnapping & Abduction - Women & Girls,02. Kidnapping & Abduction of Women & Girls,3.0,3.0,1.0,0.0,0.0,0.0,4.0,0.0,23.0,17.0,80.0,82.0,10.0,1.0,3.0,0.0,0.0,83.0
Mizoram,2003.0,Kidnapping & Abduction - Women & Girls,02. Kidnapping & Abduction of Women & Girls,0.0,1.0,1.0,0.0,2.0,0.0,2.0,0.0,1.0,1.0,1.0,2.0,2.0,1.0,2.0,0.0,0.0,3.0
Nagaland,2003.0,Kidnapping & Abduction - Women & Girls,02. Kidnapping & Abduction of Women & Girls,0.0,1.0,0.0,0.0,2.0,0.0,1.0,0.0,20.0,18.0,31.0,33.0,3.0,0.0,2.0,0.0,0.0,33.0
Odisha,2003.0,Kidnapping & Abduction - Women & Girls,02. Kidnapping & Abduction of Women & Girls,256.0,45.0,349.0,0.0,52.0,70.0,394.0,0.0,146.0,237.0,1355.0,1314.0,373.0,349.0,308.0,0.0,0.0,1663.0
Puducherry,2003.0,Kidnapping & Abduction - Women & Girls,02. Kidnapping & Abduction of Women & Girls,2.0,0.0,3.0,0.0,0.0,1.0,3.0,1.0,10.0,2.0,8.0,7.0,13.0,3.0,2.0,0.0,0.0,10.0
Punjab,2003.0,Kidnapping & Abduction - Women & Girls,02. Kidnapping & Abduction of Women & Girls,73.0,102.0,164.0,6.0,25.0,156.0,266.0,4.0,154.0,285.0,554.0,494.0,295.0,164.0,98.0,0.0,0.0,658.0
Rajasthan,2003.0,Kidnapping & Abduction - Women & Girls,02. Kidnapping & Abduction of Women & Girls,556.0,191.0,495.0,33.0,188.0,1049.0,686.0,0.0,157.0,142.0,3659.0,3941.0,1750.0,495.0,744.0,0.0,0.0,4436.0
Sikkim,2003.0,Kidnapping & Abduction - Women & Girls,02. Kidnapping & Abduction of Women & Girls,0.0,0.0,1.0,0.0,1.0,0.0,1.0,0.0,0.0,1.0,0.0,0.0,0.0,1.0,1.0,0.0,0.0,1.0
Tamil Nadu,2003.0,Kidnapping & Abduction - Women & Girls,02. Kidnapping & Abduction of Women & Girls,262.0,87.0,296.0,3.0,37.0,207.0,383.0,11.0,312.0,285.0,755.0,761.0,632.0,296.0,299.0,0.0,4.0,1057.0
Tripura,2003.0,Kidnapping & Abduction - Women & Girls,02. Kidnapping & Abduction of Women & Girls,14.0,23.0,46.0,0.0,10.0,0.0,69.0,0.0,1.0,41.0,63.0,41.0,29.0,46.0,24.0,0.0,0.0,87.0
Uttar Pradesh,2003.0,Kidnapping & Abduction - Women & Girls,02. Kidnapping & Abduction of Women & Girls,594.0,214.0,1025.0,37.0,631.0,168.0,1239.0,2.0,314.0,224.0,6507.0,6744.0,1499.0,1025.0,1225.0,0.0,0.0,7769.0
Uttarakhand,2003.0,Kidnapping & Abduction - Women & Girls,02. Kidnapping & Abduction of Women & Girls,21.0,37.0,79.0,2.0,20.0,16.0,116.0,0.0,28.0,26.0,331.0,295.0,134.0,79.0,41.0,0.0,0.0,374.0
West Bengal,2003.0,Kidnapping & Abduction - Women & Girls,02. Kidnapping & Abduction of Women & Girls,293.0,88.0,594.0,16.0,66.0,62.0,682.0,0.0,948.0,891.0,5137.0,4918.0,801.0,594.0,359.0,0.0,0.0,5512.0
Andaman & Nicobar Islands,2004.0,Kidnapping & Abduction - Women & Girls,02. Kidnapping & Abduction of Women & Girls,1.0,1.0,3.0,0.0,1.0,0.0,4.0,0.0,1.0,2.0,16.0,15.0,3.0,3.0,2.0,0.0,0.0,18.0
Andhra Pradesh,2004.0,Kidnapping & Abduction - Women & Girls,02. Kidnapping & Abduction of Women & Girls,421.0,57.0,508.0,30.0,50.0,299.0,565.0,19.0,513.0,366.0,1407.0,1400.0,1030.0,508.0,471.0,0.0,0.0,1908.0
Arunachal Pradesh,2004.0,Kidnapping & Abduction - Women & Girls,02. Kidnapping & Abduction of Women & Girls,0.0,11.0,25.0,1.0,2.0,0.0,36.0,0.0,23.0,18.0,300.0,278.0,41.0,25.0,2.0,0.0,0.0,303.0
Assam,2004.0,Kidnapping & Abduction - Women & Girls,02. Kidnapping & Abduction of Women & Girls,337.0,542.0,734.0,94.0,95.0,207.0,1276.0,0.0,2305.0,2236.0,2298.0,2090.0,1552.0,734.0,432.0,0.0,0.0,2824.0
Bihar,2004.0,Kidnapping & Abduction - Women & Girls,02. Kidnapping & Abduction of Women & Girls,380.0,137.0,444.0,1.0,71.0,99.0,581.0,0.0,1001.0,684.0,3112.0,3120.0,997.0,444.0,451.0,0.0,0.0,3564.0
Chandigarh,2004.0,Kidnapping & Abduction - Women & Girls,02. Kidnapping & Abduction of Women & Girls,19.0,2.0,31.0,0.0,1.0,12.0,33.0,0.0,6.0,8.0,76.0,65.0,43.0,31.0,20.0,0.0,0.0,96.0
Chhattisgarh,2004.0,Kidnapping & Abduction - Women & Girls,02. Kidnapping & Abduction of Women & Girls,172.0,9.0,153.0,103.0,77.0,18.0,162.0,0.0,38.0,44.0,528.0,727.0,174.0,153.0,249.0,0.0,0.0,880.0
Dadra & Nagar Haveli,2004.0,Kidnapping & Abduction - Women & Girls,02. Kidnapping & Abduction of Women & Girls,4.0,0.0,4.0,0.0,0.0,0.0,4.0,0.0,6.0,3.0,8.0,8.0,7.0,4.0,4.0,0.0,0.0,12.0
Daman & Diu,2004.0,Kidnapping & Abduction - Women & Girls,02. Kidnapping & Abduction of Women & Girls,0.0,0.0,0.0,0.0,0.0,0.0,0.0,0.0,0.0,0.0,0.0,0.0,0.0,0.0,0.0,0.0,0.0,0.0
Delhi,2004.0,Kidnapping & Abduction - Women & Girls,02. Kidnapping & Abduction of Women & Girls,114.0,345.0,274.0,0.0,13.0,155.0,619.0,28.0,1069.0,1000.0,617.0,470.0,881.0,274.0,127.0,0.0,10.0,744.0
Goa,2004.0,Kidnapping & Abduction - Women & Girls,02. Kidnapping & Abduction of Women & Girls,4.0,5.0,4.0,0.0,1.0,0.0,9.0,0.0,7.0,6.0,22.0,23.0,10.0,4.0,5.0,0.0,0.0,27.0
Gujarat,2004.0,Kidnapping & Abduction - Women & Girls,02. Kidnapping & Abduction of Women & Girls,413.0,146.0,611.0,14.0,46.0,121.0,757.0,2.0,137.0,112.0,4915.0,4777.0,905.0,611.0,459.0,0.0,0.0,5388.0
Haryana,2004.0,Kidnapping & Abduction - Women & Girls,02. Kidnapping & Abduction of Women & Girls,169.0,19.0,178.0,1.0,38.0,85.0,197.0,0.0,60.0,50.0,561.0,591.0,292.0,178.0,207.0,0.0,0.0,769.0
Himachal Pradesh,2004.0,Kidnapping & Abduction - Women & Girls,02. Kidnapping & Abduction of Women & Girls,39.0,3.0,32.0,0.0,4.0,45.0,35.0,0.0,50.0,31.0,160.0,171.0,99.0,32.0,43.0,0.0,0.0,203.0
Jammu & Kashmir,2004.0,Kidnapping & Abduction - Women & Girls,02. Kidnapping & Abduction of Women & Girls,214.0,35.0,452.0,9.0,5.0,128.0,487.0,0.0,313.0,296.0,2781.0,2557.0,632.0,452.0,219.0,0.0,0.0,3009.0
Jharkhand,2004.0,Kidnapping & Abduction - Women & Girls,02. Kidnapping & Abduction of Women & Girls,130.0,39.0,163.0,8.0,36.0,27.0,202.0,0.0,63.0,114.0,756.0,767.0,178.0,163.0,166.0,0.0,0.0,930.0
Karnataka,2004.0,Kidnapping & Abduction - Women & Girls,02. Kidnapping & Abduction of Women & Girls,137.0,41.0,171.0,3.0,9.0,74.0,212.0,0.0,80.0,80.0,742.0,720.0,286.0,171.0,146.0,0.0,0.0,891.0
Kerala,2004.0,Kidnapping & Abduction - Women & Girls,02. Kidnapping & Abduction of Women & Girls,48.0,13.0,95.0,2.0,3.0,27.0,108.0,9.0,74.0,76.0,414.0,372.0,142.0,95.0,51.0,0.0,0.0,467.0
Lakshadweep,2004.0,Kidnapping & Abduction - Women & Girls,02. Kidnapping & Abduction of Women & Girls,0.0,0.0,0.0,0.0,0.0,0.0,0.0,0.0,0.0,0.0,0.0,0.0,0.0,0.0,0.0,0.0,0.0,0.0
Madhya Pradesh,2004.0,Kidnapping & Abduction - Women & Girls,02. Kidnapping & Abduction of Women & Girls,431.0,70.0,498.0,24.0,127.0,21.0,568.0,0.0,116.0,121.0,2587.0,2671.0,584.0,498.0,558.0,0.0,0.0,3169.0
Maharashtra,2004.0,Kidnapping & Abduction - Women & Girls,02. Kidnapping & Abduction of Women & Girls,413.0,90.0,579.0,14.0,31.0,72.0,669.0,0.0,239.0,194.0,4934.0,4813.0,787.0,579.0,444.0,0.0,1.0,5392.0
Manipur,2004.0,Kidnapping & Abduction - Women & Girls,02. Kidnapping & Abduction of Women & Girls,2.0,39.0,1.0,0.0,0.0,0.0,40.0,2.0,124.0,95.0,28.0,29.0,71.0,1.0,2.0,0.0,0.0,30.0
Meghalaya,2004.0,Kidnapping & Abduction - Women & Girls,02. Kidnapping & Abduction of Women & Girls,2.0,3.0,9.0,0.0,0.0,0.0,12.0,0.0,29.0,23.0,87.0,80.0,18.0,9.0,2.0,0.0,0.0,89.0
Mizoram,2004.0,Kidnapping & Abduction - Women & Girls,02. Kidnapping & Abduction of Women & Girls,0.0,0.0,0.0,0.0,0.0,0.0,0.0,0.0,1.0,1.0,1.0,1.0,0.0,0.0,0.0,0.0,0.0,1.0
Nagaland,2004.0,Kidnapping & Abduction - Women & Girls,02. Kidnapping & Abduction of Women & Girls,0.0,3.0,11.0,0.0,10.0,0.0,14.0,0.0,10.0,20.0,32.0,31.0,4.0,11.0,10.0,0.0,0.0,42.0
Odisha,2004.0,Kidnapping & Abduction - Women & Girls,02. Kidnapping & Abduction of Women & Girls,279.0,34.0,303.0,0.0,36.0,66.0,337.0,0.0,165.0,146.0,1343.0,1355.0,423.0,303.0,315.0,0.0,1.0,1658.0
Puducherry,2004.0,Kidnapping & Abduction - Women & Girls,02. Kidnapping & Abduction of Women & Girls,5.0,0.0,5.0,0.0,1.0,0.0,5.0,3.0,10.0,10.0,7.0,8.0,8.0,5.0,6.0,0.0,0.0,13.0
Punjab,2004.0,Kidnapping & Abduction - Women & Girls,02. Kidnapping & Abduction of Women & Girls,91.0,48.0,170.0,7.0,73.0,98.0,218.0,1.0,148.0,154.0,553.0,554.0,311.0,170.0,164.0,0.0,0.0,724.0
Rajasthan,2004.0,Kidnapping & Abduction - Women & Girls,02. Kidnapping & Abduction of Women & Girls,467.0,193.0,598.0,24.0,183.0,1089.0,791.0,0.0,158.0,157.0,3583.0,3659.0,1881.0,598.0,650.0,0.0,0.0,4257.0
Sikkim,2004.0,Kidnapping & Abduction - Women & Girls,02. Kidnapping & Abduction of Women & Girls,0.0,0.0,3.0,0.0,0.0,0.0,3.0,0.0,1.0,0.0,3.0,0.0,4.0,3.0,0.0,0.0,0.0,3.0
Tamil Nadu,2004.0,Kidnapping & Abduction - Women & Girls,02. Kidnapping & Abduction of Women & Girls,232.0,99.0,370.0,9.0,40.0,225.0,469.0,9.0,299.0,312.0,844.0,755.0,692.0,370.0,272.0,0.0,2.0,1125.0
Tripura,2004.0,Kidnapping & Abduction - Women & Girls,02. Kidnapping & Abduction of Women & Girls,30.0,9.0,15.0,0.0,14.0,3.0,24.0,0.0,28.0,1.0,34.0,63.0,54.0,15.0,44.0,0.0,0.0,78.0
Uttar Pradesh,2004.0,Kidnapping & Abduction - Women & Girls,02. Kidnapping & Abduction of Women & Girls,691.0,443.0,1526.0,33.0,768.0,242.0,1969.0,0.0,427.0,314.0,6541.0,6507.0,2324.0,1526.0,1459.0,0.0,0.0,8033.0
Uttarakhand,2004.0,Kidnapping & Abduction - Women & Girls,02. Kidnapping & Abduction of Women & Girls,14.0,46.0,62.0,2.0,21.0,15.0,108.0,0.0,32.0,28.0,356.0,331.0,127.0,62.0,35.0,0.0,0.0,393.0
West Bengal,2004.0,Kidnapping & Abduction - Women & Girls,02. Kidnapping & Abduction of Women & Girls,331.0,193.0,633.0,11.0,28.0,49.0,826.0,1.0,1090.0,948.0,5400.0,5137.0,1018.0,633.0,359.0,0.0,0.0,5770.0
Andaman & Nicobar Islands,2005.0,Kidnapping & Abduction - Women & Girls,02. Kidnapping & Abduction of Women & Girls,0.0,0.0,0.0,0.0,0.0,0.0,0.0,0.0,2.0,1.0,16.0,16.0,1.0,0.0,0.0,0.0,0.0,16.0
Andhra Pradesh,2005.0,Kidnapping & Abduction - Women & Girls,02. Kidnapping & Abduction of Women & Girls,362.0,65.0,655.0,14.0,55.0,327.0,720.0,0.0,461.0,513.0,1631.0,1407.0,995.0,655.0,417.0,0.0,0.0,2062.0
Arunachal Pradesh,2005.0,Kidnapping & Abduction - Women & Girls,02. Kidnapping & Abduction of Women & Girls,6.0,13.0,29.0,7.0,6.0,0.0,42.0,0.0,20.0,23.0,310.0,300.0,39.0,29.0,12.0,0.0,0.0,329.0
Assam,2005.0,Kidnapping & Abduction - Women & Girls,02. Kidnapping & Abduction of Women & Girls,351.0,409.0,726.0,138.0,113.0,160.0,1135.0,0.0,2466.0,2305.0,2422.0,2298.0,1456.0,726.0,464.0,0.0,0.0,3024.0
Bihar,2005.0,Kidnapping & Abduction - Women & Girls,02. Kidnapping & Abduction of Women & Girls,370.0,93.0,512.0,3.0,71.0,105.0,605.0,0.0,1220.0,1001.0,3180.0,3112.0,929.0,512.0,441.0,0.0,0.0,3624.0
Chandigarh,2005.0,Kidnapping & Abduction - Women & Girls,02. Kidnapping & Abduction of Women & Girls,13.0,5.0,12.0,0.0,0.0,19.0,17.0,0.0,15.0,6.0,75.0,76.0,45.0,12.0,13.0,0.0,0.0,88.0
Chhattisgarh,2005.0,Kidnapping & Abduction - Women & Girls,02. Kidnapping & Abduction of Women & Girls,51.0,18.0,157.0,0.0,23.0,1.0,175.0,1.0,42.0,38.0,611.0,528.0,184.0,157.0,74.0,0.0,3.0,685.0
Dadra & Nagar Haveli,2005.0,Kidnapping & Abduction - Women & Girls,02. Kidnapping & Abduction of Women & Girls,5.0,0.0,3.0,0.0,0.0,4.0,3.0,0.0,8.0,6.0,6.0,8.0,9.0,3.0,5.0,0.0,0.0,11.0
Daman & Diu,2005.0,Kidnapping & Abduction - Women & Girls,02. Kidnapping & Abduction of Women & Girls,0.0,0.0,1.0,0.0,0.0,0.0,1.0,0.0,1.0,0.0,1.0,0.0,2.0,1.0,0.0,0.0,0.0,1.0
Delhi,2005.0,Kidnapping & Abduction - Women & Girls,02. Kidnapping & Abduction of Women & Girls,51.0,311.0,279.0,0.0,15.0,170.0,590.0,15.0,1378.0,1069.0,830.0,617.0,1106.0,279.0,66.0,0.0,22.0,896.0
Goa,2005.0,Kidnapping & Abduction - Women & Girls,02. Kidnapping & Abduction of Women & Girls,3.0,2.0,6.0,0.0,0.0,0.0,8.0,0.0,11.0,7.0,25.0,22.0,12.0,6.0,3.0,0.0,0.0,28.0
Gujarat,2005.0,Kidnapping & Abduction - Women & Girls,02. Kidnapping & Abduction of Women & Girls,316.0,177.0,604.0,18.0,51.0,87.0,781.0,0.0,185.0,137.0,5134.0,4915.0,916.0,604.0,367.0,0.0,0.0,5519.0
Haryana,2005.0,Kidnapping & Abduction - Women & Girls,02. Kidnapping & Abduction of Women & Girls,94.0,17.0,164.0,0.0,49.0,116.0,181.0,0.0,107.0,60.0,582.0,561.0,344.0,164.0,143.0,0.0,0.0,725.0
Himachal Pradesh,2005.0,Kidnapping & Abduction - Women & Girls,02. Kidnapping & Abduction of Women & Girls,52.0,5.0,49.0,0.0,2.0,57.0,54.0,0.0,41.0,50.0,155.0,160.0,102.0,49.0,54.0,0.0,0.0,209.0
Jammu & Kashmir,2005.0,Kidnapping & Abduction - Women & Girls,02. Kidnapping & Abduction of Women & Girls,212.0,19.0,455.0,0.0,7.0,115.0,474.0,0.0,382.0,313.0,3017.0,2781.0,658.0,455.0,219.0,0.0,0.0,3236.0
Jharkhand,2005.0,Kidnapping & Abduction - Women & Girls,02. Kidnapping & Abduction of Women & Girls,81.0,44.0,160.0,9.0,13.0,17.0,204.0,0.0,125.0,63.0,813.0,756.0,283.0,160.0,94.0,0.0,0.0,916.0
Karnataka,2005.0,Kidnapping & Abduction - Women & Girls,02. Kidnapping & Abduction of Women & Girls,208.0,36.0,151.0,0.0,11.0,71.0,187.0,2.0,132.0,80.0,674.0,742.0,312.0,151.0,219.0,0.0,0.0,893.0
Kerala,2005.0,Kidnapping & Abduction - Women & Girls,02. Kidnapping & Abduction of Women & Girls,48.0,9.0,94.0,0.0,4.0,19.0,103.0,0.0,81.0,74.0,456.0,414.0,129.0,94.0,52.0,0.0,0.0,508.0
Lakshadweep,2005.0,Kidnapping & Abduction - Women & Girls,02. Kidnapping & Abduction of Women & Girls,0.0,0.0,0.0,0.0,0.0,0.0,0.0,0.0,0.0,0.0,0.0,0.0,0.0,0.0,0.0,0.0,0.0,0.0
Madhya Pradesh,2005.0,Kidnapping & Abduction - Women & Girls,02. Kidnapping & Abduction of Women & Girls,566.0,86.0,486.0,113.0,177.0,24.0,572.0,0.0,124.0,116.0,2217.0,2587.0,604.0,486.0,743.0,0.0,0.0,3073.0
Maharashtra,2005.0,Kidnapping & Abduction - Women & Girls,02. Kidnapping & Abduction of Women & Girls,381.0,111.0,571.0,10.0,34.0,64.0,682.0,2.0,342.0,239.0,5080.0,4934.0,851.0,571.0,415.0,0.0,0.0,5505.0
Manipur,2005.0,Kidnapping & Abduction - Women & Girls,02. Kidnapping & Abduction of Women & Girls,3.0,48.0,2.0,0.0,0.0,0.0,50.0,1.0,142.0,124.0,27.0,28.0,69.0,2.0,3.0,0.0,0.0,30.0
Meghalaya,2005.0,Kidnapping & Abduction - Women & Girls,02. Kidnapping & Abduction of Women & Girls,3.0,4.0,3.0,0.0,0.0,0.0,7.0,0.0,41.0,29.0,87.0,87.0,19.0,3.0,3.0,0.0,0.0,90.0
Mizoram,2005.0,Kidnapping & Abduction - Women & Girls,02. Kidnapping & Abduction of Women & Girls,0.0,0.0,1.0,1.0,0.0,0.0,1.0,0.0,0.0,1.0,1.0,1.0,0.0,1.0,0.0,0.0,0.0,2.0
Nagaland,2005.0,Kidnapping & Abduction - Women & Girls,02. Kidnapping & Abduction of Women & Girls,20.0,7.0,10.0,0.0,18.0,0.0,17.0,0.0,2.0,10.0,4.0,32.0,9.0,10.0,38.0,0.0,0.0,42.0
Odisha,2005.0,Kidnapping & Abduction - Women & Girls,02. Kidnapping & Abduction of Women & Girls,198.0,24.0,324.0,0.0,23.0,87.0,348.0,0.0,277.0,165.0,1446.0,1343.0,547.0,324.0,221.0,0.0,0.0,1667.0
Puducherry,2005.0,Kidnapping & Abduction - Women & Girls,02. Kidnapping & Abduction of Women & Girls,1.0,0.0,6.0,0.0,1.0,1.0,6.0,0.0,6.0,10.0,11.0,7.0,3.0,6.0,2.0,0.0,0.0,13.0
Punjab,2005.0,Kidnapping & Abduction - Women & Girls,02. Kidnapping & Abduction of Women & Girls,70.0,44.0,163.0,1.0,17.0,92.0,207.0,0.0,178.0,148.0,628.0,553.0,329.0,163.0,87.0,0.0,0.0,716.0
Rajasthan,2005.0,Kidnapping & Abduction - Women & Girls,02. Kidnapping & Abduction of Women & Girls,368.0,220.0,494.0,35.0,155.0,884.0,714.0,0.0,109.0,158.0,3519.0,3583.0,1549.0,494.0,523.0,0.0,0.0,4077.0
Sikkim,2005.0,Kidnapping & Abduction - Women & Girls,02. Kidnapping & Abduction of Women & Girls,0.0,0.0,2.0,0.0,0.0,0.0,2.0,0.0,1.0,1.0,5.0,3.0,2.0,2.0,0.0,0.0,0.0,5.0
Tamil Nadu,2005.0,Kidnapping & Abduction - Women & Girls,02. Kidnapping & Abduction of Women & Girls,297.0,153.0,347.0,6.0,73.0,253.0,500.0,19.0,310.0,299.0,813.0,844.0,783.0,347.0,370.0,2.0,0.0,1189.0
Tripura,2005.0,Kidnapping & Abduction - Women & Girls,02. Kidnapping & Abduction of Women & Girls,35.0,23.0,37.0,0.0,8.0,0.0,60.0,0.0,11.0,28.0,28.0,34.0,43.0,37.0,43.0,0.0,0.0,71.0
Uttar Pradesh,2005.0,Kidnapping & Abduction - Women & Girls,02. Kidnapping & Abduction of Women & Girls,643.0,424.0,1538.0,69.0,721.0,218.0,1962.0,0.0,503.0,427.0,6646.0,6541.0,2256.0,1538.0,1364.0,0.0,0.0,8079.0
Uttarakhand,2005.0,Kidnapping & Abduction - Women & Girls,02. Kidnapping & Abduction of Women & Girls,38.0,36.0,65.0,1.0,39.0,17.0,101.0,0.0,39.0,32.0,343.0,356.0,125.0,65.0,77.0,0.0,0.0,421.0
West Bengal,2005.0,Kidnapping & Abduction - Women & Girls,02. Kidnapping & Abduction of Women & Girls,320.0,176.0,799.0,13.0,66.0,24.0,975.0,0.0,1130.0,1090.0,5800.0,5400.0,1039.0,799.0,386.0,0.0,0.0,6199.0
Andaman & Nicobar Islands,2006.0,Kidnapping & Abduction - Women & Girls,02. Kidnapping & Abduction of Women & Girls,0.0,0.0,7.0,0.0,0.0,0.0,7.0,0.0,0.0,2.0,23.0,16.0,5.0,7.0,0.0,0.0,0.0,23.0
Andhra Pradesh,2006.0,Kidnapping & Abduction - Women & Girls,02. Kidnapping & Abduction of Women & Girls,436.0,42.0,709.0,47.0,71.0,391.0,751.0,0.0,648.0,461.0,1786.0,1631.0,1329.0,709.0,507.0,0.0,0.0,2340.0
Arunachal Pradesh,2006.0,Kidnapping & Abduction - Women & Girls,02. Kidnapping & Abduction of Women & Girls,5.0,10.0,37.0,3.0,3.0,0.0,47.0,0.0,24.0,20.0,336.0,310.0,51.0,37.0,8.0,0.0,0.0,347.0
Assam,2006.0,Kidnapping & Abduction - Women & Girls,02. Kidnapping & Abduction of Women & Girls,527.0,471.0,798.0,92.0,102.0,181.0,1269.0,0.0,2560.0,2466.0,2499.0,2422.0,1544.0,798.0,629.0,0.0,0.0,3220.0
Bihar,2006.0,Kidnapping & Abduction - Women & Girls,02. Kidnapping & Abduction of Women & Girls,461.0,270.0,643.0,4.0,118.0,217.0,913.0,0.0,1174.0,1220.0,3240.0,3180.0,1084.0,643.0,579.0,0.0,0.0,3823.0
Chandigarh,2006.0,Kidnapping & Abduction - Women & Girls,02. Kidnapping & Abduction of Women & Girls,24.0,4.0,27.0,0.0,5.0,24.0,31.0,0.0,17.0,15.0,73.0,75.0,57.0,27.0,29.0,0.0,0.0,102.0
Chhattisgarh,2006.0,Kidnapping & Abduction - Women & Girls,02. Kidnapping & Abduction of Women & Girls,76.0,17.0,156.0,8.0,45.0,4.0,173.0,1.0,42.0,42.0,638.0,611.0,178.0,156.0,121.0,0.0,0.0,767.0
Dadra & Nagar Haveli,2006.0,Kidnapping & Abduction - Women & Girls,02. Kidnapping & Abduction of Women & Girls,1.0,2.0,9.0,0.0,0.0,4.0,11.0,0.0,7.0,8.0,14.0,6.0,14.0,9.0,1.0,0.0,0.0,15.0
Daman & Diu,2006.0,Kidnapping & Abduction - Women & Girls,02. Kidnapping & Abduction of Women & Girls,1.0,0.0,1.0,0.0,0.0,0.0,1.0,0.0,1.0,1.0,1.0,1.0,1.0,1.0,1.0,0.0,0.0,2.0
Delhi,2006.0,Kidnapping & Abduction - Women & Girls,02. Kidnapping & Abduction of Women & Girls,71.0,251.0,247.0,0.0,40.0,155.0,498.0,17.0,1751.0,1378.0,966.0,830.0,1066.0,247.0,111.0,0.0,23.0,1077.0
Goa,2006.0,Kidnapping & Abduction - Women & Girls,02. Kidnapping & Abduction of Women & Girls,2.0,3.0,10.0,0.0,0.0,1.0,13.0,0.0,7.0,11.0,33.0,25.0,10.0,10.0,2.0,0.0,0.0,35.0
Gujarat,2006.0,Kidnapping & Abduction - Women & Girls,02. Kidnapping & Abduction of Women & Girls,385.0,143.0,654.0,22.0,76.0,100.0,797.0,6.0,227.0,185.0,5305.0,5134.0,945.0,654.0,461.0,0.0,0.0,5788.0
Haryana,2006.0,Kidnapping & Abduction - Women & Girls,02. Kidnapping & Abduction of Women & Girls,131.0,25.0,263.0,0.0,55.0,139.0,288.0,0.0,111.0,107.0,659.0,582.0,431.0,263.0,186.0,0.0,0.0,845.0
Himachal Pradesh,2006.0,Kidnapping & Abduction - Women & Girls,02. Kidnapping & Abduction of Women & Girls,32.0,7.0,45.0,4.0,6.0,53.0,52.0,0.0,45.0,41.0,158.0,155.0,109.0,45.0,38.0,0.0,0.0,200.0
Jammu & Kashmir,2006.0,Kidnapping & Abduction - Women & Girls,02. Kidnapping & Abduction of Women & Girls,206.0,16.0,571.0,9.0,8.0,146.0,587.0,0.0,372.0,382.0,3365.0,3017.0,723.0,571.0,214.0,0.0,0.0,3588.0
Jharkhand,2006.0,Kidnapping & Abduction - Women & Girls,02. Kidnapping & Abduction of Women & Girls,133.0,59.0,250.0,3.0,25.0,34.0,309.0,0.0,192.0,125.0,902.0,813.0,410.0,250.0,158.0,0.0,0.0,1063.0
Karnataka,2006.0,Kidnapping & Abduction - Women & Girls,02. Kidnapping & Abduction of Women & Girls,144.0,43.0,198.0,1.0,8.0,84.0,241.0,5.0,129.0,132.0,719.0,674.0,328.0,198.0,152.0,0.0,1.0,872.0
Kerala,2006.0,Kidnapping & Abduction - Women & Girls,02. Kidnapping & Abduction of Women & Girls,66.0,7.0,149.0,3.0,4.0,16.0,156.0,0.0,111.0,81.0,532.0,456.0,202.0,149.0,70.0,0.0,0.0,605.0
Lakshadweep,2006.0,Kidnapping & Abduction - Women & Girls,02. Kidnapping & Abduction of Women & Girls,0.0,0.0,0.0,0.0,0.0,0.0,0.0,0.0,0.0,0.0,0.0,0.0,0.0,0.0,0.0,0.0,0.0,0.0
Madhya Pradesh,2006.0,Kidnapping & Abduction - Women & Girls,02. Kidnapping & Abduction of Women & Girls,420.0,72.0,515.0,2.0,215.0,14.0,587.0,0.0,140.0,124.0,2095.0,2217.0,617.0,515.0,635.0,0.0,0.0,2732.0
Maharashtra,2006.0,Kidnapping & Abduction - Women & Girls,02. Kidnapping & Abduction of Women & Girls,298.0,126.0,609.0,14.0,36.0,84.0,735.0,0.0,444.0,342.0,5341.0,5080.0,921.0,609.0,334.0,0.0,0.0,5689.0
Manipur,2006.0,Kidnapping & Abduction - Women & Girls,02. Kidnapping & Abduction of Women & Girls,0.0,63.0,0.0,0.0,1.0,0.0,63.0,0.0,158.0,142.0,26.0,27.0,79.0,0.0,1.0,0.0,0.0,27.0
Meghalaya,2006.0,Kidnapping & Abduction - Women & Girls,02. Kidnapping & Abduction of Women & Girls,3.0,6.0,10.0,1.0,0.0,0.0,16.0,0.0,50.0,41.0,93.0,87.0,25.0,10.0,3.0,0.0,0.0,97.0
Mizoram,2006.0,Kidnapping & Abduction - Women & Girls,02. Kidnapping & Abduction of Women & Girls,0.0,0.0,1.0,0.0,2.0,0.0,1.0,0.0,0.0,0.0,0.0,1.0,1.0,1.0,2.0,0.0,0.0,2.0
Nagaland,2006.0,Kidnapping & Abduction - Women & Girls,02. Kidnapping & Abduction of Women & Girls,0.0,0.0,3.0,0.0,2.0,0.0,3.0,0.0,2.0,2.0,5.0,4.0,3.0,3.0,2.0,0.0,0.0,7.0
Odisha,2006.0,Kidnapping & Abduction - Women & Girls,02. Kidnapping & Abduction of Women & Girls,233.0,26.0,396.0,0.0,46.0,91.0,422.0,1.0,340.0,277.0,1563.0,1446.0,577.0,396.0,279.0,0.0,0.0,1842.0
Puducherry,2006.0,Kidnapping & Abduction - Women & Girls,02. Kidnapping & Abduction of Women & Girls,2.0,0.0,8.0,0.0,0.0,1.0,8.0,1.0,9.0,6.0,17.0,11.0,13.0,8.0,2.0,0.0,0.0,19.0
Punjab,2006.0,Kidnapping & Abduction - Women & Girls,02. Kidnapping & Abduction of Women & Girls,76.0,58.0,162.0,0.0,19.0,103.0,220.0,0.0,273.0,178.0,695.0,628.0,418.0,162.0,95.0,0.0,0.0,790.0
Rajasthan,2006.0,Kidnapping & Abduction - Women & Girls,02. Kidnapping & Abduction of Women & Girls,352.0,161.0,546.0,24.0,225.0,859.0,707.0,0.0,96.0,109.0,3464.0,3519.0,1553.0,546.0,577.0,0.0,0.0,4065.0
Sikkim,2006.0,Kidnapping & Abduction - Women & Girls,02. Kidnapping & Abduction of Women & Girls,0.0,1.0,4.0,0.0,0.0,0.0,5.0,0.0,3.0,1.0,9.0,5.0,7.0,4.0,0.0,0.0,0.0,9.0
Tamil Nadu,2006.0,Kidnapping & Abduction - Women & Girls,02. Kidnapping & Abduction of Women & Girls,307.0,100.0,350.0,11.0,58.0,195.0,450.0,10.0,359.0,310.0,787.0,813.0,718.0,350.0,365.0,0.0,14.0,1163.0
Tripura,2006.0,Kidnapping & Abduction - Women & Girls,02. Kidnapping & Abduction of Women & Girls,12.0,22.0,27.0,0.0,8.0,0.0,49.0,0.0,24.0,11.0,35.0,28.0,62.0,27.0,20.0,0.0,0.0,55.0
Uttar Pradesh,2006.0,Kidnapping & Abduction - Women & Girls,02. Kidnapping & Abduction of Women & Girls,839.0,577.0,1815.0,66.0,903.0,257.0,2392.0,0.0,405.0,503.0,6653.0,6646.0,2551.0,1815.0,1742.0,0.0,0.0,8461.0
Uttarakhand,2006.0,Kidnapping & Abduction - Women & Girls,02. Kidnapping & Abduction of Women & Girls,41.0,42.0,133.0,27.0,49.0,17.0,175.0,0.0,30.0,39.0,359.0,343.0,183.0,133.0,90.0,0.0,0.0,476.0
West Bengal,2006.0,Kidnapping & Abduction - Women & Girls,02. Kidnapping & Abduction of Women & Girls,626.0,233.0,838.0,19.0,120.0,24.0,1071.0,0.0,1234.0,1130.0,5873.0,5800.0,1199.0,838.0,746.0,0.0,0.0,6638.0
Andaman & Nicobar Islands,2007.0,Kidnapping & Abduction - Women & Girls,02. Kidnapping & Abduction of Women & Girls,2.0,0.0,3.0,0.0,0.0,0.0,3.0,0.0,6.0,0.0,24.0,23.0,9.0,3.0,2.0,0.0,0.0,26.0
Andhra Pradesh,2007.0,Kidnapping & Abduction - Women & Girls,02. Kidnapping & Abduction of Women & Girls,496.0,47.0,1003.0,84.0,60.0,495.0,1050.0,0.0,667.0,648.0,2149.0,1786.0,1564.0,1003.0,556.0,0.0,0.0,2789.0
Arunachal Pradesh,2007.0,Kidnapping & Abduction - Women & Girls,02. Kidnapping & Abduction of Women & Girls,1.0,13.0,33.0,2.0,4.0,0.0,46.0,0.0,22.0,24.0,362.0,336.0,44.0,33.0,5.0,0.0,0.0,369.0
Assam,2007.0,Kidnapping & Abduction - Women & Girls,02. Kidnapping & Abduction of Women & Girls,575.0,413.0,886.0,82.0,250.0,167.0,1299.0,0.0,2565.0,2560.0,2478.0,2499.0,1471.0,886.0,825.0,0.0,0.0,3385.0
Bihar,2007.0,Kidnapping & Abduction - Women & Girls,02. Kidnapping & Abduction of Women & Girls,598.0,213.0,787.0,8.0,78.0,248.0,1000.0,0.0,1186.0,1174.0,3343.0,3240.0,1260.0,787.0,676.0,0.0,0.0,4027.0
Chandigarh,2007.0,Kidnapping & Abduction - Women & Girls,02. Kidnapping & Abduction of Women & Girls,16.0,1.0,23.0,0.0,10.0,14.0,24.0,0.0,25.0,17.0,70.0,73.0,46.0,23.0,26.0,0.0,0.0,96.0
Chhattisgarh,2007.0,Kidnapping & Abduction - Women & Girls,02. Kidnapping & Abduction of Women & Girls,51.0,16.0,148.0,1.0,16.0,7.0,164.0,0.0,52.0,42.0,718.0,638.0,181.0,148.0,67.0,0.0,0.0,786.0
Dadra & Nagar Haveli,2007.0,Kidnapping & Abduction - Women & Girls,02. Kidnapping & Abduction of Women & Girls,3.0,2.0,5.0,0.0,0.0,1.0,7.0,0.0,5.0,7.0,16.0,14.0,6.0,5.0,3.0,0.0,0.0,19.0
Daman & Diu,2007.0,Kidnapping & Abduction - Women & Girls,02. Kidnapping & Abduction of Women & Girls,0.0,0.0,1.0,0.0,0.0,0.0,1.0,0.0,1.0,1.0,2.0,1.0,1.0,1.0,0.0,0.0,0.0,2.0
Delhi,2007.0,Kidnapping & Abduction - Women & Girls,02. Kidnapping & Abduction of Women & Girls,68.0,314.0,277.0,0.0,38.0,198.0,591.0,28.0,2082.0,1751.0,1137.0,966.0,1167.0,277.0,106.0,0.0,19.0,1243.0
Goa,2007.0,Kidnapping & Abduction - Women & Girls,02. Kidnapping & Abduction of Women & Girls,2.0,3.0,2.0,0.0,2.0,0.0,5.0,0.0,9.0,7.0,31.0,33.0,7.0,2.0,4.0,0.0,0.0,35.0
Gujarat,2007.0,Kidnapping & Abduction - Women & Girls,02. Kidnapping & Abduction of Women & Girls,277.0,182.0,789.0,6.0,55.0,95.0,971.0,6.0,244.0,227.0,5756.0,5305.0,1089.0,789.0,332.0,0.0,0.0,6094.0
Haryana,2007.0,Kidnapping & Abduction - Women & Girls,02. Kidnapping & Abduction of Women & Girls,170.0,25.0,311.0,1.0,50.0,170.0,336.0,0.0,159.0,111.0,749.0,659.0,554.0,311.0,220.0,0.0,0.0,970.0
Himachal Pradesh,2007.0,Kidnapping & Abduction - Women & Girls,02. Kidnapping & Abduction of Women & Girls,34.0,8.0,51.0,5.0,3.0,71.0,59.0,0.0,65.0,45.0,167.0,158.0,150.0,51.0,37.0,0.0,0.0,209.0
Jammu & Kashmir,2007.0,Kidnapping & Abduction - Women & Girls,02. Kidnapping & Abduction of Women & Girls,278.0,41.0,496.0,2.0,2.0,197.0,537.0,0.0,345.0,372.0,3579.0,3365.0,707.0,496.0,280.0,0.0,0.0,3861.0
Jharkhand,2007.0,Kidnapping & Abduction - Women & Girls,02. Kidnapping & Abduction of Women & Girls,298.0,74.0,339.0,3.0,125.0,23.0,413.0,0.0,290.0,192.0,815.0,902.0,534.0,339.0,423.0,0.0,0.0,1241.0
Karnataka,2007.0,Kidnapping & Abduction - Women & Girls,02. Kidnapping & Abduction of Women & Girls,138.0,79.0,194.0,0.0,13.0,92.0,273.0,10.0,143.0,129.0,762.0,719.0,390.0,194.0,151.0,0.0,1.0,913.0
Kerala,2007.0,Kidnapping & Abduction - Women & Girls,02. Kidnapping & Abduction of Women & Girls,56.0,8.0,147.0,3.0,9.0,12.0,155.0,0.0,121.0,111.0,611.0,532.0,177.0,147.0,65.0,0.0,0.0,679.0
Lakshadweep,2007.0,Kidnapping & Abduction - Women & Girls,02. Kidnapping & Abduction of Women & Girls,0.0,0.0,0.0,0.0,0.0,0.0,0.0,0.0,0.0,0.0,0.0,0.0,0.0,0.0,0.0,0.0,0.0,0.0
Madhya Pradesh,2007.0,Kidnapping & Abduction - Women & Girls,02. Kidnapping & Abduction of Women & Girls,450.0,89.0,585.0,47.0,146.0,20.0,674.0,0.0,147.0,140.0,2037.0,2095.0,701.0,585.0,596.0,0.0,0.0,2680.0
Maharashtra,2007.0,Kidnapping & Abduction - Women & Girls,02. Kidnapping & Abduction of Women & Girls,292.0,121.0,676.0,15.0,53.0,96.0,797.0,0.0,518.0,444.0,5657.0,5341.0,967.0,676.0,345.0,0.0,0.0,6017.0
Manipur,2007.0,Kidnapping & Abduction - Women & Girls,02. Kidnapping & Abduction of Women & Girls,4.0,48.0,1.0,0.0,1.0,0.0,49.0,0.0,192.0,158.0,22.0,26.0,83.0,1.0,5.0,0.0,0.0,27.0
Meghalaya,2007.0,Kidnapping & Abduction - Women & Girls,02. Kidnapping & Abduction of Women & Girls,1.0,4.0,3.0,0.0,4.0,0.0,7.0,0.0,65.0,50.0,91.0,93.0,22.0,3.0,5.0,0.0,0.0,96.0
Mizoram,2007.0,Kidnapping & Abduction - Women & Girls,02. Kidnapping & Abduction of Women & Girls,0.0,0.0,0.0,0.0,0.0,0.0,0.0,0.0,0.0,0.0,0.0,0.0,0.0,0.0,0.0,0.0,0.0,0.0
Nagaland,2007.0,Kidnapping & Abduction - Women & Girls,02. Kidnapping & Abduction of Women & Girls,0.0,0.0,3.0,0.0,2.0,0.0,3.0,0.0,5.0,2.0,6.0,5.0,6.0,3.0,2.0,0.0,0.0,8.0
Odisha,2007.0,Kidnapping & Abduction - Women & Girls,02. Kidnapping & Abduction of Women & Girls,173.0,35.0,402.0,1.0,28.0,59.0,437.0,0.0,504.0,340.0,1763.0,1563.0,660.0,402.0,201.0,0.0,0.0,1965.0
Puducherry,2007.0,Kidnapping & Abduction - Women & Girls,02. Kidnapping & Abduction of Women & Girls,4.0,1.0,9.0,0.0,1.0,3.0,10.0,4.0,6.0,9.0,21.0,17.0,14.0,9.0,5.0,0.0,0.0,26.0
Punjab,2007.0,Kidnapping & Abduction - Women & Girls,02. Kidnapping & Abduction of Women & Girls,77.0,121.0,210.0,3.0,26.0,151.0,331.0,0.0,336.0,273.0,799.0,695.0,545.0,210.0,103.0,0.0,0.0,905.0
Rajasthan,2007.0,Kidnapping & Abduction - Women & Girls,02. Kidnapping & Abduction of Women & Girls,328.0,160.0,556.0,19.0,132.0,962.0,716.0,0.0,112.0,96.0,3541.0,3464.0,1694.0,556.0,460.0,0.0,0.0,4020.0
Sikkim,2007.0,Kidnapping & Abduction - Women & Girls,02. Kidnapping & Abduction of Women & Girls,0.0,0.0,2.0,0.0,0.0,0.0,2.0,0.0,10.0,3.0,11.0,9.0,9.0,2.0,0.0,0.0,0.0,11.0
Tamil Nadu,2007.0,Kidnapping & Abduction - Women & Girls,02. Kidnapping & Abduction of Women & Girls,326.0,157.0,453.0,1.0,53.0,253.0,610.0,30.0,558.0,359.0,860.0,787.0,1097.0,453.0,379.0,0.0,5.0,1240.0
Tripura,2007.0,Kidnapping & Abduction - Women & Girls,02. Kidnapping & Abduction of Women & Girls,4.0,11.0,66.0,0.0,5.0,0.0,77.0,0.0,28.0,24.0,92.0,35.0,81.0,66.0,9.0,0.0,0.0,101.0
Uttar Pradesh,2007.0,Kidnapping & Abduction - Women & Girls,02. Kidnapping & Abduction of Women & Girls,860.0,879.0,1948.0,61.0,804.0,415.0,2827.0,0.0,526.0,405.0,6876.0,6653.0,3363.0,1948.0,1664.0,0.0,0.0,8601.0
Uttarakhand,2007.0,Kidnapping & Abduction - Women & Girls,02. Kidnapping & Abduction of Women & Girls,31.0,55.0,120.0,0.0,37.0,39.0,175.0,0.0,43.0,30.0,411.0,359.0,227.0,120.0,68.0,0.0,0.0,479.0
West Bengal,2007.0,Kidnapping & Abduction - Women & Girls,02. Kidnapping & Abduction of Women & Girls,422.0,310.0,931.0,15.0,31.0,29.0,1241.0,0.0,1554.0,1234.0,6336.0,5873.0,1590.0,931.0,453.0,0.0,0.0,6804.0
Andaman & Nicobar Islands,2008.0,Kidnapping & Abduction - Women & Girls,02. Kidnapping & Abduction of Women & Girls,1.0,4.0,7.0,0.0,0.0,0.0,11.0,0.0,8.0,6.0,30.0,24.0,13.0,7.0,1.0,0.0,0.0,31.0
Andhra Pradesh,2008.0,Kidnapping & Abduction - Women & Girls,02. Kidnapping & Abduction of Women & Girls,573.0,122.0,925.0,71.0,37.0,470.0,1047.0,0.0,546.0,667.0,2393.0,2149.0,1396.0,925.0,610.0,0.0,0.0,3074.0
Arunachal Pradesh,2008.0,Kidnapping & Abduction - Women & Girls,02. Kidnapping & Abduction of Women & Girls,4.0,12.0,26.0,1.0,4.0,0.0,38.0,0.0,31.0,22.0,379.0,362.0,47.0,26.0,8.0,0.0,0.0,388.0
Assam,2008.0,Kidnapping & Abduction - Women & Girls,02. Kidnapping & Abduction of Women & Girls,378.0,531.0,780.0,35.0,89.0,194.0,1311.0,0.0,2849.0,2565.0,2756.0,2478.0,1789.0,780.0,467.0,0.0,0.0,3258.0
Bihar,2008.0,Kidnapping & Abduction - Women & Girls,02. Kidnapping & Abduction of Women & Girls,475.0,371.0,837.0,5.0,138.0,317.0,1208.0,0.0,1450.0,1186.0,3562.0,3343.0,1789.0,837.0,613.0,0.0,0.0,4180.0
Chandigarh,2008.0,Kidnapping & Abduction - Women & Girls,02. Kidnapping & Abduction of Women & Girls,22.0,19.0,13.0,0.0,8.0,4.0,32.0,0.0,31.0,25.0,53.0,70.0,42.0,13.0,30.0,0.0,0.0,83.0
Chhattisgarh,2008.0,Kidnapping & Abduction - Women & Girls,02. Kidnapping & Abduction of Women & Girls,91.0,20.0,178.0,145.0,23.0,6.0,198.0,0.0,64.0,52.0,637.0,718.0,216.0,178.0,114.0,0.0,0.0,896.0
Dadra & Nagar Haveli,2008.0,Kidnapping & Abduction - Women & Girls,02. Kidnapping & Abduction of Women & Girls,1.0,0.0,6.0,0.0,0.0,0.0,6.0,0.0,10.0,5.0,21.0,16.0,11.0,6.0,1.0,0.0,0.0,22.0
Daman & Diu,2008.0,Kidnapping & Abduction - Women & Girls,02. Kidnapping & Abduction of Women & Girls,0.0,0.0,0.0,0.0,0.0,0.0,0.0,0.0,2.0,1.0,2.0,2.0,1.0,0.0,0.0,0.0,0.0,2.0
Delhi,2008.0,Kidnapping & Abduction - Women & Girls,02. Kidnapping & Abduction of Women & Girls,127.0,540.0,405.0,0.0,27.0,278.0,945.0,33.0,1941.0,2082.0,1388.0,1137.0,1136.0,405.0,154.0,0.0,21.0,1542.0
Goa,2008.0,Kidnapping & Abduction - Women & Girls,02. Kidnapping & Abduction of Women & Girls,5.0,3.0,8.0,0.0,1.0,0.0,11.0,0.0,26.0,9.0,33.0,31.0,28.0,8.0,6.0,0.0,0.0,39.0
Gujarat,2008.0,Kidnapping & Abduction - Women & Girls,02. Kidnapping & Abduction of Women & Girls,322.0,202.0,764.0,9.0,44.0,96.0,966.0,5.0,295.0,244.0,6145.0,5756.0,1119.0,764.0,366.0,0.0,1.0,6520.0
Haryana,2008.0,Kidnapping & Abduction - Women & Girls,02. Kidnapping & Abduction of Women & Girls,171.0,40.0,327.0,1.0,71.0,253.0,367.0,0.0,183.0,159.0,833.0,749.0,644.0,327.0,242.0,0.0,0.0,1076.0
Himachal Pradesh,2008.0,Kidnapping & Abduction - Women & Girls,02. Kidnapping & Abduction of Women & Girls,31.0,6.0,67.0,1.0,10.0,74.0,73.0,0.0,55.0,65.0,192.0,167.0,137.0,67.0,41.0,0.0,0.0,234.0
Jammu & Kashmir,2008.0,Kidnapping & Abduction - Women & Girls,02. Kidnapping & Abduction of Women & Girls,242.0,14.0,267.0,13.0,1.0,223.0,281.0,0.0,497.0,345.0,3590.0,3579.0,656.0,267.0,243.0,0.0,0.0,3846.0
Jharkhand,2008.0,Kidnapping & Abduction - Women & Girls,02. Kidnapping & Abduction of Women & Girls,237.0,97.0,318.0,17.0,57.0,39.0,415.0,3.0,332.0,290.0,822.0,815.0,499.0,318.0,294.0,0.0,0.0,1133.0
Karnataka,2008.0,Kidnapping & Abduction - Women & Girls,02. Kidnapping & Abduction of Women & Girls,197.0,67.0,201.0,4.0,6.0,83.0,268.0,10.0,187.0,143.0,756.0,762.0,405.0,201.0,203.0,0.0,0.0,963.0
Kerala,2008.0,Kidnapping & Abduction - Women & Girls,02. Kidnapping & Abduction of Women & Girls,105.0,21.0,155.0,0.0,1.0,23.0,176.0,0.0,88.0,121.0,660.0,611.0,166.0,155.0,106.0,0.0,0.0,766.0
Lakshadweep,2008.0,Kidnapping & Abduction - Women & Girls,02. Kidnapping & Abduction of Women & Girls,0.0,0.0,0.0,0.0,0.0,0.0,0.0,0.0,1.0,0.0,0.0,0.0,1.0,0.0,0.0,0.0,0.0,0.0
Madhya Pradesh,2008.0,Kidnapping & Abduction - Women & Girls,02. Kidnapping & Abduction of Women & Girls,454.0,59.0,619.0,6.0,204.0,15.0,678.0,0.0,190.0,147.0,1992.0,2037.0,736.0,619.0,658.0,0.0,0.0,2656.0
Maharashtra,2008.0,Kidnapping & Abduction - Women & Girls,02. Kidnapping & Abduction of Women & Girls,404.0,140.0,723.0,27.0,47.0,88.0,863.0,0.0,565.0,518.0,5902.0,5657.0,998.0,723.0,451.0,0.0,0.0,6380.0
Manipur,2008.0,Kidnapping & Abduction - Women & Girls,02. Kidnapping & Abduction of Women & Girls,0.0,25.0,0.0,0.0,0.0,0.0,25.0,0.0,254.0,192.0,22.0,22.0,87.0,0.0,0.0,0.0,0.0,22.0
Meghalaya,2008.0,Kidnapping & Abduction - Women & Girls,02. Kidnapping & Abduction of Women & Girls,4.0,5.0,3.0,0.0,0.0,0.0,8.0,0.0,82.0,65.0,90.0,91.0,25.0,3.0,4.0,0.0,0.0,94.0
Mizoram,2008.0,Kidnapping & Abduction - Women & Girls,02. Kidnapping & Abduction of Women & Girls,0.0,0.0,1.0,0.0,0.0,0.0,1.0,0.0,0.0,0.0,1.0,0.0,1.0,1.0,0.0,0.0,0.0,1.0
Nagaland,2008.0,Kidnapping & Abduction - Women & Girls,02. Kidnapping & Abduction of Women & Girls,0.0,2.0,4.0,0.0,5.0,0.0,6.0,0.0,6.0,5.0,5.0,6.0,7.0,4.0,5.0,0.0,0.0,10.0
Odisha,2008.0,Kidnapping & Abduction - Women & Girls,02. Kidnapping & Abduction of Women & Girls,282.0,25.0,504.0,0.0,67.0,60.0,529.0,0.0,677.0,504.0,1918.0,1763.0,762.0,504.0,349.0,0.0,0.0,2267.0
Puducherry,2008.0,Kidnapping & Abduction - Women & Girls,02. Kidnapping & Abduction of Women & Girls,4.0,0.0,5.0,0.0,0.0,0.0,5.0,0.0,10.0,6.0,22.0,21.0,9.0,5.0,4.0,0.0,0.0,26.0
Punjab,2008.0,Kidnapping & Abduction - Women & Girls,02. Kidnapping & Abduction of Women & Girls,88.0,92.0,257.0,1.0,22.0,172.0,349.0,0.0,329.0,336.0,945.0,799.0,514.0,257.0,110.0,0.0,0.0,1056.0
Rajasthan,2008.0,Kidnapping & Abduction - Women & Girls,02. Kidnapping & Abduction of Women & Girls,275.0,194.0,612.0,13.0,121.0,995.0,806.0,0.0,174.0,112.0,3744.0,3541.0,1863.0,612.0,396.0,0.0,0.0,4153.0
Sikkim,2008.0,Kidnapping & Abduction - Women & Girls,02. Kidnapping & Abduction of Women & Girls,1.0,1.0,5.0,0.0,1.0,0.0,6.0,0.0,8.0,10.0,14.0,11.0,4.0,5.0,2.0,0.0,0.0,16.0
Tamil Nadu,2008.0,Kidnapping & Abduction - Women & Girls,02. Kidnapping & Abduction of Women & Girls,349.0,258.0,521.0,6.0,138.0,301.0,779.0,0.0,637.0,558.0,888.0,860.0,1160.0,521.0,487.0,0.0,1.0,1381.0
Tripura,2008.0,Kidnapping & Abduction - Women & Girls,02. Kidnapping & Abduction of Women & Girls,26.0,23.0,87.0,4.0,4.0,0.0,110.0,0.0,28.0,28.0,145.0,92.0,110.0,87.0,30.0,0.0,0.0,179.0
Uttar Pradesh,2008.0,Kidnapping & Abduction - Women & Girls,02. Kidnapping & Abduction of Women & Girls,1046.0,1185.0,2571.0,22.0,1172.0,624.0,3756.0,0.0,585.0,526.0,7207.0,6876.0,4439.0,2571.0,2218.0,0.0,0.0,9447.0
Uttarakhand,2008.0,Kidnapping & Abduction - Women & Girls,02. Kidnapping & Abduction of Women & Girls,44.0,69.0,125.0,1.0,44.0,21.0,194.0,0.0,50.0,43.0,447.0,411.0,222.0,125.0,88.0,0.0,0.0,536.0
West Bengal,2008.0,Kidnapping & Abduction - Women & Girls,02. Kidnapping & Abduction of Women & Girls,440.0,200.0,1130.0,16.0,36.0,47.0,1330.0,0.0,2084.0,1554.0,6974.0,6336.0,1907.0,1130.0,476.0,0.0,0.0,7466.0
Andaman & Nicobar Islands,2009.0,Kidnapping & Abduction - Women & Girls,02. Kidnapping & Abduction of Women & Girls,2.0,7.0,2.0,0.0,0.0,0.0,9.0,0.0,13.0,8.0,30.0,30.0,14.0,2.0,2.0,0.0,0.0,32.0
Andhra Pradesh,2009.0,Kidnapping & Abduction - Women & Girls,02. Kidnapping & Abduction of Women & Girls,744.0,117.0,968.0,51.0,50.0,398.0,1085.0,0.0,589.0,546.0,2513.0,2393.0,1526.0,968.0,794.0,3.0,0.0,3358.0
Arunachal Pradesh,2009.0,Kidnapping & Abduction - Women & Girls,02. Kidnapping & Abduction of Women & Girls,5.0,8.0,31.0,1.0,4.0,0.0,39.0,0.0,20.0,31.0,400.0,379.0,28.0,31.0,9.0,0.0,0.0,410.0
Assam,2009.0,Kidnapping & Abduction - Women & Girls,02. Kidnapping & Abduction of Women & Girls,319.0,572.0,774.0,52.0,77.0,228.0,1346.0,13.0,3354.0,2849.0,3082.0,2756.0,2092.0,774.0,396.0,0.0,0.0,3530.0
Bihar,2009.0,Kidnapping & Abduction - Women & Girls,02. Kidnapping & Abduction of Women & Girls,526.0,464.0,772.0,11.0,114.0,354.0,1236.0,0.0,1846.0,1450.0,3683.0,3562.0,1986.0,772.0,640.0,0.0,0.0,4334.0
Chandigarh,2009.0,Kidnapping & Abduction - Women & Girls,02. Kidnapping & Abduction of Women & Girls,13.0,1.0,17.0,0.0,11.0,15.0,18.0,0.0,34.0,31.0,46.0,53.0,36.0,17.0,24.0,0.0,0.0,70.0
Chhattisgarh,2009.0,Kidnapping & Abduction - Women & Girls,02. Kidnapping & Abduction of Women & Girls,81.0,18.0,173.0,0.0,40.0,25.0,191.0,0.0,77.0,64.0,689.0,637.0,229.0,173.0,121.0,0.0,0.0,810.0
Dadra & Nagar Haveli,2009.0,Kidnapping & Abduction - Women & Girls,02. Kidnapping & Abduction of Women & Girls,1.0,0.0,10.0,0.0,2.0,1.0,10.0,0.0,8.0,10.0,28.0,21.0,9.0,10.0,3.0,0.0,0.0,31.0
Daman & Diu,2009.0,Kidnapping & Abduction - Women & Girls,02. Kidnapping & Abduction of Women & Girls,0.0,0.0,0.0,0.0,0.0,0.0,0.0,0.0,2.0,2.0,2.0,2.0,0.0,0.0,0.0,0.0,0.0,2.0
Delhi,2009.0,Kidnapping & Abduction - Women & Girls,02. Kidnapping & Abduction of Women & Girls,104.0,604.0,293.0,0.0,46.0,354.0,897.0,37.0,2247.0,1941.0,1531.0,1388.0,1655.0,293.0,150.0,0.0,61.0,1681.0
Goa,2009.0,Kidnapping & Abduction - Women & Girls,02. Kidnapping & Abduction of Women & Girls,12.0,8.0,13.0,0.0,0.0,3.0,21.0,0.0,24.0,26.0,34.0,33.0,22.0,13.0,12.0,0.0,0.0,46.0
Gujarat,2009.0,Kidnapping & Abduction - Women & Girls,02. Kidnapping & Abduction of Women & Girls,294.0,211.0,808.0,8.0,42.0,64.0,1019.0,9.0,365.0,295.0,6609.0,6145.0,1162.0,808.0,336.0,0.0,0.0,6953.0
Haryana,2009.0,Kidnapping & Abduction - Women & Girls,02. Kidnapping & Abduction of Women & Girls,210.0,21.0,339.0,0.0,74.0,286.0,360.0,0.0,196.0,183.0,888.0,833.0,659.0,339.0,284.0,0.0,0.0,1172.0
Himachal Pradesh,2009.0,Kidnapping & Abduction - Women & Girls,02. Kidnapping & Abduction of Women & Girls,39.0,4.0,66.0,2.0,5.0,63.0,70.0,0.0,44.0,55.0,212.0,192.0,122.0,66.0,44.0,0.0,0.0,258.0
Jammu & Kashmir,2009.0,Kidnapping & Abduction - Women & Girls,02. Kidnapping & Abduction of Women & Girls,370.0,23.0,427.0,1.0,11.0,390.0,450.0,0.0,482.0,497.0,3635.0,3590.0,825.0,427.0,381.0,0.0,0.0,4017.0
Jharkhand,2009.0,Kidnapping & Abduction - Women & Girls,02. Kidnapping & Abduction of Women & Girls,295.0,87.0,366.0,35.0,129.0,53.0,453.0,0.0,343.0,332.0,729.0,822.0,517.0,366.0,424.0,0.0,0.0,1188.0
Karnataka,2009.0,Kidnapping & Abduction - Women & Girls,02. Kidnapping & Abduction of Women & Girls,136.0,59.0,245.0,8.0,5.0,96.0,304.0,4.0,191.0,187.0,852.0,756.0,408.0,245.0,141.0,0.0,0.0,1001.0
Kerala,2009.0,Kidnapping & Abduction - Women & Girls,02. Kidnapping & Abduction of Women & Girls,81.0,11.0,131.0,1.0,8.0,13.0,142.0,0.0,106.0,88.0,701.0,660.0,173.0,131.0,89.0,0.0,0.0,791.0
Lakshadweep,2009.0,Kidnapping & Abduction - Women & Girls,02. Kidnapping & Abduction of Women & Girls,0.0,0.0,1.0,0.0,0.0,0.0,1.0,0.0,0.0,1.0,1.0,0.0,0.0,1.0,0.0,0.0,0.0,1.0
Madhya Pradesh,2009.0,Kidnapping & Abduction - Women & Girls,02. Kidnapping & Abduction of Women & Girls,285.0,68.0,679.0,13.0,121.0,19.0,747.0,0.0,265.0,190.0,2252.0,1992.0,841.0,679.0,406.0,0.0,0.0,2671.0
Maharashtra,2009.0,Kidnapping & Abduction - Women & Girls,02. Kidnapping & Abduction of Women & Girls,292.0,129.0,722.0,11.0,31.0,89.0,851.0,1.0,550.0,565.0,6290.0,5902.0,926.0,722.0,323.0,0.0,0.0,6624.0
Manipur,2009.0,Kidnapping & Abduction - Women & Girls,02. Kidnapping & Abduction of Women & Girls,0.0,33.0,1.0,0.0,0.0,0.0,34.0,0.0,317.0,254.0,23.0,22.0,97.0,1.0,0.0,0.0,0.0,23.0
Meghalaya,2009.0,Kidnapping & Abduction - Women & Girls,02. Kidnapping & Abduction of Women & Girls,13.0,6.0,5.0,0.0,0.0,0.0,11.0,0.0,97.0,82.0,82.0,90.0,26.0,5.0,13.0,0.0,0.0,95.0
Mizoram,2009.0,Kidnapping & Abduction - Women & Girls,02. Kidnapping & Abduction of Women & Girls,0.0,0.0,0.0,0.0,1.0,0.0,0.0,0.0,0.0,0.0,0.0,1.0,0.0,0.0,1.0,0.0,0.0,1.0
Nagaland,2009.0,Kidnapping & Abduction - Women & Girls,02. Kidnapping & Abduction of Women & Girls,0.0,2.0,8.0,0.0,1.0,0.0,10.0,0.0,6.0,6.0,12.0,5.0,10.0,8.0,1.0,0.0,0.0,13.0
Odisha,2009.0,Kidnapping & Abduction - Women & Girls,02. Kidnapping & Abduction of Women & Girls,236.0,15.0,485.0,0.0,40.0,55.0,500.0,0.0,921.0,677.0,2127.0,1918.0,799.0,485.0,276.0,0.0,0.0,2403.0
Puducherry,2009.0,Kidnapping & Abduction - Women & Girls,02. Kidnapping & Abduction of Women & Girls,3.0,1.0,13.0,0.0,0.0,4.0,14.0,1.0,4.0,10.0,32.0,22.0,13.0,13.0,3.0,0.0,0.0,35.0
Punjab,2009.0,Kidnapping & Abduction - Women & Girls,02. Kidnapping & Abduction of Women & Girls,158.0,87.0,212.0,0.0,34.0,184.0,299.0,0.0,359.0,329.0,965.0,945.0,513.0,212.0,192.0,0.0,0.0,1157.0
Rajasthan,2009.0,Kidnapping & Abduction - Women & Girls,02. Kidnapping & Abduction of Women & Girls,243.0,223.0,732.0,9.0,120.0,1298.0,955.0,0.0,231.0,174.0,4104.0,3744.0,2310.0,732.0,363.0,0.0,0.0,4476.0
Sikkim,2009.0,Kidnapping & Abduction - Women & Girls,02. Kidnapping & Abduction of Women & Girls,2.0,0.0,3.0,0.0,2.0,0.0,3.0,0.0,11.0,8.0,13.0,14.0,6.0,3.0,4.0,0.0,0.0,17.0
Tamil Nadu,2009.0,Kidnapping & Abduction - Women & Girls,02. Kidnapping & Abduction of Women & Girls,246.0,262.0,527.0,11.0,56.0,319.0,789.0,0.0,662.0,637.0,1102.0,888.0,1133.0,527.0,302.0,0.0,0.0,1415.0
Tripura,2009.0,Kidnapping & Abduction - Women & Girls,02. Kidnapping & Abduction of Women & Girls,32.0,21.0,71.0,0.0,6.0,0.0,92.0,0.0,28.0,28.0,178.0,145.0,92.0,71.0,38.0,0.0,0.0,216.0
Uttar Pradesh,2009.0,Kidnapping & Abduction - Women & Girls,02. Kidnapping & Abduction of Women & Girls,1244.0,1283.0,2941.0,8.0,1251.0,722.0,4224.0,0.0,717.0,585.0,7645.0,7207.0,5078.0,2941.0,2495.0,0.0,0.0,10148.0
Uttarakhand,2009.0,Kidnapping & Abduction - Women & Girls,02. Kidnapping & Abduction of Women & Girls,47.0,76.0,150.0,10.0,36.0,26.0,226.0,0.0,45.0,50.0,504.0,447.0,247.0,150.0,83.0,0.0,0.0,597.0
West Bengal,2009.0,Kidnapping & Abduction - Women & Girls,02. Kidnapping & Abduction of Women & Girls,369.0,321.0,1137.0,13.0,31.0,54.0,1458.0,1.0,2758.0,2084.0,7698.0,6974.0,2187.0,1137.0,400.0,0.0,0.0,8111.0
Andaman & Nicobar Islands,2010.0,Kidnapping & Abduction - Women & Girls,02. Kidnapping & Abduction of Women & Girls,0.0,3.0,7.0,0.0,0.0,0.0,10.0,0.0,11.0,13.0,37.0,30.0,8.0,7.0,0.0,0.0,0.0,37.0
Andhra Pradesh,2010.0,Kidnapping & Abduction - Women & Girls,02. Kidnapping & Abduction of Women & Girls,749.0,58.0,1101.0,58.0,75.0,410.0,1159.0,0.0,551.0,589.0,2732.0,2513.0,1531.0,1101.0,824.0,0.0,0.0,3614.0
Arunachal Pradesh,2010.0,Kidnapping & Abduction - Women & Girls,02. Kidnapping & Abduction of Women & Girls,2.0,15.0,21.0,5.0,2.0,0.0,36.0,0.0,30.0,20.0,412.0,400.0,46.0,21.0,4.0,0.0,0.0,421.0
Assam,2010.0,Kidnapping & Abduction - Women & Girls,02. Kidnapping & Abduction of Women & Girls,509.0,730.0,971.0,22.0,106.0,231.0,1701.0,63.0,4126.0,3354.0,3416.0,3082.0,2767.0,971.0,615.0,0.0,0.0,4053.0
Bihar,2010.0,Kidnapping & Abduction - Women & Girls,02. Kidnapping & Abduction of Women & Girls,581.0,593.0,1150.0,15.0,108.0,410.0,1743.0,0.0,2262.0,1846.0,4129.0,3683.0,2569.0,1150.0,689.0,0.0,0.0,4833.0
Chandigarh,2010.0,Kidnapping & Abduction - Women & Girls,02. Kidnapping & Abduction of Women & Girls,8.0,2.0,1.0,0.0,6.0,30.0,3.0,0.0,29.0,34.0,33.0,46.0,28.0,1.0,14.0,0.0,0.0,47.0
Chhattisgarh,2010.0,Kidnapping & Abduction - Women & Girls,02. Kidnapping & Abduction of Women & Girls,109.0,34.0,192.0,1.0,36.0,13.0,226.0,0.0,117.0,77.0,735.0,689.0,279.0,192.0,145.0,0.0,0.0,881.0
Dadra & Nagar Haveli,2010.0,Kidnapping & Abduction - Women & Girls,02. Kidnapping & Abduction of Women & Girls,2.0,0.0,3.0,0.0,1.0,2.0,3.0,0.0,13.0,8.0,28.0,28.0,10.0,3.0,3.0,0.0,0.0,31.0
Daman & Diu,2010.0,Kidnapping & Abduction - Women & Girls,02. Kidnapping & Abduction of Women & Girls,0.0,1.0,0.0,0.0,0.0,0.0,1.0,0.0,3.0,2.0,2.0,2.0,2.0,0.0,0.0,0.0,0.0,2.0
Delhi,2010.0,Kidnapping & Abduction - Women & Girls,02. Kidnapping & Abduction of Women & Girls,141.0,656.0,289.0,0.0,85.0,537.0,945.0,26.0,2407.0,2247.0,1594.0,1531.0,1740.0,289.0,226.0,0.0,72.0,1820.0
Goa,2010.0,Kidnapping & Abduction - Women & Girls,02. Kidnapping & Abduction of Women & Girls,8.0,7.0,10.0,0.0,1.0,3.0,17.0,0.0,22.0,24.0,35.0,34.0,18.0,10.0,9.0,0.0,0.0,44.0
Gujarat,2010.0,Kidnapping & Abduction - Women & Girls,02. Kidnapping & Abduction of Women & Girls,350.0,229.0,1027.0,17.0,51.0,50.0,1256.0,10.0,338.0,365.0,7218.0,6609.0,1290.0,1027.0,401.0,0.0,1.0,7636.0
Haryana,2010.0,Kidnapping & Abduction - Women & Girls,02. Kidnapping & Abduction of Women & Girls,259.0,21.0,431.0,0.0,91.0,260.0,452.0,0.0,198.0,196.0,969.0,888.0,714.0,431.0,350.0,0.0,0.0,1319.0
Himachal Pradesh,2010.0,Kidnapping & Abduction - Women & Girls,02. Kidnapping & Abduction of Women & Girls,28.0,3.0,55.0,3.0,5.0,83.0,58.0,0.0,65.0,44.0,231.0,212.0,162.0,55.0,33.0,0.0,0.0,267.0
Jammu & Kashmir,2010.0,Kidnapping & Abduction - Women & Girls,02. Kidnapping & Abduction of Women & Girls,250.0,31.0,346.0,5.0,5.0,423.0,377.0,0.0,522.0,482.0,3721.0,3635.0,840.0,346.0,255.0,0.0,0.0,3981.0
Jharkhand,2010.0,Kidnapping & Abduction - Women & Girls,02. Kidnapping & Abduction of Women & Girls,309.0,108.0,420.0,0.0,67.0,63.0,528.0,0.0,448.0,343.0,773.0,729.0,696.0,420.0,376.0,0.0,0.0,1149.0
Karnataka,2010.0,Kidnapping & Abduction - Women & Girls,02. Kidnapping & Abduction of Women & Girls,186.0,105.0,328.0,3.0,14.0,137.0,433.0,8.0,197.0,191.0,977.0,852.0,586.0,328.0,200.0,0.0,2.0,1180.0
Kerala,2010.0,Kidnapping & Abduction - Women & Girls,02. Kidnapping & Abduction of Women & Girls,72.0,12.0,174.0,0.0,4.0,17.0,186.0,0.0,87.0,106.0,799.0,701.0,184.0,174.0,76.0,0.0,0.0,875.0
Lakshadweep,2010.0,Kidnapping & Abduction - Women & Girls,02. Kidnapping & Abduction of Women & Girls,0.0,0.0,0.0,0.0,0.0,0.0,0.0,0.0,0.0,0.0,1.0,1.0,0.0,0.0,0.0,0.0,0.0,1.0
Madhya Pradesh,2010.0,Kidnapping & Abduction - Women & Girls,02. Kidnapping & Abduction of Women & Girls,433.0,86.0,856.0,11.0,208.0,20.0,942.0,0.0,333.0,265.0,2456.0,2252.0,1030.0,856.0,641.0,0.0,0.0,3108.0
Maharashtra,2010.0,Kidnapping & Abduction - Women & Girls,02. Kidnapping & Abduction of Women & Girls,366.0,138.0,706.0,9.0,21.0,99.0,844.0,9.0,722.0,550.0,6600.0,6290.0,1124.0,706.0,387.0,0.0,0.0,6996.0
Manipur,2010.0,Kidnapping & Abduction - Women & Girls,02. Kidnapping & Abduction of Women & Girls,2.0,38.0,2.0,0.0,0.0,0.0,40.0,0.0,384.0,317.0,23.0,23.0,107.0,2.0,2.0,0.0,0.0,25.0
Meghalaya,2010.0,Kidnapping & Abduction - Women & Girls,02. Kidnapping & Abduction of Women & Girls,6.0,1.0,9.0,0.0,0.0,0.0,10.0,0.0,124.0,97.0,85.0,82.0,37.0,9.0,6.0,0.0,0.0,91.0
Mizoram,2010.0,Kidnapping & Abduction - Women & Girls,02. Kidnapping & Abduction of Women & Girls,0.0,0.0,0.0,0.0,0.0,0.0,0.0,0.0,0.0,0.0,0.0,0.0,0.0,0.0,0.0,0.0,0.0,0.0
Nagaland,2010.0,Kidnapping & Abduction - Women & Girls,02. Kidnapping & Abduction of Women & Girls,10.0,1.0,8.0,0.0,4.0,0.0,9.0,0.0,3.0,6.0,6.0,12.0,6.0,8.0,14.0,0.0,0.0,20.0
Odisha,2010.0,Kidnapping & Abduction - Women & Girls,02. Kidnapping & Abduction of Women & Girls,371.0,23.0,811.0,0.0,31.0,120.0,834.0,0.0,879.0,921.0,2536.0,2127.0,912.0,811.0,402.0,0.0,0.0,2938.0
Puducherry,2010.0,Kidnapping & Abduction - Women & Girls,02. Kidnapping & Abduction of Women & Girls,3.0,0.0,13.0,0.0,2.0,2.0,13.0,0.0,3.0,4.0,40.0,32.0,14.0,13.0,5.0,0.0,0.0,45.0
Punjab,2010.0,Kidnapping & Abduction - Women & Girls,02. Kidnapping & Abduction of Women & Girls,123.0,120.0,226.0,0.0,47.0,207.0,346.0,0.0,339.0,316.0,911.0,855.0,576.0,226.0,170.0,0.0,0.0,1081.0
Rajasthan,2010.0,Kidnapping & Abduction - Women & Girls,02. Kidnapping & Abduction of Women & Girls,244.0,196.0,815.0,31.0,128.0,1374.0,1011.0,0.0,323.0,231.0,4516.0,4104.0,2477.0,815.0,372.0,0.0,0.0,4919.0
Sikkim,2010.0,Kidnapping & Abduction - Women & Girls,02. Kidnapping & Abduction of Women & Girls,1.0,1.0,10.0,1.0,1.0,0.0,11.0,0.0,6.0,11.0,20.0,13.0,6.0,10.0,2.0,0.0,0.0,23.0
Tamil Nadu,2010.0,Kidnapping & Abduction - Women & Girls,02. Kidnapping & Abduction of Women & Girls,325.0,246.0,619.0,9.0,104.0,316.0,865.0,0.0,945.0,662.0,1283.0,1102.0,1464.0,619.0,429.0,0.0,0.0,1721.0
Tripura,2010.0,Kidnapping & Abduction - Women & Girls,02. Kidnapping & Abduction of Women & Girls,33.0,14.0,57.0,0.0,3.0,3.0,71.0,0.0,45.0,28.0,199.0,178.0,91.0,57.0,36.0,0.0,0.0,235.0
Uttar Pradesh,2010.0,Kidnapping & Abduction - Women & Girls,02. Kidnapping & Abduction of Women & Girls,1458.0,1525.0,3050.0,14.0,1594.0,565.0,4575.0,0.0,1045.0,717.0,7629.0,7645.0,5468.0,3050.0,3052.0,0.0,0.0,10695.0
Uttarakhand,2010.0,Kidnapping & Abduction - Women & Girls,02. Kidnapping & Abduction of Women & Girls,57.0,91.0,147.0,0.0,36.0,14.0,238.0,0.0,42.0,45.0,558.0,504.0,249.0,147.0,93.0,0.0,0.0,651.0
West Bengal,2010.0,Kidnapping & Abduction - Women & Girls,02. Kidnapping & Abduction of Women & Girls,353.0,435.0,2069.0,21.0,37.0,66.0,2504.0,0.0,2952.0,2758.0,9356.0,7698.0,2764.0,2069.0,390.0,0.0,0.0,9767.0
Andaman & Nicobar Islands,2001.0,Dowry Deaths,03. Dowry Deaths,0.0,0.0,0.0,0.0,0.0,0.0,0.0,0.0,0.0,0.0,2.0,2.0,0.0,0.0,0.0,0.0,0.0,2.0
Andhra Pradesh,2001.0,Dowry Deaths,03. Dowry Deaths,324.0,10.0,366.0,12.0,87.0,15.0,376.0,0.0,227.0,198.0,1074.0,1131.0,420.0,366.0,411.0,0.0,0.0,1497.0
Arunachal Pradesh,2001.0,Dowry Deaths,03. Dowry Deaths,0.0,0.0,0.0,0.0,0.0,0.0,0.0,0.0,0.0,0.0,0.0,0.0,0.0,0.0,0.0,0.0,0.0,0.0
Assam,2001.0,Dowry Deaths,03. Dowry Deaths,13.0,0.0,28.0,0.0,8.0,1.0,28.0,0.0,84.0,54.0,94.0,87.0,59.0,28.0,21.0,0.0,0.0,115.0
Bihar,2001.0,Dowry Deaths,03. Dowry Deaths,253.0,107.0,670.0,18.0,146.0,82.0,777.0,0.0,494.0,494.0,2309.0,2056.0,859.0,670.0,399.0,0.0,0.0,2726.0
Chandigarh,2001.0,Dowry Deaths,03. Dowry Deaths,0.0,0.0,2.0,0.0,2.0,0.0,2.0,0.0,1.0,0.0,7.0,7.0,3.0,2.0,2.0,0.0,0.0,9.0
Chhattisgarh,2001.0,Dowry Deaths,03. Dowry Deaths,31.0,0.0,66.0,0.0,15.0,0.0,66.0,0.0,13.0,9.0,213.0,193.0,70.0,66.0,46.0,0.0,0.0,259.0
Dadra & Nagar Haveli,2001.0,Dowry Deaths,03. Dowry Deaths,0.0,0.0,0.0,0.0,1.0,0.0,0.0,0.0,0.0,0.0,2.0,3.0,0.0,0.0,1.0,0.0,0.0,3.0
Daman & Diu,2001.0,Dowry Deaths,03. Dowry Deaths,0.0,0.0,0.0,0.0,0.0,0.0,0.0,0.0,0.0,0.0,0.0,0.0,0.0,0.0,0.0,0.0,0.0,0.0
Delhi,2001.0,Dowry Deaths,03. Dowry Deaths,32.0,11.0,131.0,0.0,58.0,0.0,142.0,0.0,49.0,78.0,505.0,464.0,113.0,131.0,90.0,0.0,0.0,595.0
Goa,2001.0,Dowry Deaths,03. Dowry Deaths,2.0,0.0,2.0,0.0,1.0,1.0,2.0,0.0,0.0,1.0,8.0,9.0,2.0,2.0,3.0,0.0,0.0,11.0
Gujarat,2001.0,Dowry Deaths,03. Dowry Deaths,21.0,0.0,67.0,4.0,1.0,1.0,67.0,0.0,6.0,7.0,481.0,440.0,67.0,67.0,22.0,0.0,0.0,507.0
Haryana,2001.0,Dowry Deaths,03. Dowry Deaths,250.0,2.0,265.0,9.0,52.0,25.0,267.0,0.0,22.0,29.0,661.0,707.0,285.0,265.0,302.0,0.0,0.0,972.0
Himachal Pradesh,2001.0,Dowry Deaths,03. Dowry Deaths,4.0,0.0,6.0,0.0,0.0,3.0,6.0,0.0,4.0,3.0,26.0,24.0,10.0,6.0,4.0,0.0,0.0,30.0
Jammu & Kashmir,2001.0,Dowry Deaths,03. Dowry Deaths,7.0,1.0,16.0,1.0,0.0,0.0,17.0,0.0,1.0,5.0,15.0,7.0,13.0,16.0,7.0,0.0,0.0,23.0
Jharkhand,2001.0,Dowry Deaths,03. Dowry Deaths,126.0,16.0,237.0,0.0,50.0,7.0,253.0,0.0,83.0,126.0,410.0,349.0,217.0,237.0,176.0,0.0,0.0,586.0
Karnataka,2001.0,Dowry Deaths,03. Dowry Deaths,109.0,9.0,216.0,4.0,13.0,9.0,225.0,7.0,66.0,87.0,636.0,559.0,220.0,216.0,122.0,13.0,0.0,762.0
Kerala,2001.0,Dowry Deaths,03. Dowry Deaths,8.0,1.0,27.0,0.0,6.0,0.0,28.0,0.0,20.0,21.0,119.0,106.0,27.0,27.0,14.0,0.0,0.0,133.0
Lakshadweep,2001.0,Dowry Deaths,03. Dowry Deaths,0.0,0.0,0.0,0.0,0.0,0.0,0.0,0.0,0.0,0.0,0.0,0.0,0.0,0.0,0.0,0.0,0.0,0.0
Madhya Pradesh,2001.0,Dowry Deaths,03. Dowry Deaths,452.0,9.0,592.0,2.0,165.0,4.0,601.0,0.0,124.0,122.0,1638.0,1665.0,609.0,592.0,617.0,0.0,2.0,2257.0
Maharashtra,2001.0,Dowry Deaths,03. Dowry Deaths,326.0,3.0,327.0,13.0,34.0,0.0,330.0,0.0,93.0,115.0,3060.0,3106.0,308.0,327.0,360.0,0.0,0.0,3433.0
Manipur,2001.0,Dowry Deaths,03. Dowry Deaths,0.0,0.0,0.0,0.0,0.0,0.0,0.0,0.0,0.0,0.0,0.0,0.0,0.0,0.0,0.0,0.0,0.0,0.0
Meghalaya,2001.0,Dowry Deaths,03. Dowry Deaths,0.0,0.0,0.0,0.0,0.0,0.0,0.0,0.0,1.0,1.0,0.0,0.0,0.0,0.0,0.0,0.0,0.0,0.0
Mizoram,2001.0,Dowry Deaths,03. Dowry Deaths,0.0,0.0,0.0,0.0,0.0,0.0,0.0,0.0,0.0,0.0,0.0,0.0,0.0,0.0,0.0,0.0,0.0,0.0
Nagaland,2001.0,Dowry Deaths,03. Dowry Deaths,0.0,0.0,0.0,0.0,0.0,0.0,0.0,0.0,0.0,0.0,0.0,0.0,0.0,0.0,0.0,0.0,0.0,0.0
Odisha,2001.0,Dowry Deaths,03. Dowry Deaths,148.0,18.0,288.0,0.0,34.0,5.0,306.0,0.0,125.0,142.0,735.0,629.0,294.0,288.0,182.0,0.0,0.0,917.0
Puducherry,2001.0,Dowry Deaths,03. Dowry Deaths,4.0,0.0,4.0,0.0,2.0,0.0,4.0,0.0,0.0,3.0,4.0,6.0,1.0,4.0,6.0,0.0,0.0,10.0
Punjab,2001.0,Dowry Deaths,03. Dowry Deaths,79.0,7.0,140.0,1.0,50.0,12.0,147.0,0.0,95.0,95.0,335.0,325.0,159.0,140.0,129.0,0.0,0.0,465.0
Rajasthan,2001.0,Dowry Deaths,03. Dowry Deaths,170.0,4.0,306.0,1.0,106.0,94.0,310.0,0.0,45.0,73.0,1316.0,1287.0,376.0,306.0,276.0,0.0,0.0,1593.0
Sikkim,2001.0,Dowry Deaths,03. Dowry Deaths,0.0,0.0,0.0,0.0,0.0,0.0,0.0,0.0,0.0,0.0,0.0,0.0,0.0,0.0,0.0,0.0,0.0,0.0
Tamil Nadu,2001.0,Dowry Deaths,03. Dowry Deaths,98.0,6.0,174.0,6.0,44.0,4.0,180.0,3.0,100.0,96.0,557.0,531.0,191.0,174.0,142.0,0.0,0.0,705.0
Tripura,2001.0,Dowry Deaths,03. Dowry Deaths,7.0,2.0,13.0,0.0,2.0,0.0,15.0,0.0,26.0,25.0,31.0,27.0,16.0,13.0,9.0,0.0,0.0,40.0
Uttar Pradesh,2001.0,Dowry Deaths,03. Dowry Deaths,800.0,265.0,1784.0,101.0,727.0,135.0,2049.0,0.0,445.0,418.0,7226.0,7070.0,2211.0,1784.0,1527.0,0.0,0.0,8854.0
Uttarakhand,2001.0,Dowry Deaths,03. Dowry Deaths,36.0,3.0,54.0,8.0,24.0,2.0,57.0,0.0,7.0,10.0,133.0,147.0,56.0,54.0,60.0,0.0,0.0,201.0
West Bengal,2001.0,Dowry Deaths,03. Dowry Deaths,139.0,5.0,279.0,0.0,25.0,0.0,284.0,0.0,269.0,288.0,1100.0,985.0,265.0,279.0,164.0,0.0,0.0,1264.0
Andaman & Nicobar Islands,2002.0,Dowry Deaths,03. Dowry Deaths,0.0,0.0,0.0,0.0,0.0,0.0,0.0,0.0,0.0,0.0,2.0,2.0,0.0,0.0,0.0,0.0,0.0,2.0
Andhra Pradesh,2002.0,Dowry Deaths,03. Dowry Deaths,360.0,5.0,443.0,7.0,61.0,22.0,448.0,3.0,203.0,227.0,1089.0,1074.0,449.0,443.0,421.0,0.0,0.0,1517.0
Arunachal Pradesh,2002.0,Dowry Deaths,03. Dowry Deaths,0.0,0.0,0.0,0.0,0.0,0.0,0.0,0.0,0.0,0.0,0.0,0.0,0.0,0.0,0.0,0.0,0.0,0.0
Assam,2002.0,Dowry Deaths,03. Dowry Deaths,10.0,6.0,36.0,0.0,6.0,1.0,42.0,0.0,111.0,84.0,114.0,94.0,70.0,36.0,16.0,0.0,0.0,130.0
Bihar,2002.0,Dowry Deaths,03. Dowry Deaths,245.0,102.0,650.0,1.0,80.0,76.0,752.0,0.0,593.0,494.0,2633.0,2309.0,927.0,650.0,325.0,0.0,0.0,2959.0
Chandigarh,2002.0,Dowry Deaths,03. Dowry Deaths,2.0,1.0,0.0,0.0,2.0,0.0,1.0,0.0,1.0,1.0,3.0,7.0,1.0,0.0,4.0,0.0,0.0,7.0
Chhattisgarh,2002.0,Dowry Deaths,03. Dowry Deaths,49.0,3.0,83.0,5.0,22.0,0.0,86.0,1.0,11.0,13.0,220.0,213.0,85.0,83.0,71.0,0.0,0.0,296.0
Dadra & Nagar Haveli,2002.0,Dowry Deaths,03. Dowry Deaths,0.0,0.0,0.0,0.0,0.0,0.0,0.0,0.0,0.0,0.0,2.0,2.0,0.0,0.0,0.0,0.0,0.0,2.0
Daman & Diu,2002.0,Dowry Deaths,03. Dowry Deaths,0.0,0.0,0.0,0.0,0.0,0.0,0.0,0.0,0.0,0.0,0.0,0.0,0.0,0.0,0.0,0.0,0.0,0.0
Delhi,2002.0,Dowry Deaths,03. Dowry Deaths,15.0,5.0,122.0,0.0,12.0,0.0,127.0,0.0,57.0,49.0,600.0,505.0,135.0,122.0,27.0,0.0,0.0,627.0
Goa,2002.0,Dowry Deaths,03. Dowry Deaths,0.0,0.0,0.0,0.0,0.0,0.0,0.0,0.0,2.0,0.0,8.0,8.0,2.0,0.0,0.0,0.0,0.0,8.0
Gujarat,2002.0,Dowry Deaths,03. Dowry Deaths,39.0,5.0,59.0,3.0,3.0,0.0,64.0,0.0,4.0,6.0,495.0,481.0,62.0,59.0,42.0,0.0,0.0,540.0
Haryana,2002.0,Dowry Deaths,03. Dowry Deaths,210.0,2.0,227.0,15.0,59.0,29.0,229.0,0.0,20.0,22.0,604.0,661.0,256.0,227.0,269.0,0.0,0.0,888.0
Himachal Pradesh,2002.0,Dowry Deaths,03. Dowry Deaths,0.0,0.0,7.0,0.0,3.0,1.0,7.0,0.0,2.0,4.0,30.0,26.0,6.0,7.0,3.0,0.0,0.0,33.0
Jammu & Kashmir,2002.0,Dowry Deaths,03. Dowry Deaths,4.0,0.0,11.0,0.0,1.0,0.0,11.0,0.0,8.0,1.0,21.0,15.0,18.0,11.0,5.0,0.0,0.0,26.0
Jharkhand,2002.0,Dowry Deaths,03. Dowry Deaths,154.0,14.0,238.0,0.0,78.0,8.0,252.0,0.0,94.0,79.0,461.0,455.0,275.0,238.0,232.0,0.0,0.0,693.0
Karnataka,2002.0,Dowry Deaths,03. Dowry Deaths,131.0,6.0,198.0,0.0,13.0,6.0,204.0,19.0,70.0,66.0,690.0,636.0,233.0,198.0,144.0,0.0,0.0,834.0
Kerala,2002.0,Dowry Deaths,03. Dowry Deaths,7.0,1.0,17.0,1.0,2.0,0.0,18.0,0.0,19.0,20.0,126.0,119.0,17.0,17.0,9.0,0.0,0.0,136.0
Lakshadweep,2002.0,Dowry Deaths,03. Dowry Deaths,0.0,0.0,0.0,0.0,0.0,0.0,0.0,0.0,0.0,0.0,0.0,0.0,0.0,0.0,0.0,0.0,0.0,0.0
Madhya Pradesh,2002.0,Dowry Deaths,03. Dowry Deaths,391.0,4.0,696.0,7.0,203.0,3.0,700.0,0.0,95.0,124.0,1733.0,1638.0,674.0,696.0,594.0,0.0,0.0,2334.0
Maharashtra,2002.0,Dowry Deaths,03. Dowry Deaths,277.0,3.0,312.0,11.0,36.0,2.0,315.0,0.0,79.0,93.0,3048.0,3060.0,303.0,312.0,313.0,0.0,0.0,3372.0
Manipur,2002.0,Dowry Deaths,03. Dowry Deaths,0.0,0.0,0.0,0.0,0.0,0.0,0.0,0.0,0.0,0.0,0.0,0.0,0.0,0.0,0.0,0.0,0.0,0.0
Meghalaya,2002.0,Dowry Deaths,03. Dowry Deaths,0.0,0.0,0.0,0.0,0.0,0.0,0.0,0.0,1.0,1.0,0.0,0.0,0.0,0.0,0.0,0.0,0.0,0.0
Mizoram,2002.0,Dowry Deaths,03. Dowry Deaths,0.0,0.0,0.0,0.0,0.0,0.0,0.0,0.0,0.0,0.0,0.0,0.0,0.0,0.0,0.0,0.0,0.0,0.0
Nagaland,2002.0,Dowry Deaths,03. Dowry Deaths,0.0,0.0,0.0,0.0,0.0,0.0,0.0,0.0,0.0,0.0,0.0,0.0,0.0,0.0,0.0,0.0,0.0,0.0
Odisha,2002.0,Dowry Deaths,03. Dowry Deaths,138.0,2.0,231.0,0.0,32.0,5.0,233.0,0.0,135.0,125.0,796.0,735.0,248.0,231.0,170.0,0.0,0.0,966.0
Puducherry,2002.0,Dowry Deaths,03. Dowry Deaths,2.0,0.0,3.0,0.0,0.0,0.0,3.0,0.0,2.0,0.0,5.0,4.0,5.0,3.0,2.0,0.0,0.0,7.0
Punjab,2002.0,Dowry Deaths,03. Dowry Deaths,68.0,15.0,128.0,2.0,70.0,12.0,143.0,0.0,106.0,95.0,323.0,335.0,166.0,128.0,138.0,0.0,0.0,463.0
Rajasthan,2002.0,Dowry Deaths,03. Dowry Deaths,189.0,2.0,298.0,2.0,139.0,87.0,300.0,0.0,57.0,45.0,1284.0,1316.0,399.0,298.0,328.0,0.0,0.0,1614.0
Sikkim,2002.0,Dowry Deaths,03. Dowry Deaths,0.0,0.0,0.0,0.0,0.0,0.0,0.0,0.0,0.0,0.0,0.0,0.0,0.0,0.0,0.0,0.0,0.0,0.0
Tamil Nadu,2002.0,Dowry Deaths,03. Dowry Deaths,137.0,6.0,244.0,0.0,76.0,7.0,250.0,2.0,84.0,100.0,588.0,557.0,243.0,244.0,213.0,0.0,0.0,801.0
Tripura,2002.0,Dowry Deaths,03. Dowry Deaths,9.0,1.0,18.0,0.0,7.0,0.0,19.0,0.0,23.0,26.0,33.0,31.0,16.0,18.0,16.0,0.0,0.0,49.0
Uttar Pradesh,2002.0,Dowry Deaths,03. Dowry Deaths,929.0,184.0,1818.0,65.0,902.0,136.0,2002.0,0.0,200.0,445.0,7148.0,7226.0,1893.0,1818.0,1831.0,0.0,0.0,9044.0
Uttarakhand,2002.0,Dowry Deaths,03. Dowry Deaths,19.0,8.0,53.0,0.0,30.0,1.0,61.0,0.0,11.0,7.0,137.0,133.0,66.0,53.0,49.0,0.0,0.0,186.0
West Bengal,2002.0,Dowry Deaths,03. Dowry Deaths,237.0,35.0,273.0,0.0,33.0,0.0,308.0,0.0,234.0,269.0,1103.0,1100.0,273.0,273.0,270.0,0.0,0.0,1373.0
Andaman & Nicobar Islands,2003.0,Dowry Deaths,03. Dowry Deaths,0.0,0.0,0.0,0.0,0.0,0.0,0.0,0.0,0.0,0.0,2.0,2.0,0.0,0.0,0.0,0.0,0.0,2.0
Andhra Pradesh,2003.0,Dowry Deaths,03. Dowry Deaths,336.0,9.0,362.0,3.0,71.0,35.0,371.0,0.0,263.0,203.0,1041.0,1089.0,466.0,362.0,407.0,0.0,0.0,1451.0
Arunachal Pradesh,2003.0,Dowry Deaths,03. Dowry Deaths,0.0,0.0,0.0,0.0,0.0,0.0,0.0,0.0,0.0,0.0,0.0,0.0,0.0,0.0,0.0,0.0,0.0,0.0
Assam,2003.0,Dowry Deaths,03. Dowry Deaths,18.0,13.0,32.0,0.0,8.0,1.0,45.0,0.0,125.0,111.0,120.0,114.0,60.0,32.0,26.0,0.0,0.0,146.0
Bihar,2003.0,Dowry Deaths,03. Dowry Deaths,390.0,128.0,595.0,15.0,101.0,57.0,723.0,0.0,722.0,593.0,2722.0,2633.0,909.0,595.0,491.0,0.0,0.0,3228.0
Chandigarh,2003.0,Dowry Deaths,03. Dowry Deaths,0.0,1.0,1.0,0.0,0.0,0.0,2.0,0.0,0.0,1.0,4.0,3.0,1.0,1.0,0.0,0.0,0.0,4.0
Chhattisgarh,2003.0,Dowry Deaths,03. Dowry Deaths,20.0,0.0,80.0,6.0,20.0,0.0,80.0,0.0,10.0,11.0,254.0,220.0,79.0,80.0,40.0,0.0,0.0,300.0
Dadra & Nagar Haveli,2003.0,Dowry Deaths,03. Dowry Deaths,0.0,0.0,0.0,0.0,0.0,0.0,0.0,0.0,0.0,0.0,2.0,2.0,0.0,0.0,0.0,0.0,0.0,2.0
Daman & Diu,2003.0,Dowry Deaths,03. Dowry Deaths,0.0,0.0,0.0,0.0,0.0,0.0,0.0,0.0,1.0,0.0,0.0,0.0,1.0,0.0,0.0,0.0,0.0,0.0
Delhi,2003.0,Dowry Deaths,03. Dowry Deaths,23.0,7.0,123.0,0.0,9.0,0.0,130.0,0.0,57.0,57.0,691.0,600.0,130.0,123.0,32.0,0.0,0.0,723.0
Goa,2003.0,Dowry Deaths,03. Dowry Deaths,1.0,0.0,2.0,0.0,0.0,0.0,2.0,0.0,2.0,2.0,9.0,8.0,2.0,2.0,1.0,0.0,0.0,10.0
Gujarat,2003.0,Dowry Deaths,03. Dowry Deaths,44.0,2.0,49.0,2.0,4.0,1.0,51.0,0.0,6.0,4.0,494.0,495.0,54.0,49.0,48.0,0.0,0.0,544.0
Haryana,2003.0,Dowry Deaths,03. Dowry Deaths,151.0,1.0,202.0,0.0,60.0,32.0,203.0,0.0,7.0,20.0,595.0,604.0,222.0,202.0,211.0,0.0,0.0,806.0
Himachal Pradesh,2003.0,Dowry Deaths,03. Dowry Deaths,7.0,0.0,6.0,0.0,0.0,0.0,6.0,0.0,2.0,2.0,29.0,30.0,6.0,6.0,7.0,0.0,0.0,36.0
Jammu & Kashmir,2003.0,Dowry Deaths,03. Dowry Deaths,9.0,0.0,14.0,0.0,4.0,0.0,14.0,0.0,4.0,8.0,22.0,21.0,10.0,14.0,13.0,0.0,0.0,35.0
Jharkhand,2003.0,Dowry Deaths,03. Dowry Deaths,133.0,7.0,225.0,13.0,52.0,3.0,232.0,0.0,121.0,94.0,488.0,461.0,262.0,225.0,185.0,0.0,0.0,686.0
Karnataka,2003.0,Dowry Deaths,03. Dowry Deaths,138.0,8.0,177.0,3.0,24.0,3.0,185.0,12.0,64.0,70.0,702.0,690.0,194.0,177.0,162.0,0.0,0.0,867.0
Kerala,2003.0,Dowry Deaths,03. Dowry Deaths,7.0,1.0,17.0,0.0,4.0,0.0,18.0,1.0,33.0,19.0,132.0,126.0,33.0,17.0,11.0,0.0,0.0,143.0
Lakshadweep,2003.0,Dowry Deaths,03. Dowry Deaths,0.0,0.0,0.0,0.0,0.0,0.0,0.0,0.0,0.0,0.0,0.0,0.0,0.0,0.0,0.0,0.0,0.0,0.0
Madhya Pradesh,2003.0,Dowry Deaths,03. Dowry Deaths,446.0,11.0,601.0,25.0,217.0,0.0,612.0,0.0,124.0,88.0,1637.0,1724.0,648.0,601.0,663.0,0.0,0.0,2325.0
Maharashtra,2003.0,Dowry Deaths,03. Dowry Deaths,319.0,2.0,367.0,10.0,81.0,0.0,369.0,0.0,78.0,79.0,3005.0,3048.0,368.0,367.0,400.0,0.0,0.0,3415.0
Manipur,2003.0,Dowry Deaths,03. Dowry Deaths,0.0,0.0,0.0,0.0,0.0,0.0,0.0,0.0,0.0,0.0,0.0,0.0,0.0,0.0,0.0,0.0,0.0,0.0
Meghalaya,2003.0,Dowry Deaths,03. Dowry Deaths,0.0,0.0,0.0,0.0,0.0,0.0,0.0,0.0,1.0,1.0,0.0,0.0,0.0,0.0,0.0,0.0,0.0,0.0
Mizoram,2003.0,Dowry Deaths,03. Dowry Deaths,0.0,0.0,0.0,0.0,0.0,0.0,0.0,0.0,0.0,0.0,0.0,0.0,0.0,0.0,0.0,0.0,0.0,0.0
Nagaland,2003.0,Dowry Deaths,03. Dowry Deaths,0.0,0.0,0.0,0.0,0.0,0.0,0.0,0.0,0.0,0.0,0.0,0.0,0.0,0.0,0.0,0.0,0.0,0.0
Odisha,2003.0,Dowry Deaths,03. Dowry Deaths,138.0,4.0,286.0,0.0,48.0,12.0,290.0,0.0,112.0,135.0,896.0,796.0,279.0,286.0,186.0,0.0,0.0,1082.0
Puducherry,2003.0,Dowry Deaths,03. Dowry Deaths,0.0,0.0,1.0,0.0,0.0,0.0,1.0,0.0,2.0,2.0,6.0,5.0,1.0,1.0,0.0,0.0,0.0,6.0
Punjab,2003.0,Dowry Deaths,03. Dowry Deaths,80.0,2.0,125.0,5.0,101.0,11.0,127.0,0.0,78.0,106.0,262.0,323.0,110.0,125.0,181.0,0.0,0.0,448.0
Rajasthan,2003.0,Dowry Deaths,03. Dowry Deaths,169.0,6.0,270.0,3.0,121.0,90.0,276.0,0.0,80.0,57.0,1261.0,1284.0,389.0,270.0,290.0,0.0,0.0,1554.0
Sikkim,2003.0,Dowry Deaths,03. Dowry Deaths,0.0,0.0,0.0,0.0,0.0,0.0,0.0,0.0,0.0,0.0,0.0,0.0,0.0,0.0,0.0,0.0,0.0,0.0
Tamil Nadu,2003.0,Dowry Deaths,03. Dowry Deaths,178.0,7.0,217.0,1.0,66.0,2.0,224.0,0.0,82.0,88.0,570.0,598.0,220.0,217.0,244.0,0.0,0.0,815.0
Tripura,2003.0,Dowry Deaths,03. Dowry Deaths,5.0,0.0,17.0,0.0,7.0,0.0,17.0,0.0,26.0,23.0,38.0,33.0,20.0,17.0,12.0,0.0,0.0,50.0
Uttar Pradesh,2003.0,Dowry Deaths,03. Dowry Deaths,759.0,93.0,1111.0,46.0,649.0,63.0,1204.0,0.0,255.0,200.0,6805.0,7148.0,1322.0,1111.0,1408.0,0.0,0.0,8259.0
Uttarakhand,2003.0,Dowry Deaths,03. Dowry Deaths,13.0,9.0,79.0,0.0,25.0,1.0,88.0,0.0,15.0,11.0,178.0,137.0,93.0,79.0,38.0,0.0,0.0,216.0
West Bengal,2003.0,Dowry Deaths,03. Dowry Deaths,182.0,7.0,313.0,0.0,36.0,1.0,320.0,1.0,241.0,234.0,1198.0,1103.0,329.0,313.0,218.0,0.0,0.0,1416.0
Andaman & Nicobar Islands,2004.0,Dowry Deaths,03. Dowry Deaths,0.0,0.0,0.0,0.0,1.0,0.0,0.0,0.0,0.0,0.0,1.0,2.0,0.0,0.0,1.0,0.0,0.0,2.0
Andhra Pradesh,2004.0,Dowry Deaths,03. Dowry Deaths,341.0,26.0,417.0,2.0,66.0,37.0,443.0,0.0,295.0,263.0,1049.0,1041.0,512.0,417.0,407.0,0.0,0.0,1458.0
Arunachal Pradesh,2004.0,Dowry Deaths,03. Dowry Deaths,0.0,0.0,0.0,0.0,0.0,0.0,0.0,0.0,0.0,0.0,0.0,0.0,0.0,0.0,0.0,0.0,0.0,0.0
Assam,2004.0,Dowry Deaths,03. Dowry Deaths,18.0,10.0,63.0,0.0,14.0,5.0,73.0,0.0,121.0,125.0,151.0,120.0,74.0,63.0,32.0,0.0,0.0,183.0
Bihar,2004.0,Dowry Deaths,03. Dowry Deaths,351.0,68.0,490.0,2.0,88.0,65.0,558.0,0.0,1128.0,722.0,2771.0,2722.0,1029.0,490.0,439.0,0.0,0.0,3212.0
Chandigarh,2004.0,Dowry Deaths,03. Dowry Deaths,2.0,0.0,4.0,0.0,0.0,0.0,4.0,0.0,2.0,0.0,6.0,4.0,6.0,4.0,2.0,0.0,0.0,8.0
Chhattisgarh,2004.0,Dowry Deaths,03. Dowry Deaths,57.0,1.0,78.0,1.0,32.0,0.0,79.0,0.0,2.0,10.0,242.0,254.0,71.0,78.0,89.0,0.0,0.0,332.0
Dadra & Nagar Haveli,2004.0,Dowry Deaths,03. Dowry Deaths,0.0,0.0,0.0,0.0,0.0,0.0,0.0,0.0,0.0,0.0,2.0,2.0,0.0,0.0,0.0,0.0,0.0,2.0
Daman & Diu,2004.0,Dowry Deaths,03. Dowry Deaths,0.0,0.0,0.0,0.0,0.0,0.0,0.0,0.0,1.0,1.0,0.0,0.0,0.0,0.0,0.0,0.0,0.0,0.0
Delhi,2004.0,Dowry Deaths,03. Dowry Deaths,43.0,0.0,118.0,0.0,29.0,0.0,118.0,0.0,65.0,57.0,737.0,691.0,126.0,118.0,72.0,0.0,0.0,809.0
Goa,2004.0,Dowry Deaths,03. Dowry Deaths,4.0,1.0,0.0,0.0,0.0,0.0,1.0,0.0,3.0,2.0,5.0,9.0,2.0,0.0,4.0,0.0,0.0,9.0
Gujarat,2004.0,Dowry Deaths,03. Dowry Deaths,49.0,1.0,57.0,1.0,5.0,1.0,58.0,0.0,5.0,6.0,496.0,494.0,58.0,57.0,54.0,0.0,0.0,551.0
Haryana,2004.0,Dowry Deaths,03. Dowry Deaths,220.0,4.0,209.0,0.0,63.0,21.0,213.0,0.0,24.0,7.0,521.0,595.0,251.0,209.0,283.0,0.0,0.0,804.0
Himachal Pradesh,2004.0,Dowry Deaths,03. Dowry Deaths,6.0,0.0,7.0,0.0,1.0,1.0,7.0,0.0,2.0,2.0,29.0,29.0,8.0,7.0,7.0,0.0,0.0,36.0
Jammu & Kashmir,2004.0,Dowry Deaths,03. Dowry Deaths,11.0,0.0,9.0,0.0,2.0,0.0,9.0,0.0,4.0,4.0,18.0,22.0,9.0,9.0,13.0,0.0,0.0,31.0
Jharkhand,2004.0,Dowry Deaths,03. Dowry Deaths,133.0,7.0,225.0,13.0,52.0,3.0,232.0,0.0,161.0,121.0,515.0,488.0,275.0,225.0,185.0,0.0,0.0,713.0
Karnataka,2004.0,Dowry Deaths,03. Dowry Deaths,198.0,15.0,214.0,1.0,35.0,9.0,229.0,15.0,68.0,64.0,682.0,702.0,259.0,214.0,233.0,0.0,2.0,916.0
Kerala,2004.0,Dowry Deaths,03. Dowry Deaths,8.0,1.0,39.0,0.0,5.0,2.0,40.0,0.0,22.0,33.0,158.0,132.0,31.0,39.0,13.0,0.0,0.0,171.0
Lakshadweep,2004.0,Dowry Deaths,03. Dowry Deaths,0.0,0.0,0.0,0.0,0.0,0.0,0.0,0.0,0.0,0.0,0.0,0.0,0.0,0.0,0.0,0.0,0.0,0.0
Madhya Pradesh,2004.0,Dowry Deaths,03. Dowry Deaths,505.0,7.0,753.0,5.0,260.0,1.0,760.0,0.0,114.0,124.0,1620.0,1637.0,751.0,753.0,765.0,0.0,0.0,2390.0
Maharashtra,2004.0,Dowry Deaths,03. Dowry Deaths,285.0,0.0,322.0,1.0,36.0,0.0,322.0,0.0,70.0,78.0,3005.0,3005.0,314.0,322.0,321.0,0.0,0.0,3327.0
Manipur,2004.0,Dowry Deaths,03. Dowry Deaths,0.0,0.0,0.0,0.0,0.0,0.0,0.0,0.0,0.0,0.0,0.0,0.0,0.0,0.0,0.0,0.0,0.0,0.0
Meghalaya,2004.0,Dowry Deaths,03. Dowry Deaths,0.0,0.0,0.0,0.0,0.0,0.0,0.0,0.0,3.0,1.0,0.0,0.0,2.0,0.0,0.0,0.0,0.0,0.0
Mizoram,2004.0,Dowry Deaths,03. Dowry Deaths,0.0,0.0,0.0,0.0,0.0,0.0,0.0,0.0,0.0,0.0,0.0,0.0,0.0,0.0,0.0,0.0,0.0,0.0
Nagaland,2004.0,Dowry Deaths,03. Dowry Deaths,0.0,0.0,0.0,0.0,0.0,0.0,0.0,0.0,0.0,0.0,0.0,0.0,0.0,0.0,0.0,0.0,0.0,0.0
Odisha,2004.0,Dowry Deaths,03. Dowry Deaths,202.0,2.0,298.0,0.0,44.0,15.0,300.0,0.0,116.0,112.0,948.0,896.0,319.0,298.0,246.0,0.0,0.0,1194.0
Puducherry,2004.0,Dowry Deaths,03. Dowry Deaths,1.0,0.0,3.0,0.0,0.0,0.0,3.0,0.0,5.0,2.0,8.0,6.0,6.0,3.0,1.0,0.0,0.0,9.0
Punjab,2004.0,Dowry Deaths,03. Dowry Deaths,45.0,5.0,104.0,3.0,47.0,10.0,109.0,0.0,72.0,78.0,271.0,262.0,113.0,104.0,92.0,0.0,0.0,366.0
Rajasthan,2004.0,Dowry Deaths,03. Dowry Deaths,165.0,1.0,320.0,6.0,126.0,68.0,321.0,0.0,70.0,80.0,1284.0,1261.0,379.0,320.0,291.0,0.0,0.0,1581.0
Sikkim,2004.0,Dowry Deaths,03. Dowry Deaths,0.0,0.0,0.0,0.0,0.0,0.0,0.0,0.0,0.0,0.0,0.0,0.0,0.0,0.0,0.0,0.0,0.0,0.0
Tamil Nadu,2004.0,Dowry Deaths,03. Dowry Deaths,134.0,10.0,213.0,0.0,42.0,0.0,223.0,0.0,84.0,82.0,607.0,570.0,225.0,213.0,176.0,0.0,0.0,783.0
Tripura,2004.0,Dowry Deaths,03. Dowry Deaths,8.0,5.0,22.0,0.0,1.0,0.0,27.0,0.0,19.0,26.0,51.0,38.0,20.0,22.0,9.0,0.0,0.0,60.0
Uttar Pradesh,2004.0,Dowry Deaths,03. Dowry Deaths,707.0,172.0,1393.0,69.0,727.0,118.0,1565.0,0.0,280.0,255.0,6695.0,6805.0,1708.0,1393.0,1434.0,0.0,0.0,8198.0
Uttarakhand,2004.0,Dowry Deaths,03. Dowry Deaths,13.0,7.0,65.0,0.0,30.0,9.0,72.0,0.0,16.0,15.0,200.0,178.0,82.0,65.0,43.0,0.0,0.0,243.0
West Bengal,2004.0,Dowry Deaths,03. Dowry Deaths,165.0,4.0,344.0,0.0,29.0,0.0,348.0,0.0,289.0,241.0,1348.0,1198.0,396.0,344.0,194.0,0.0,0.0,1542.0
Andaman & Nicobar Islands,2005.0,Dowry Deaths,03. Dowry Deaths,0.0,0.0,0.0,0.0,0.0,0.0,0.0,0.0,0.0,0.0,1.0,1.0,0.0,0.0,0.0,0.0,0.0,1.0
Andhra Pradesh,2005.0,Dowry Deaths,03. Dowry Deaths,429.0,7.0,473.0,3.0,118.0,20.0,480.0,0.0,238.0,295.0,972.0,1049.0,443.0,473.0,547.0,0.0,0.0,1522.0
Arunachal Pradesh,2005.0,Dowry Deaths,03. Dowry Deaths,0.0,0.0,0.0,0.0,0.0,0.0,0.0,0.0,0.0,0.0,0.0,0.0,0.0,0.0,0.0,0.0,0.0,0.0
Assam,2005.0,Dowry Deaths,03. Dowry Deaths,23.0,12.0,61.0,0.0,15.0,6.0,73.0,0.0,141.0,121.0,174.0,151.0,99.0,61.0,38.0,0.0,0.0,212.0
Bihar,2005.0,Dowry Deaths,03. Dowry Deaths,391.0,53.0,680.0,3.0,110.0,46.0,733.0,0.0,1363.0,1128.0,2947.0,2771.0,1014.0,680.0,501.0,0.0,0.0,3451.0
Chandigarh,2005.0,Dowry Deaths,03. Dowry Deaths,6.0,0.0,4.0,0.0,0.0,0.0,4.0,0.0,1.0,2.0,4.0,6.0,3.0,4.0,6.0,0.0,0.0,10.0
Chhattisgarh,2005.0,Dowry Deaths,03. Dowry Deaths,36.0,1.0,91.0,3.0,26.0,0.0,92.0,0.0,10.0,2.0,268.0,242.0,100.0,91.0,62.0,0.0,0.0,333.0
Dadra & Nagar Haveli,2005.0,Dowry Deaths,03. Dowry Deaths,1.0,0.0,0.0,0.0,0.0,0.0,0.0,0.0,0.0,0.0,1.0,2.0,0.0,0.0,1.0,0.0,0.0,2.0
Daman & Diu,2005.0,Dowry Deaths,03. Dowry Deaths,0.0,0.0,1.0,0.0,0.0,0.0,1.0,0.0,1.0,1.0,2.0,1.0,1.0,1.0,0.0,0.0,0.0,2.0
Delhi,2005.0,Dowry Deaths,03. Dowry Deaths,85.0,2.0,95.0,0.0,40.0,1.0,97.0,0.0,81.0,65.0,707.0,737.0,114.0,95.0,125.0,0.0,0.0,832.0
Goa,2005.0,Dowry Deaths,03. Dowry Deaths,2.0,0.0,3.0,0.0,0.0,0.0,3.0,0.0,2.0,3.0,6.0,5.0,2.0,3.0,2.0,0.0,0.0,8.0
Gujarat,2005.0,Dowry Deaths,03. Dowry Deaths,55.0,0.0,48.0,0.0,10.0,0.0,48.0,0.0,5.0,5.0,479.0,496.0,48.0,48.0,65.0,0.0,0.0,544.0
Haryana,2005.0,Dowry Deaths,03. Dowry Deaths,196.0,3.0,185.0,0.0,52.0,31.0,188.0,0.0,17.0,24.0,458.0,521.0,212.0,185.0,248.0,0.0,0.0,706.0
Himachal Pradesh,2005.0,Dowry Deaths,03. Dowry Deaths,3.0,0.0,1.0,0.0,1.0,1.0,1.0,0.0,2.0,2.0,26.0,29.0,2.0,1.0,4.0,0.0,0.0,30.0
Jammu & Kashmir,2005.0,Dowry Deaths,03. Dowry Deaths,1.0,0.0,7.0,0.0,1.0,0.0,7.0,0.0,2.0,4.0,23.0,18.0,5.0,7.0,2.0,0.0,0.0,25.0
Jharkhand,2005.0,Dowry Deaths,03. Dowry Deaths,15.0,18.0,166.0,10.0,71.0,2.0,184.0,0.0,232.0,161.0,585.0,515.0,257.0,166.0,86.0,0.0,0.0,681.0
Karnataka,2005.0,Dowry Deaths,03. Dowry Deaths,261.0,8.0,233.0,0.0,63.0,2.0,241.0,9.0,77.0,68.0,591.0,682.0,261.0,233.0,324.0,0.0,0.0,915.0
Kerala,2005.0,Dowry Deaths,03. Dowry Deaths,24.0,0.0,18.0,0.0,10.0,0.0,18.0,0.0,25.0,22.0,142.0,158.0,21.0,18.0,34.0,0.0,0.0,176.0
Lakshadweep,2005.0,Dowry Deaths,03. Dowry Deaths,0.0,0.0,0.0,0.0,0.0,0.0,0.0,0.0,0.0,0.0,0.0,0.0,0.0,0.0,0.0,0.0,0.0,0.0
Madhya Pradesh,2005.0,Dowry Deaths,03. Dowry Deaths,476.0,7.0,715.0,19.0,262.0,4.0,722.0,0.0,127.0,114.0,1578.0,1620.0,739.0,715.0,738.0,0.0,0.0,2335.0
Maharashtra,2005.0,Dowry Deaths,03. Dowry Deaths,266.0,2.0,336.0,2.0,34.0,1.0,338.0,0.0,72.0,70.0,3039.0,3005.0,341.0,336.0,300.0,0.0,0.0,3341.0
Manipur,2005.0,Dowry Deaths,03. Dowry Deaths,0.0,0.0,0.0,0.0,0.0,0.0,0.0,0.0,0.0,0.0,0.0,0.0,0.0,0.0,0.0,0.0,0.0,0.0
Meghalaya,2005.0,Dowry Deaths,03. Dowry Deaths,0.0,0.0,0.0,0.0,0.0,0.0,0.0,0.0,4.0,3.0,0.0,0.0,1.0,0.0,0.0,0.0,0.0,0.0
Mizoram,2005.0,Dowry Deaths,03. Dowry Deaths,0.0,0.0,4.0,0.0,2.0,0.0,4.0,0.0,0.0,0.0,2.0,0.0,4.0,4.0,2.0,0.0,0.0,4.0
Nagaland,2005.0,Dowry Deaths,03. Dowry Deaths,0.0,0.0,0.0,0.0,0.0,0.0,0.0,0.0,0.0,0.0,0.0,0.0,0.0,0.0,0.0,0.0,0.0,0.0
Odisha,2005.0,Dowry Deaths,03. Dowry Deaths,175.0,4.0,268.0,0.0,35.0,10.0,272.0,0.0,168.0,116.0,1006.0,948.0,334.0,268.0,210.0,0.0,0.0,1216.0
Puducherry,2005.0,Dowry Deaths,03. Dowry Deaths,0.0,0.0,2.0,0.0,0.0,0.0,2.0,0.0,7.0,5.0,10.0,8.0,4.0,2.0,0.0,0.0,0.0,10.0
Punjab,2005.0,Dowry Deaths,03. Dowry Deaths,37.0,4.0,89.0,0.0,28.0,12.0,93.0,0.0,66.0,72.0,295.0,271.0,99.0,89.0,65.0,0.0,0.0,360.0
Rajasthan,2005.0,Dowry Deaths,03. Dowry Deaths,143.0,3.0,281.0,4.0,119.0,87.0,284.0,0.0,60.0,70.0,1299.0,1284.0,361.0,281.0,262.0,0.0,0.0,1565.0
Sikkim,2005.0,Dowry Deaths,03. Dowry Deaths,0.0,0.0,0.0,0.0,0.0,0.0,0.0,0.0,0.0,0.0,0.0,0.0,0.0,0.0,0.0,0.0,0.0,0.0
Tamil Nadu,2005.0,Dowry Deaths,03. Dowry Deaths,171.0,2.0,212.0,0.0,71.0,5.0,214.0,0.0,80.0,84.0,571.0,607.0,215.0,212.0,242.0,6.0,0.0,813.0
Tripura,2005.0,Dowry Deaths,03. Dowry Deaths,6.0,9.0,28.0,0.0,7.0,0.0,37.0,0.0,16.0,19.0,66.0,51.0,34.0,28.0,13.0,0.0,0.0,79.0
Uttar Pradesh,2005.0,Dowry Deaths,03. Dowry Deaths,621.0,127.0,1367.0,102.0,678.0,82.0,1494.0,0.0,268.0,280.0,6661.0,6695.0,1564.0,1367.0,1299.0,0.0,0.0,8062.0
Uttarakhand,2005.0,Dowry Deaths,03. Dowry Deaths,29.0,14.0,48.0,0.0,14.0,2.0,62.0,0.0,15.0,16.0,205.0,200.0,63.0,48.0,43.0,0.0,0.0,248.0
West Bengal,2005.0,Dowry Deaths,03. Dowry Deaths,267.0,15.0,389.0,0.0,94.0,0.0,404.0,0.0,331.0,289.0,1376.0,1348.0,446.0,389.0,361.0,0.0,0.0,1737.0
Andaman & Nicobar Islands,2006.0,Dowry Deaths,03. Dowry Deaths,0.0,0.0,0.0,0.0,0.0,0.0,0.0,0.0,0.0,0.0,1.0,1.0,0.0,0.0,0.0,0.0,0.0,1.0
Andhra Pradesh,2006.0,Dowry Deaths,03. Dowry Deaths,280.0,26.0,426.0,1.0,73.0,25.0,452.0,0.0,280.0,238.0,1044.0,972.0,519.0,426.0,353.0,0.0,0.0,1398.0
Arunachal Pradesh,2006.0,Dowry Deaths,03. Dowry Deaths,0.0,0.0,0.0,0.0,0.0,0.0,0.0,0.0,1.0,0.0,0.0,0.0,1.0,0.0,0.0,0.0,0.0,0.0
Assam,2006.0,Dowry Deaths,03. Dowry Deaths,21.0,16.0,74.0,2.0,30.0,3.0,90.0,0.0,153.0,141.0,195.0,174.0,105.0,74.0,51.0,0.0,0.0,248.0
Bihar,2006.0,Dowry Deaths,03. Dowry Deaths,512.0,80.0,749.0,1.0,138.0,38.0,829.0,0.0,1684.0,1363.0,3045.0,2947.0,1188.0,749.0,650.0,0.0,0.0,3696.0
Chandigarh,2006.0,Dowry Deaths,03. Dowry Deaths,3.0,0.0,9.0,0.0,0.0,0.0,9.0,0.0,2.0,1.0,10.0,4.0,10.0,9.0,3.0,0.0,0.0,13.0
Chhattisgarh,2006.0,Dowry Deaths,03. Dowry Deaths,48.0,0.0,99.0,4.0,23.0,0.0,99.0,0.0,14.0,10.0,292.0,268.0,103.0,99.0,71.0,0.0,0.0,367.0
Dadra & Nagar Haveli,2006.0,Dowry Deaths,03. Dowry Deaths,0.0,0.0,0.0,0.0,0.0,0.0,0.0,0.0,1.0,0.0,1.0,1.0,1.0,0.0,0.0,0.0,0.0,1.0
Daman & Diu,2006.0,Dowry Deaths,03. Dowry Deaths,0.0,0.0,1.0,0.0,0.0,0.0,1.0,0.0,0.0,1.0,2.0,1.0,0.0,1.0,0.0,0.0,0.0,2.0
Delhi,2006.0,Dowry Deaths,03. Dowry Deaths,73.0,9.0,134.0,0.0,47.0,4.0,143.0,0.0,71.0,81.0,721.0,707.0,137.0,134.0,120.0,0.0,0.0,841.0
Goa,2006.0,Dowry Deaths,03. Dowry Deaths,2.0,0.0,1.0,0.0,0.0,0.0,1.0,0.0,1.0,2.0,5.0,6.0,0.0,1.0,2.0,0.0,0.0,7.0
Gujarat,2006.0,Dowry Deaths,03. Dowry Deaths,31.0,4.0,43.0,1.0,3.0,1.0,47.0,1.0,6.0,5.0,487.0,479.0,50.0,43.0,34.0,0.0,0.0,522.0
Haryana,2006.0,Dowry Deaths,03. Dowry Deaths,129.0,1.0,215.0,2.0,69.0,22.0,216.0,0.0,34.0,17.0,473.0,458.0,255.0,215.0,198.0,0.0,0.0,673.0
Himachal Pradesh,2006.0,Dowry Deaths,03. Dowry Deaths,4.0,0.0,4.0,0.0,1.0,0.0,4.0,0.0,1.0,2.0,25.0,26.0,3.0,4.0,5.0,0.0,0.0,30.0
Jammu & Kashmir,2006.0,Dowry Deaths,03. Dowry Deaths,2.0,0.0,8.0,0.0,0.0,1.0,8.0,0.0,3.0,2.0,29.0,23.0,10.0,8.0,2.0,0.0,0.0,31.0
Jharkhand,2006.0,Dowry Deaths,03. Dowry Deaths,195.0,25.0,170.0,9.0,60.0,0.0,195.0,0.0,318.0,232.0,491.0,585.0,281.0,170.0,255.0,0.0,0.0,755.0
Karnataka,2006.0,Dowry Deaths,03. Dowry Deaths,242.0,8.0,213.0,1.0,41.0,7.0,221.0,11.0,80.0,77.0,520.0,591.0,244.0,213.0,283.0,0.0,2.0,804.0
Kerala,2006.0,Dowry Deaths,03. Dowry Deaths,19.0,2.0,21.0,0.0,6.0,1.0,23.0,0.0,26.0,25.0,138.0,142.0,25.0,21.0,25.0,0.0,0.0,163.0
Lakshadweep,2006.0,Dowry Deaths,03. Dowry Deaths,0.0,0.0,0.0,0.0,0.0,0.0,0.0,0.0,0.0,0.0,0.0,0.0,0.0,0.0,0.0,0.0,0.0,0.0
Madhya Pradesh,2006.0,Dowry Deaths,03. Dowry Deaths,398.0,7.0,735.0,7.0,280.0,2.0,742.0,0.0,147.0,127.0,1628.0,1578.0,764.0,735.0,678.0,0.0,0.0,2313.0
Maharashtra,2006.0,Dowry Deaths,03. Dowry Deaths,245.0,0.0,374.0,0.0,27.0,0.0,374.0,0.0,85.0,72.0,3141.0,3039.0,387.0,374.0,272.0,0.0,0.0,3413.0
Manipur,2006.0,Dowry Deaths,03. Dowry Deaths,0.0,0.0,0.0,0.0,0.0,0.0,0.0,0.0,0.0,0.0,0.0,0.0,0.0,0.0,0.0,0.0,0.0,0.0
Meghalaya,2006.0,Dowry Deaths,03. Dowry Deaths,0.0,1.0,3.0,0.0,0.0,0.0,4.0,0.0,6.0,4.0,3.0,0.0,6.0,3.0,0.0,0.0,0.0,3.0
Mizoram,2006.0,Dowry Deaths,03. Dowry Deaths,0.0,0.0,0.0,2.0,0.0,0.0,0.0,0.0,0.0,0.0,0.0,2.0,0.0,0.0,0.0,0.0,0.0,2.0
Nagaland,2006.0,Dowry Deaths,03. Dowry Deaths,0.0,0.0,0.0,0.0,0.0,0.0,0.0,0.0,0.0,0.0,0.0,0.0,0.0,0.0,0.0,0.0,0.0,0.0
Odisha,2006.0,Dowry Deaths,03. Dowry Deaths,171.0,3.0,317.0,0.0,44.0,5.0,320.0,0.0,300.0,168.0,1108.0,1006.0,457.0,317.0,215.0,0.0,0.0,1323.0
Puducherry,2006.0,Dowry Deaths,03. Dowry Deaths,2.0,0.0,7.0,0.0,2.0,0.0,7.0,0.0,3.0,7.0,13.0,10.0,3.0,7.0,4.0,0.0,0.0,17.0
Punjab,2006.0,Dowry Deaths,03. Dowry Deaths,40.0,4.0,106.0,0.0,31.0,6.0,110.0,0.0,80.0,66.0,330.0,295.0,130.0,106.0,71.0,0.0,0.0,401.0
Rajasthan,2006.0,Dowry Deaths,03. Dowry Deaths,163.0,1.0,327.0,7.0,127.0,87.0,328.0,0.0,39.0,60.0,1329.0,1299.0,394.0,327.0,290.0,0.0,0.0,1626.0
Sikkim,2006.0,Dowry Deaths,03. Dowry Deaths,0.0,0.0,0.0,0.0,0.0,0.0,0.0,0.0,0.0,0.0,0.0,0.0,0.0,0.0,0.0,0.0,0.0,0.0
Tamil Nadu,2006.0,Dowry Deaths,03. Dowry Deaths,116.0,4.0,169.0,0.0,48.0,1.0,173.0,0.0,93.0,80.0,576.0,571.0,187.0,169.0,164.0,0.0,0.0,740.0
Tripura,2006.0,Dowry Deaths,03. Dowry Deaths,9.0,10.0,22.0,0.0,10.0,0.0,32.0,0.0,19.0,16.0,69.0,66.0,35.0,22.0,19.0,0.0,0.0,88.0
Uttar Pradesh,2006.0,Dowry Deaths,03. Dowry Deaths,671.0,175.0,1464.0,64.0,695.0,88.0,1639.0,0.0,339.0,268.0,6695.0,6661.0,1798.0,1464.0,1366.0,0.0,0.0,8125.0
Uttarakhand,2006.0,Dowry Deaths,03. Dowry Deaths,15.0,9.0,51.0,1.0,18.0,5.0,60.0,0.0,30.0,15.0,222.0,205.0,80.0,51.0,33.0,0.0,0.0,256.0
West Bengal,2006.0,Dowry Deaths,03. Dowry Deaths,207.0,15.0,478.0,0.0,57.0,1.0,493.0,0.0,282.0,331.0,1590.0,1376.0,445.0,478.0,264.0,0.0,0.0,1854.0
Andaman & Nicobar Islands,2007.0,Dowry Deaths,03. Dowry Deaths,0.0,0.0,0.0,0.0,0.0,0.0,0.0,0.0,1.0,0.0,1.0,1.0,1.0,0.0,0.0,0.0,0.0,1.0
Andhra Pradesh,2007.0,Dowry Deaths,03. Dowry Deaths,445.0,9.0,573.0,14.0,97.0,38.0,582.0,0.0,273.0,280.0,1061.0,1044.0,613.0,573.0,542.0,0.0,0.0,1617.0
Arunachal Pradesh,2007.0,Dowry Deaths,03. Dowry Deaths,0.0,1.0,0.0,0.0,0.0,0.0,1.0,0.0,0.0,1.0,0.0,0.0,0.0,0.0,0.0,0.0,0.0,0.0
Assam,2007.0,Dowry Deaths,03. Dowry Deaths,39.0,19.0,72.0,0.0,20.0,1.0,91.0,0.0,161.0,153.0,208.0,195.0,100.0,72.0,59.0,0.0,0.0,267.0
Bihar,2007.0,Dowry Deaths,03. Dowry Deaths,475.0,139.0,1028.0,5.0,167.0,117.0,1167.0,0.0,1572.0,1684.0,3426.0,3045.0,1172.0,1028.0,642.0,0.0,0.0,4073.0
Chandigarh,2007.0,Dowry Deaths,03. Dowry Deaths,1.0,0.0,2.0,0.0,3.0,0.0,2.0,0.0,1.0,2.0,8.0,10.0,1.0,2.0,4.0,0.0,0.0,12.0
Chhattisgarh,2007.0,Dowry Deaths,03. Dowry Deaths,65.0,1.0,106.0,1.0,23.0,1.0,107.0,0.0,6.0,14.0,309.0,292.0,100.0,106.0,88.0,0.0,0.0,398.0
Dadra & Nagar Haveli,2007.0,Dowry Deaths,03. Dowry Deaths,0.0,0.0,0.0,0.0,0.0,0.0,0.0,0.0,1.0,1.0,1.0,1.0,0.0,0.0,0.0,0.0,0.0,1.0
Daman & Diu,2007.0,Dowry Deaths,03. Dowry Deaths,0.0,0.0,1.0,0.0,0.0,0.0,1.0,0.0,0.0,0.0,3.0,2.0,1.0,1.0,0.0,0.0,0.0,3.0
Delhi,2007.0,Dowry Deaths,03. Dowry Deaths,83.0,7.0,123.0,0.0,56.0,1.0,130.0,0.0,78.0,71.0,705.0,721.0,138.0,123.0,139.0,0.0,0.0,844.0
Goa,2007.0,Dowry Deaths,03. Dowry Deaths,0.0,0.0,0.0,0.0,0.0,0.0,0.0,0.0,3.0,1.0,5.0,5.0,2.0,0.0,0.0,0.0,0.0,5.0
Gujarat,2007.0,Dowry Deaths,03. Dowry Deaths,27.0,4.0,38.0,1.0,4.0,0.0,42.0,1.0,5.0,6.0,493.0,487.0,42.0,38.0,31.0,0.0,0.0,525.0
Haryana,2007.0,Dowry Deaths,03. Dowry Deaths,159.0,1.0,238.0,2.0,62.0,36.0,239.0,0.0,28.0,34.0,488.0,473.0,269.0,238.0,221.0,0.0,0.0,711.0
Himachal Pradesh,2007.0,Dowry Deaths,03. Dowry Deaths,3.0,0.0,5.0,0.0,1.0,1.0,5.0,0.0,3.0,1.0,26.0,25.0,8.0,5.0,4.0,0.0,0.0,30.0
Jammu & Kashmir,2007.0,Dowry Deaths,03. Dowry Deaths,4.0,1.0,7.0,0.0,0.0,1.0,8.0,0.0,3.0,3.0,32.0,29.0,9.0,7.0,4.0,0.0,0.0,36.0
Jharkhand,2007.0,Dowry Deaths,03. Dowry Deaths,194.0,49.0,223.0,3.0,92.0,16.0,272.0,0.0,333.0,318.0,425.0,491.0,303.0,223.0,286.0,0.0,0.0,714.0
Karnataka,2007.0,Dowry Deaths,03. Dowry Deaths,179.0,15.0,189.0,2.0,27.0,6.0,204.0,13.0,108.0,80.0,501.0,520.0,251.0,189.0,206.0,0.0,0.0,709.0
Kerala,2007.0,Dowry Deaths,03. Dowry Deaths,24.0,1.0,27.0,0.0,4.0,1.0,28.0,0.0,24.0,26.0,137.0,138.0,27.0,27.0,28.0,0.0,0.0,165.0
Lakshadweep,2007.0,Dowry Deaths,03. Dowry Deaths,0.0,0.0,0.0,0.0,0.0,0.0,0.0,0.0,0.0,0.0,0.0,0.0,0.0,0.0,0.0,0.0,0.0,0.0
Madhya Pradesh,2007.0,Dowry Deaths,03. Dowry Deaths,412.0,8.0,738.0,7.0,279.0,3.0,746.0,0.0,140.0,147.0,1668.0,1628.0,742.0,738.0,691.0,0.0,0.0,2366.0
Maharashtra,2007.0,Dowry Deaths,03. Dowry Deaths,256.0,1.0,376.0,2.0,30.0,1.0,377.0,1.0,142.0,85.0,3229.0,3141.0,436.0,376.0,286.0,0.0,0.0,3517.0
Manipur,2007.0,Dowry Deaths,03. Dowry Deaths,0.0,0.0,0.0,0.0,0.0,0.0,0.0,0.0,0.0,0.0,0.0,0.0,0.0,0.0,0.0,0.0,0.0,0.0
Meghalaya,2007.0,Dowry Deaths,03. Dowry Deaths,0.0,2.0,1.0,0.0,0.0,0.0,3.0,0.0,5.0,6.0,4.0,3.0,2.0,1.0,0.0,0.0,0.0,4.0
Mizoram,2007.0,Dowry Deaths,03. Dowry Deaths,0.0,0.0,0.0,0.0,0.0,0.0,0.0,0.0,0.0,0.0,0.0,0.0,0.0,0.0,0.0,0.0,0.0,0.0
Nagaland,2007.0,Dowry Deaths,03. Dowry Deaths,0.0,0.0,0.0,0.0,0.0,0.0,0.0,0.0,0.0,0.0,0.0,0.0,0.0,0.0,0.0,0.0,0.0,0.0
Odisha,2007.0,Dowry Deaths,03. Dowry Deaths,143.0,8.0,338.0,0.0,31.0,16.0,346.0,0.0,399.0,300.0,1272.0,1108.0,461.0,338.0,174.0,0.0,0.0,1446.0
Puducherry,2007.0,Dowry Deaths,03. Dowry Deaths,3.0,0.0,3.0,0.0,1.0,0.0,3.0,0.0,2.0,3.0,12.0,13.0,2.0,3.0,4.0,0.0,0.0,16.0
Punjab,2007.0,Dowry Deaths,03. Dowry Deaths,54.0,5.0,119.0,0.0,43.0,14.0,124.0,0.0,75.0,80.0,352.0,330.0,133.0,119.0,97.0,0.0,0.0,449.0
Rajasthan,2007.0,Dowry Deaths,03. Dowry Deaths,126.0,2.0,330.0,3.0,118.0,94.0,332.0,0.0,52.0,39.0,1412.0,1329.0,439.0,330.0,244.0,0.0,0.0,1659.0
Sikkim,2007.0,Dowry Deaths,03. Dowry Deaths,0.0,0.0,0.0,0.0,0.0,0.0,0.0,0.0,0.0,0.0,0.0,0.0,0.0,0.0,0.0,0.0,0.0,0.0
Tamil Nadu,2007.0,Dowry Deaths,03. Dowry Deaths,154.0,0.0,189.0,0.0,64.0,1.0,189.0,0.0,111.0,93.0,547.0,576.0,208.0,189.0,218.0,0.0,0.0,765.0
Tripura,2007.0,Dowry Deaths,03. Dowry Deaths,20.0,1.0,21.0,0.0,11.0,0.0,22.0,0.0,33.0,19.0,59.0,69.0,36.0,21.0,31.0,0.0,0.0,90.0
Uttar Pradesh,2007.0,Dowry Deaths,03. Dowry Deaths,733.0,250.0,1768.0,44.0,739.0,154.0,2018.0,0.0,243.0,339.0,6947.0,6695.0,2076.0,1768.0,1472.0,0.0,0.0,8463.0
Uttarakhand,2007.0,Dowry Deaths,03. Dowry Deaths,43.0,4.0,74.0,0.0,28.0,2.0,78.0,0.0,20.0,30.0,225.0,222.0,70.0,74.0,71.0,0.0,0.0,296.0
West Bengal,2007.0,Dowry Deaths,03. Dowry Deaths,309.0,20.0,459.0,0.0,46.0,0.0,479.0,0.0,254.0,282.0,1694.0,1590.0,451.0,459.0,355.0,0.0,0.0,2049.0
Andaman & Nicobar Islands,2008.0,Dowry Deaths,03. Dowry Deaths,0.0,0.0,2.0,0.0,0.0,0.0,2.0,0.0,1.0,1.0,3.0,1.0,2.0,2.0,0.0,0.0,0.0,3.0
Andhra Pradesh,2008.0,Dowry Deaths,03. Dowry Deaths,382.0,29.0,471.0,0.0,67.0,36.0,500.0,0.0,293.0,273.0,1083.0,1061.0,556.0,471.0,449.0,0.0,0.0,1532.0
Arunachal Pradesh,2008.0,Dowry Deaths,03. Dowry Deaths,0.0,0.0,0.0,0.0,0.0,0.0,0.0,0.0,0.0,0.0,0.0,0.0,0.0,0.0,0.0,0.0,0.0,0.0
Assam,2008.0,Dowry Deaths,03. Dowry Deaths,24.0,8.0,83.0,0.0,20.0,1.0,91.0,0.0,172.0,161.0,247.0,208.0,103.0,83.0,44.0,0.0,0.0,291.0
Bihar,2008.0,Dowry Deaths,03. Dowry Deaths,512.0,131.0,783.0,5.0,177.0,122.0,914.0,0.0,1746.0,1572.0,3515.0,3426.0,1210.0,783.0,689.0,0.0,0.0,4209.0
Chandigarh,2008.0,Dowry Deaths,03. Dowry Deaths,2.0,0.0,3.0,0.0,1.0,0.0,3.0,0.0,1.0,1.0,8.0,8.0,3.0,3.0,3.0,0.0,0.0,11.0
Chhattisgarh,2008.0,Dowry Deaths,03. Dowry Deaths,51.0,0.0,92.0,1.0,25.0,0.0,92.0,0.0,20.0,6.0,324.0,309.0,106.0,92.0,76.0,0.0,0.0,401.0
Dadra & Nagar Haveli,2008.0,Dowry Deaths,03. Dowry Deaths,0.0,0.0,0.0,0.0,0.0,0.0,0.0,0.0,1.0,1.0,1.0,1.0,0.0,0.0,0.0,0.0,0.0,1.0
Daman & Diu,2008.0,Dowry Deaths,03. Dowry Deaths,2.0,0.0,0.0,0.0,0.0,0.0,0.0,0.0,0.0,0.0,1.0,3.0,0.0,0.0,2.0,0.0,0.0,3.0
Delhi,2008.0,Dowry Deaths,03. Dowry Deaths,13.0,1.0,115.0,0.0,13.0,0.0,116.0,0.0,89.0,78.0,794.0,705.0,129.0,115.0,26.0,0.0,2.0,820.0
Goa,2008.0,Dowry Deaths,03. Dowry Deaths,0.0,0.0,3.0,0.0,0.0,0.0,3.0,0.0,2.0,3.0,8.0,5.0,2.0,3.0,0.0,0.0,0.0,8.0
Gujarat,2008.0,Dowry Deaths,03. Dowry Deaths,14.0,1.0,27.0,2.0,1.0,0.0,28.0,2.0,2.0,5.0,503.0,493.0,27.0,27.0,15.0,0.0,0.0,520.0
Haryana,2008.0,Dowry Deaths,03. Dowry Deaths,169.0,7.0,258.0,5.0,69.0,32.0,265.0,0.0,33.0,28.0,503.0,488.0,302.0,258.0,238.0,0.0,0.0,746.0
Himachal Pradesh,2008.0,Dowry Deaths,03. Dowry Deaths,5.0,0.0,5.0,0.0,3.0,0.0,5.0,0.0,1.0,3.0,23.0,26.0,3.0,5.0,8.0,0.0,0.0,31.0
Jammu & Kashmir,2008.0,Dowry Deaths,03. Dowry Deaths,1.0,0.0,15.0,1.0,0.0,1.0,15.0,0.0,8.0,3.0,45.0,32.0,21.0,15.0,1.0,0.0,0.0,47.0
Jharkhand,2008.0,Dowry Deaths,03. Dowry Deaths,154.0,24.0,219.0,16.0,55.0,4.0,243.0,0.0,352.0,333.0,419.0,425.0,266.0,219.0,209.0,0.0,0.0,644.0
Karnataka,2008.0,Dowry Deaths,03. Dowry Deaths,161.0,7.0,244.0,2.0,24.0,5.0,251.0,19.0,91.0,108.0,558.0,501.0,259.0,244.0,185.0,0.0,1.0,745.0
Kerala,2008.0,Dowry Deaths,03. Dowry Deaths,9.0,1.0,25.0,0.0,2.0,1.0,26.0,0.0,28.0,24.0,151.0,137.0,31.0,25.0,11.0,0.0,0.0,162.0
Lakshadweep,2008.0,Dowry Deaths,03. Dowry Deaths,0.0,0.0,0.0,0.0,0.0,0.0,0.0,0.0,0.0,0.0,0.0,0.0,0.0,0.0,0.0,0.0,0.0,0.0
Madhya Pradesh,2008.0,Dowry Deaths,03. Dowry Deaths,398.0,5.0,790.0,6.0,295.0,0.0,795.0,0.0,150.0,140.0,1759.0,1668.0,805.0,790.0,693.0,0.0,0.0,2458.0
Maharashtra,2008.0,Dowry Deaths,03. Dowry Deaths,253.0,4.0,397.0,1.0,24.0,2.0,401.0,1.0,128.0,142.0,3348.0,3229.0,390.0,397.0,277.0,0.0,0.0,3626.0
Manipur,2008.0,Dowry Deaths,03. Dowry Deaths,0.0,0.0,0.0,0.0,0.0,0.0,0.0,0.0,1.0,0.0,0.0,0.0,1.0,0.0,0.0,0.0,0.0,0.0
Meghalaya,2008.0,Dowry Deaths,03. Dowry Deaths,0.0,2.0,1.0,0.0,0.0,0.0,3.0,0.0,4.0,5.0,5.0,4.0,2.0,1.0,0.0,0.0,0.0,5.0
Mizoram,2008.0,Dowry Deaths,03. Dowry Deaths,0.0,0.0,0.0,0.0,0.0,0.0,0.0,0.0,0.0,0.0,0.0,0.0,0.0,0.0,0.0,0.0,0.0,0.0
Nagaland,2008.0,Dowry Deaths,03. Dowry Deaths,0.0,0.0,0.0,0.0,0.0,0.0,0.0,0.0,0.0,0.0,0.0,0.0,0.0,0.0,0.0,0.0,0.0,0.0
Odisha,2008.0,Dowry Deaths,03. Dowry Deaths,214.0,5.0,333.0,0.0,37.0,7.0,338.0,0.0,455.0,399.0,1354.0,1272.0,401.0,333.0,251.0,0.0,0.0,1605.0
Puducherry,2008.0,Dowry Deaths,03. Dowry Deaths,0.0,0.0,0.0,0.0,0.0,0.0,0.0,0.0,4.0,2.0,12.0,12.0,2.0,0.0,0.0,0.0,0.0,12.0
Punjab,2008.0,Dowry Deaths,03. Dowry Deaths,46.0,7.0,88.0,0.0,39.0,15.0,95.0,0.0,93.0,75.0,355.0,352.0,128.0,88.0,85.0,0.0,0.0,440.0
Rajasthan,2008.0,Dowry Deaths,03. Dowry Deaths,138.0,3.0,348.0,10.0,121.0,90.0,351.0,0.0,50.0,52.0,1491.0,1412.0,439.0,348.0,259.0,0.0,0.0,1760.0
Sikkim,2008.0,Dowry Deaths,03. Dowry Deaths,0.0,0.0,0.0,0.0,0.0,0.0,0.0,0.0,0.0,0.0,0.0,0.0,0.0,0.0,0.0,0.0,0.0,0.0
Tamil Nadu,2008.0,Dowry Deaths,03. Dowry Deaths,140.0,1.0,187.0,0.0,44.0,5.0,188.0,0.0,125.0,111.0,550.0,547.0,207.0,187.0,184.0,0.0,0.0,734.0
Tripura,2008.0,Dowry Deaths,03. Dowry Deaths,13.0,0.0,31.0,0.0,2.0,0.0,31.0,0.0,18.0,33.0,75.0,59.0,16.0,31.0,15.0,0.0,0.0,90.0
Uttar Pradesh,2008.0,Dowry Deaths,03. Dowry Deaths,849.0,265.0,1777.0,68.0,870.0,159.0,2042.0,0.0,279.0,243.0,6937.0,6947.0,2237.0,1777.0,1719.0,0.0,0.0,8724.0
Uttarakhand,2008.0,Dowry Deaths,03. Dowry Deaths,36.0,10.0,64.0,0.0,19.0,1.0,74.0,0.0,18.0,20.0,234.0,225.0,73.0,64.0,55.0,0.0,0.0,289.0
West Bengal,2008.0,Dowry Deaths,03. Dowry Deaths,290.0,11.0,339.0,0.0,40.0,0.0,350.0,0.0,355.0,254.0,1703.0,1694.0,451.0,339.0,330.0,0.0,0.0,2033.0
Andaman & Nicobar Islands,2009.0,Dowry Deaths,03. Dowry Deaths,0.0,0.0,1.0,0.0,0.0,0.0,1.0,0.0,1.0,1.0,4.0,3.0,1.0,1.0,0.0,0.0,0.0,4.0
Andhra Pradesh,2009.0,Dowry Deaths,03. Dowry Deaths,378.0,4.0,500.0,0.0,62.0,26.0,504.0,0.0,309.0,293.0,1143.0,1083.0,546.0,500.0,440.0,0.0,0.0,1583.0
Arunachal Pradesh,2009.0,Dowry Deaths,03. Dowry Deaths,0.0,0.0,0.0,0.0,0.0,0.0,0.0,0.0,0.0,0.0,0.0,0.0,0.0,0.0,0.0,0.0,0.0,0.0
Assam,2009.0,Dowry Deaths,03. Dowry Deaths,24.0,23.0,95.0,0.0,20.0,7.0,118.0,1.0,216.0,172.0,298.0,247.0,170.0,95.0,44.0,0.0,0.0,342.0
Bihar,2009.0,Dowry Deaths,03. Dowry Deaths,453.0,201.0,705.0,0.0,140.0,136.0,906.0,0.0,1999.0,1746.0,3627.0,3515.0,1295.0,705.0,593.0,0.0,0.0,4220.0
Chandigarh,2009.0,Dowry Deaths,03. Dowry Deaths,1.0,1.0,2.0,0.0,2.0,0.0,3.0,0.0,0.0,1.0,7.0,8.0,2.0,2.0,3.0,0.0,0.0,10.0
Chhattisgarh,2009.0,Dowry Deaths,03. Dowry Deaths,70.0,0.0,136.0,3.0,31.0,0.0,136.0,0.0,12.0,20.0,356.0,324.0,128.0,136.0,101.0,0.0,0.0,460.0
Dadra & Nagar Haveli,2009.0,Dowry Deaths,03. Dowry Deaths,0.0,0.0,0.0,0.0,0.0,0.0,0.0,0.0,1.0,1.0,1.0,1.0,0.0,0.0,0.0,0.0,0.0,1.0
Daman & Diu,2009.0,Dowry Deaths,03. Dowry Deaths,0.0,0.0,0.0,0.0,0.0,0.0,0.0,0.0,0.0,0.0,1.0,1.0,0.0,0.0,0.0,0.0,0.0,1.0
Delhi,2009.0,Dowry Deaths,03. Dowry Deaths,43.0,9.0,144.0,0.0,35.0,4.0,153.0,0.0,73.0,89.0,860.0,794.0,141.0,144.0,78.0,0.0,0.0,938.0
Goa,2009.0,Dowry Deaths,03. Dowry Deaths,2.0,0.0,2.0,0.0,0.0,0.0,2.0,0.0,3.0,2.0,8.0,8.0,3.0,2.0,2.0,0.0,0.0,10.0
Gujarat,2009.0,Dowry Deaths,03. Dowry Deaths,19.0,0.0,20.0,1.0,0.0,0.0,20.0,0.0,6.0,2.0,503.0,503.0,24.0,20.0,19.0,0.0,0.0,523.0
Haryana,2009.0,Dowry Deaths,03. Dowry Deaths,174.0,0.0,253.0,4.0,63.0,26.0,253.0,0.0,35.0,33.0,515.0,503.0,281.0,253.0,237.0,0.0,0.0,756.0
Himachal Pradesh,2009.0,Dowry Deaths,03. Dowry Deaths,3.0,0.0,2.0,0.0,1.0,0.0,2.0,0.0,0.0,1.0,21.0,23.0,1.0,2.0,4.0,0.0,0.0,25.0
Jammu & Kashmir,2009.0,Dowry Deaths,03. Dowry Deaths,7.0,0.0,18.0,0.0,1.0,0.0,18.0,0.0,2.0,8.0,55.0,45.0,12.0,18.0,8.0,0.0,0.0,63.0
Jharkhand,2009.0,Dowry Deaths,03. Dowry Deaths,152.0,46.0,281.0,4.0,80.0,18.0,327.0,0.0,302.0,352.0,464.0,419.0,295.0,281.0,232.0,0.0,0.0,700.0
Karnataka,2009.0,Dowry Deaths,03. Dowry Deaths,143.0,22.0,205.0,5.0,13.0,6.0,227.0,16.0,106.0,91.0,602.0,558.0,264.0,205.0,156.0,0.0,0.0,763.0
Kerala,2009.0,Dowry Deaths,03. Dowry Deaths,19.0,0.0,21.0,0.0,2.0,0.0,21.0,0.0,27.0,28.0,151.0,151.0,20.0,21.0,21.0,0.0,0.0,172.0
Lakshadweep,2009.0,Dowry Deaths,03. Dowry Deaths,0.0,0.0,0.0,0.0,0.0,0.0,0.0,0.0,0.0,0.0,0.0,0.0,0.0,0.0,0.0,0.0,0.0,0.0
Madhya Pradesh,2009.0,Dowry Deaths,03. Dowry Deaths,409.0,2.0,938.0,7.0,257.0,2.0,940.0,0.0,66.0,150.0,2024.0,1759.0,858.0,938.0,666.0,0.0,0.0,2697.0
Maharashtra,2009.0,Dowry Deaths,03. Dowry Deaths,193.0,1.0,334.0,7.0,30.0,2.0,335.0,0.0,132.0,128.0,3452.0,3348.0,341.0,334.0,223.0,0.0,0.0,3682.0
Manipur,2009.0,Dowry Deaths,03. Dowry Deaths,0.0,0.0,0.0,0.0,0.0,0.0,0.0,0.0,1.0,1.0,0.0,0.0,0.0,0.0,0.0,0.0,0.0,0.0
Meghalaya,2009.0,Dowry Deaths,03. Dowry Deaths,0.0,0.0,0.0,0.0,0.0,0.0,0.0,0.0,4.0,4.0,5.0,5.0,0.0,0.0,0.0,0.0,0.0,5.0
Mizoram,2009.0,Dowry Deaths,03. Dowry Deaths,0.0,0.0,0.0,0.0,0.0,0.0,0.0,0.0,0.0,0.0,0.0,0.0,0.0,0.0,0.0,0.0,0.0,0.0
Nagaland,2009.0,Dowry Deaths,03. Dowry Deaths,0.0,0.0,0.0,0.0,0.0,0.0,0.0,0.0,0.0,0.0,0.0,0.0,0.0,0.0,0.0,0.0,0.0,0.0
Odisha,2009.0,Dowry Deaths,03. Dowry Deaths,211.0,1.0,346.0,0.0,47.0,5.0,347.0,1.0,486.0,455.0,1442.0,1354.0,384.0,346.0,258.0,0.0,0.0,1700.0
Puducherry,2009.0,Dowry Deaths,03. Dowry Deaths,0.0,0.0,3.0,0.0,1.0,0.0,3.0,0.0,1.0,4.0,14.0,12.0,0.0,3.0,1.0,0.0,0.0,15.0
Punjab,2009.0,Dowry Deaths,03. Dowry Deaths,60.0,9.0,97.0,1.0,61.0,8.0,106.0,0.0,105.0,93.0,330.0,355.0,126.0,97.0,121.0,0.0,0.0,452.0
Rajasthan,2009.0,Dowry Deaths,03. Dowry Deaths,135.0,5.0,331.0,31.0,93.0,104.0,336.0,0.0,46.0,50.0,1563.0,1491.0,436.0,331.0,228.0,0.0,0.0,1822.0
Sikkim,2009.0,Dowry Deaths,03. Dowry Deaths,0.0,0.0,0.0,0.0,0.0,0.0,0.0,0.0,0.0,0.0,0.0,0.0,0.0,0.0,0.0,0.0,0.0,0.0
Tamil Nadu,2009.0,Dowry Deaths,03. Dowry Deaths,149.0,6.0,190.0,0.0,35.0,8.0,196.0,0.0,115.0,125.0,556.0,550.0,194.0,190.0,184.0,0.0,0.0,740.0
Tripura,2009.0,Dowry Deaths,03. Dowry Deaths,14.0,4.0,27.0,0.0,7.0,0.0,31.0,0.0,16.0,18.0,81.0,75.0,29.0,27.0,21.0,0.0,0.0,102.0
Uttar Pradesh,2009.0,Dowry Deaths,03. Dowry Deaths,847.0,264.0,1786.0,57.0,823.0,158.0,2050.0,0.0,303.0,279.0,6996.0,6937.0,2232.0,1786.0,1670.0,0.0,0.0,8723.0
Uttarakhand,2009.0,Dowry Deaths,03. Dowry Deaths,46.0,14.0,84.0,7.0,42.0,1.0,98.0,0.0,13.0,18.0,223.0,234.0,94.0,84.0,88.0,0.0,0.0,318.0
West Bengal,2009.0,Dowry Deaths,03. Dowry Deaths,193.0,8.0,372.0,0.0,36.0,0.0,380.0,1.0,480.0,355.0,1846.0,1703.0,506.0,372.0,229.0,0.0,0.0,2075.0
Andaman & Nicobar Islands,2010.0,Dowry Deaths,03. Dowry Deaths,0.0,0.0,0.0,0.0,0.0,0.0,0.0,0.0,1.0,1.0,4.0,4.0,0.0,0.0,0.0,0.0,0.0,4.0
Andhra Pradesh,2010.0,Dowry Deaths,03. Dowry Deaths,422.0,3.0,543.0,8.0,80.0,17.0,546.0,3.0,331.0,309.0,1175.0,1143.0,588.0,543.0,502.0,1.0,0.0,1685.0
Arunachal Pradesh,2010.0,Dowry Deaths,03. Dowry Deaths,0.0,0.0,0.0,0.0,0.0,0.0,0.0,0.0,0.0,0.0,0.0,0.0,0.0,0.0,0.0,0.0,0.0,0.0
Assam,2010.0,Dowry Deaths,03. Dowry Deaths,45.0,36.0,132.0,0.0,13.0,6.0,168.0,1.0,216.0,216.0,372.0,298.0,175.0,132.0,58.0,0.0,0.0,430.0
Bihar,2010.0,Dowry Deaths,03. Dowry Deaths,436.0,80.0,831.0,7.0,146.0,82.0,911.0,0.0,2263.0,1999.0,3869.0,3627.0,1257.0,831.0,582.0,0.0,0.0,4458.0
Chandigarh,2010.0,Dowry Deaths,03. Dowry Deaths,4.0,0.0,4.0,0.0,2.0,0.0,4.0,0.0,1.0,0.0,5.0,7.0,5.0,4.0,6.0,0.0,0.0,11.0
Chhattisgarh,2010.0,Dowry Deaths,03. Dowry Deaths,47.0,0.0,108.0,0.0,31.0,1.0,108.0,0.0,18.0,12.0,386.0,356.0,115.0,108.0,78.0,0.0,0.0,464.0
Dadra & Nagar Haveli,2010.0,Dowry Deaths,03. Dowry Deaths,0.0,0.0,0.0,0.0,0.0,0.0,0.0,0.0,1.0,1.0,1.0,1.0,0.0,0.0,0.0,0.0,0.0,1.0
Daman & Diu,2010.0,Dowry Deaths,03. Dowry Deaths,1.0,0.0,0.0,0.0,0.0,0.0,0.0,0.0,0.0,0.0,0.0,1.0,0.0,0.0,1.0,0.0,0.0,1.0
Delhi,2010.0,Dowry Deaths,03. Dowry Deaths,104.0,3.0,136.0,0.0,27.0,0.0,139.0,0.0,77.0,73.0,865.0,860.0,143.0,136.0,131.0,0.0,0.0,996.0
Goa,2010.0,Dowry Deaths,03. Dowry Deaths,1.0,0.0,0.0,0.0,1.0,0.0,0.0,0.0,4.0,3.0,6.0,8.0,1.0,0.0,2.0,0.0,0.0,8.0
Gujarat,2010.0,Dowry Deaths,03. Dowry Deaths,7.0,7.0,15.0,1.0,1.0,0.0,22.0,0.0,3.0,6.0,509.0,503.0,19.0,15.0,8.0,0.0,0.0,518.0
Haryana,2010.0,Dowry Deaths,03. Dowry Deaths,134.0,5.0,253.0,5.0,89.0,31.0,258.0,0.0,30.0,35.0,540.0,515.0,284.0,253.0,223.0,0.0,0.0,768.0
Himachal Pradesh,2010.0,Dowry Deaths,03. Dowry Deaths,1.0,0.0,2.0,0.0,0.0,0.0,2.0,0.0,0.0,0.0,22.0,21.0,2.0,2.0,1.0,0.0,0.0,23.0
Jammu & Kashmir,2010.0,Dowry Deaths,03. Dowry Deaths,8.0,0.0,9.0,0.0,0.0,0.0,9.0,0.0,2.0,2.0,56.0,55.0,9.0,9.0,8.0,0.0,0.0,64.0
Jharkhand,2010.0,Dowry Deaths,03. Dowry Deaths,176.0,38.0,235.0,6.0,74.0,11.0,273.0,0.0,294.0,302.0,443.0,464.0,276.0,235.0,250.0,0.0,0.0,699.0
Karnataka,2010.0,Dowry Deaths,03. Dowry Deaths,149.0,2.0,246.0,4.0,32.0,9.0,248.0,1.0,96.0,106.0,661.0,602.0,248.0,246.0,181.0,2.0,0.0,846.0
Kerala,2010.0,Dowry Deaths,03. Dowry Deaths,12.0,6.0,26.0,0.0,1.0,0.0,32.0,0.0,17.0,27.0,164.0,151.0,22.0,26.0,13.0,0.0,0.0,177.0
Lakshadweep,2010.0,Dowry Deaths,03. Dowry Deaths,0.0,0.0,0.0,0.0,0.0,0.0,0.0,0.0,0.0,0.0,0.0,0.0,0.0,0.0,0.0,0.0,0.0,0.0
Madhya Pradesh,2010.0,Dowry Deaths,03. Dowry Deaths,435.0,4.0,877.0,6.0,230.0,0.0,881.0,0.0,77.0,66.0,2230.0,2024.0,892.0,877.0,665.0,0.0,0.0,2901.0
Maharashtra,2010.0,Dowry Deaths,03. Dowry Deaths,307.0,4.0,401.0,3.0,22.0,3.0,405.0,0.0,117.0,132.0,3521.0,3452.0,393.0,401.0,329.0,0.0,0.0,3853.0
Manipur,2010.0,Dowry Deaths,03. Dowry Deaths,0.0,0.0,0.0,0.0,0.0,0.0,0.0,0.0,1.0,1.0,0.0,0.0,0.0,0.0,0.0,0.0,0.0,0.0
Meghalaya,2010.0,Dowry Deaths,03. Dowry Deaths,0.0,0.0,0.0,0.0,0.0,0.0,0.0,0.0,4.0,4.0,5.0,5.0,0.0,0.0,0.0,0.0,0.0,5.0
Mizoram,2010.0,Dowry Deaths,03. Dowry Deaths,0.0,0.0,0.0,0.0,0.0,0.0,0.0,0.0,0.0,0.0,0.0,0.0,0.0,0.0,0.0,0.0,0.0,0.0
Nagaland,2010.0,Dowry Deaths,03. Dowry Deaths,0.0,0.0,0.0,0.0,0.0,0.0,0.0,0.0,0.0,0.0,0.0,0.0,0.0,0.0,0.0,0.0,0.0,0.0
Odisha,2010.0,Dowry Deaths,03. Dowry Deaths,365.0,4.0,485.0,0.0,50.0,4.0,489.0,1.0,380.0,486.0,1512.0,1442.0,388.0,485.0,415.0,0.0,0.0,1927.0
Puducherry,2010.0,Dowry Deaths,03. Dowry Deaths,1.0,0.0,1.0,0.0,0.0,0.0,1.0,0.0,1.0,1.0,14.0,14.0,1.0,1.0,1.0,0.0,0.0,15.0
Punjab,2010.0,Dowry Deaths,03. Dowry Deaths,52.0,19.0,104.0,0.0,56.0,19.0,123.0,0.0,81.0,102.0,281.0,285.0,121.0,104.0,108.0,0.0,0.0,389.0
Rajasthan,2010.0,Dowry Deaths,03. Dowry Deaths,131.0,5.0,347.0,16.0,100.0,86.0,352.0,0.0,70.0,46.0,1663.0,1563.0,462.0,347.0,231.0,0.0,0.0,1910.0
Sikkim,2010.0,Dowry Deaths,03. Dowry Deaths,0.0,0.0,0.0,0.0,0.0,0.0,0.0,0.0,1.0,0.0,0.0,0.0,1.0,0.0,0.0,0.0,0.0,0.0
Tamil Nadu,2010.0,Dowry Deaths,03. Dowry Deaths,118.0,7.0,151.0,0.0,46.0,5.0,158.0,0.0,117.0,115.0,543.0,556.0,165.0,151.0,164.0,0.0,0.0,707.0
Tripura,2010.0,Dowry Deaths,03. Dowry Deaths,15.0,0.0,23.0,0.0,3.0,0.0,23.0,0.0,18.0,16.0,86.0,81.0,25.0,23.0,18.0,0.0,0.0,104.0
Uttar Pradesh,2010.0,Dowry Deaths,03. Dowry Deaths,839.0,288.0,1757.0,31.0,992.0,165.0,2045.0,0.0,310.0,303.0,6891.0,6996.0,2217.0,1757.0,1831.0,0.0,0.0,8753.0
Uttarakhand,2010.0,Dowry Deaths,03. Dowry Deaths,47.0,11.0,60.0,0.0,39.0,4.0,71.0,0.0,13.0,13.0,197.0,223.0,75.0,60.0,86.0,0.0,0.0,283.0
West Bengal,2010.0,Dowry Deaths,03. Dowry Deaths,205.0,7.0,486.0,3.0,24.0,0.0,493.0,0.0,494.0,480.0,2100.0,1846.0,507.0,486.0,229.0,0.0,0.0,2332.0
Andaman & Nicobar Islands,2001.0,Molestation,04. Molestation,1.0,0.0,27.0,0.0,0.0,0.0,27.0,0.0,1.0,9.0,97.0,71.0,19.0,27.0,1.0,0.0,0.0,98.0
Andhra Pradesh,2001.0,Molestation,04. Molestation,1687.0,47.0,3158.0,835.0,581.0,403.0,3205.0,25.0,736.0,825.0,4708.0,4686.0,3544.0,3158.0,2268.0,33.0,0.0,7811.0
Arunachal Pradesh,2001.0,Molestation,04. Molestation,6.0,9.0,68.0,7.0,28.0,0.0,77.0,0.0,10.0,9.0,141.0,114.0,78.0,68.0,34.0,0.0,0.0,182.0
Assam,2001.0,Molestation,04. Molestation,365.0,198.0,493.0,43.0,75.0,42.0,691.0,2.0,575.0,460.0,1145.0,1135.0,850.0,493.0,440.0,0.0,0.0,1628.0
Bihar,2001.0,Molestation,04. Molestation,168.0,39.0,489.0,17.0,85.0,14.0,528.0,0.0,152.0,132.0,995.0,776.0,562.0,489.0,253.0,0.0,0.0,1265.0
Chandigarh,2001.0,Molestation,04. Molestation,12.0,2.0,23.0,0.0,16.0,0.0,25.0,0.0,1.0,2.0,44.0,49.0,24.0,23.0,28.0,0.0,0.0,72.0
Chhattisgarh,2001.0,Molestation,04. Molestation,193.0,12.0,1767.0,398.0,231.0,13.0,1779.0,0.0,27.0,56.0,6531.0,5586.0,1763.0,1767.0,424.0,0.0,0.0,7353.0
Dadra & Nagar Haveli,2001.0,Molestation,04. Molestation,4.0,0.0,8.0,0.0,0.0,0.0,8.0,0.0,1.0,2.0,14.0,10.0,7.0,8.0,4.0,0.0,0.0,18.0
Daman & Diu,2001.0,Molestation,04. Molestation,0.0,0.0,0.0,0.0,0.0,0.0,0.0,0.0,0.0,0.0,0.0,0.0,0.0,0.0,0.0,0.0,0.0,0.0
Delhi,2001.0,Molestation,04. Molestation,217.0,57.0,480.0,0.0,146.0,7.0,537.0,0.0,90.0,132.0,931.0,814.0,502.0,480.0,363.0,0.0,0.0,1294.0
Goa,2001.0,Molestation,04. Molestation,28.0,2.0,19.0,6.0,7.0,0.0,21.0,0.0,5.0,9.0,43.0,65.0,17.0,19.0,35.0,0.0,0.0,84.0
Gujarat,2001.0,Molestation,04. Molestation,511.0,9.0,767.0,127.0,35.0,9.0,776.0,0.0,25.0,54.0,5208.0,5114.0,756.0,767.0,546.0,0.0,0.0,5881.0
Haryana,2001.0,Molestation,04. Molestation,407.0,32.0,426.0,14.0,126.0,43.0,458.0,0.0,18.0,41.0,1897.0,2018.0,478.0,426.0,533.0,0.0,0.0,2444.0
Himachal Pradesh,2001.0,Molestation,04. Molestation,160.0,1.0,297.0,108.0,24.0,24.0,298.0,0.0,26.0,38.0,1009.0,1006.0,310.0,297.0,184.0,2.0,0.0,1301.0
Jammu & Kashmir,2001.0,Molestation,04. Molestation,224.0,10.0,564.0,65.0,26.0,48.0,574.0,0.0,104.0,104.0,1403.0,1154.0,622.0,564.0,250.0,0.0,0.0,1718.0
Jharkhand,2001.0,Molestation,04. Molestation,148.0,25.0,268.0,26.0,29.0,5.0,293.0,0.0,46.0,47.0,1170.0,1105.0,297.0,268.0,177.0,0.0,0.0,1373.0
Karnataka,2001.0,Molestation,04. Molestation,848.0,118.0,1576.0,425.0,50.0,68.0,1694.0,3.0,242.0,342.0,3067.0,2815.0,1665.0,1576.0,898.0,1.0,0.0,4390.0
Kerala,2001.0,Molestation,04. Molestation,655.0,22.0,1707.0,375.0,97.0,138.0,1729.0,8.0,291.0,224.0,4936.0,4356.0,1942.0,1707.0,752.0,0.0,0.0,6063.0
Lakshadweep,2001.0,Molestation,04. Molestation,0.0,0.0,0.0,0.0,0.0,0.0,0.0,0.0,0.0,0.0,0.0,0.0,0.0,0.0,0.0,0.0,0.0,0.0
Madhya Pradesh,2001.0,Molestation,04. Molestation,2483.0,16.0,7022.0,2444.0,1291.0,3.0,7038.0,1.0,97.0,137.0,21335.0,20533.0,7063.0,7022.0,3774.0,2.0,61.0,27553.0
Maharashtra,2001.0,Molestation,04. Molestation,1274.0,57.0,2726.0,655.0,157.0,29.0,2783.0,0.0,372.0,361.0,18485.0,17845.0,2823.0,2726.0,1431.0,0.0,0.0,20571.0
Manipur,2001.0,Molestation,04. Molestation,0.0,33.0,1.0,0.0,1.0,0.0,34.0,0.0,15.0,28.0,2.0,2.0,21.0,1.0,1.0,0.0,0.0,3.0
Meghalaya,2001.0,Molestation,04. Molestation,8.0,5.0,18.0,0.0,2.0,0.0,23.0,0.0,14.0,12.0,92.0,84.0,25.0,18.0,10.0,0.0,0.0,102.0
Mizoram,2001.0,Molestation,04. Molestation,9.0,1.0,52.0,0.0,50.0,0.0,53.0,0.0,3.0,4.0,53.0,60.0,52.0,52.0,59.0,0.0,0.0,112.0
Nagaland,2001.0,Molestation,04. Molestation,0.0,1.0,5.0,0.0,0.0,0.0,6.0,0.0,2.0,2.0,14.0,9.0,6.0,5.0,0.0,0.0,0.0,14.0
Odisha,2001.0,Molestation,04. Molestation,1121.0,46.0,1579.0,1.0,120.0,51.0,1625.0,0.0,260.0,281.0,6533.0,6196.0,1655.0,1579.0,1241.0,0.0,0.0,7775.0
Puducherry,2001.0,Molestation,04. Molestation,7.0,0.0,29.0,13.0,6.0,0.0,29.0,1.0,5.0,0.0,39.0,36.0,35.0,29.0,13.0,0.0,0.0,65.0
Punjab,2001.0,Molestation,04. Molestation,74.0,99.0,182.0,12.0,25.0,56.0,281.0,0.0,198.0,163.0,396.0,325.0,372.0,182.0,99.0,0.0,0.0,507.0
Rajasthan,2001.0,Molestation,04. Molestation,765.0,7.0,2284.0,573.0,804.0,604.0,2291.0,0.0,26.0,43.0,7905.0,7763.0,2878.0,2284.0,1569.0,0.0,0.0,10047.0
Sikkim,2001.0,Molestation,04. Molestation,0.0,0.0,0.0,0.0,0.0,0.0,0.0,0.0,0.0,0.0,0.0,0.0,0.0,0.0,0.0,0.0,0.0,0.0
Tamil Nadu,2001.0,Molestation,04. Molestation,861.0,31.0,1683.0,134.0,677.0,128.0,1714.0,12.0,160.0,243.0,3209.0,3198.0,1773.0,1683.0,1538.0,0.0,2.0,4881.0
Tripura,2001.0,Molestation,04. Molestation,21.0,7.0,38.0,3.0,3.0,0.0,45.0,0.0,41.0,28.0,147.0,136.0,58.0,38.0,24.0,0.0,0.0,174.0
Uttar Pradesh,2001.0,Molestation,04. Molestation,781.0,154.0,2572.0,123.0,1201.0,128.0,2726.0,0.0,199.0,183.0,6658.0,6191.0,2870.0,2572.0,1982.0,0.0,0.0,8763.0
Uttarakhand,2001.0,Molestation,04. Molestation,33.0,15.0,81.0,10.0,57.0,4.0,96.0,0.0,9.0,6.0,221.0,240.0,103.0,81.0,90.0,0.0,0.0,321.0
West Bengal,2001.0,Molestation,04. Molestation,350.0,109.0,825.0,4.0,70.0,11.0,934.0,0.0,1211.0,1202.0,4949.0,4548.0,954.0,825.0,420.0,0.0,0.0,5373.0
Andaman & Nicobar Islands,2002.0,Molestation,04. Molestation,7.0,1.0,13.0,0.0,3.0,0.0,14.0,0.0,4.0,1.0,100.0,97.0,17.0,13.0,10.0,0.0,0.0,110.0
Andhra Pradesh,2002.0,Molestation,04. Molestation,1517.0,47.0,3016.0,1007.0,393.0,539.0,3063.0,20.0,913.0,736.0,4807.0,4708.0,3799.0,3016.0,1910.0,0.0,0.0,7724.0
Arunachal Pradesh,2002.0,Molestation,04. Molestation,6.0,10.0,59.0,8.0,11.0,0.0,69.0,0.0,9.0,10.0,175.0,141.0,68.0,59.0,17.0,0.0,0.0,200.0
Assam,2002.0,Molestation,04. Molestation,300.0,196.0,666.0,52.0,86.0,71.0,862.0,3.0,623.0,575.0,1373.0,1145.0,984.0,666.0,386.0,0.0,0.0,1811.0
Bihar,2002.0,Molestation,04. Molestation,176.0,48.0,493.0,21.0,31.0,17.0,541.0,0.0,215.0,152.0,1260.0,995.0,621.0,493.0,207.0,0.0,0.0,1488.0
Chandigarh,2002.0,Molestation,04. Molestation,15.0,1.0,33.0,0.0,8.0,0.0,34.0,0.0,3.0,1.0,54.0,44.0,36.0,33.0,23.0,0.0,0.0,77.0
Chhattisgarh,2002.0,Molestation,04. Molestation,582.0,14.0,1468.0,753.0,743.0,9.0,1482.0,0.0,19.0,27.0,5921.0,6531.0,1483.0,1468.0,1325.0,0.0,0.0,7999.0
Dadra & Nagar Haveli,2002.0,Molestation,04. Molestation,3.0,0.0,3.0,0.0,0.0,0.0,3.0,0.0,1.0,1.0,14.0,14.0,3.0,3.0,3.0,0.0,0.0,17.0
Daman & Diu,2002.0,Molestation,04. Molestation,0.0,0.0,0.0,0.0,0.0,0.0,0.0,0.0,0.0,0.0,0.0,0.0,0.0,0.0,0.0,0.0,0.0,0.0
Delhi,2002.0,Molestation,04. Molestation,79.0,21.0,425.0,0.0,53.0,1.0,446.0,1.0,85.0,90.0,1224.0,931.0,446.0,425.0,132.0,0.0,3.0,1356.0
Goa,2002.0,Molestation,04. Molestation,7.0,1.0,14.0,2.0,6.0,0.0,15.0,0.0,8.0,5.0,42.0,43.0,18.0,14.0,13.0,0.0,0.0,57.0
Gujarat,2002.0,Molestation,04. Molestation,419.0,15.0,725.0,86.0,32.0,14.0,740.0,1.0,20.0,25.0,5396.0,5208.0,750.0,725.0,451.0,0.0,0.0,5933.0
Haryana,2002.0,Molestation,04. Molestation,463.0,20.0,379.0,14.0,100.0,54.0,399.0,0.0,19.0,18.0,1699.0,1897.0,454.0,379.0,563.0,0.0,0.0,2276.0
Himachal Pradesh,2002.0,Molestation,04. Molestation,115.0,1.0,273.0,62.0,12.0,22.0,274.0,0.0,56.0,26.0,1093.0,1009.0,326.0,273.0,127.0,0.0,0.0,1282.0
Jammu & Kashmir,2002.0,Molestation,04. Molestation,286.0,9.0,703.0,56.0,24.0,52.0,712.0,0.0,125.0,104.0,1740.0,1403.0,785.0,703.0,310.0,0.0,0.0,2106.0
Jharkhand,2002.0,Molestation,04. Molestation,426.0,11.0,364.0,16.0,63.0,9.0,375.0,0.0,65.0,38.0,1033.0,1174.0,411.0,364.0,489.0,0.0,0.0,1538.0
Karnataka,2002.0,Molestation,04. Molestation,810.0,71.0,1543.0,394.0,60.0,93.0,1614.0,5.0,178.0,242.0,3346.0,3067.0,1648.0,1543.0,870.0,0.0,0.0,4610.0
Kerala,2002.0,Molestation,04. Molestation,602.0,30.0,1861.0,326.0,82.0,160.0,1891.0,5.0,358.0,291.0,5787.0,4936.0,2123.0,1861.0,684.0,0.0,0.0,6797.0
Lakshadweep,2002.0,Molestation,04. Molestation,0.0,0.0,1.0,0.0,0.0,0.0,1.0,0.0,0.0,0.0,1.0,0.0,1.0,1.0,0.0,0.0,0.0,1.0
Madhya Pradesh,2002.0,Molestation,04. Molestation,1966.0,60.0,7063.0,2317.0,1165.0,34.0,7123.0,0.0,58.0,97.0,22950.0,21335.0,7118.0,7063.0,3131.0,0.0,0.0,28398.0
Maharashtra,2002.0,Molestation,04. Molestation,1533.0,36.0,2609.0,537.0,153.0,31.0,2645.0,1.0,381.0,372.0,18871.0,18485.0,2686.0,2609.0,1686.0,0.0,0.0,21094.0
Manipur,2002.0,Molestation,04. Molestation,0.0,57.0,4.0,0.0,0.0,0.0,61.0,0.0,12.0,15.0,6.0,2.0,58.0,4.0,0.0,0.0,0.0,6.0
Meghalaya,2002.0,Molestation,04. Molestation,4.0,6.0,14.0,0.0,5.0,0.0,20.0,0.0,17.0,14.0,97.0,92.0,23.0,14.0,9.0,0.0,0.0,106.0
Mizoram,2002.0,Molestation,04. Molestation,4.0,1.0,39.0,0.0,24.0,0.0,40.0,0.0,38.0,5.0,27.0,16.0,73.0,39.0,28.0,0.0,0.0,55.0
Nagaland,2002.0,Molestation,04. Molestation,0.0,0.0,1.0,0.0,1.0,0.0,1.0,0.0,2.0,2.0,14.0,14.0,1.0,1.0,1.0,0.0,0.0,15.0
Odisha,2002.0,Molestation,04. Molestation,761.0,63.0,1405.0,12.0,97.0,84.0,1468.0,1.0,312.0,260.0,7068.0,6533.0,1605.0,1405.0,858.0,0.0,0.0,7938.0
Puducherry,2002.0,Molestation,04. Molestation,9.0,0.0,60.0,14.0,7.0,1.0,60.0,0.0,3.0,5.0,69.0,39.0,59.0,60.0,16.0,0.0,0.0,99.0
Punjab,2002.0,Molestation,04. Molestation,105.0,66.0,258.0,13.0,74.0,37.0,324.0,3.0,175.0,198.0,462.0,396.0,341.0,258.0,179.0,0.0,0.0,654.0
Rajasthan,2002.0,Molestation,04. Molestation,655.0,12.0,2157.0,589.0,817.0,542.0,2169.0,0.0,45.0,26.0,8001.0,7905.0,2730.0,2157.0,1472.0,0.0,0.0,10062.0
Sikkim,2002.0,Molestation,04. Molestation,0.0,5.0,6.0,2.0,2.0,0.0,11.0,0.0,6.0,0.0,2.0,0.0,17.0,6.0,2.0,0.0,0.0,6.0
Tamil Nadu,2002.0,Molestation,04. Molestation,900.0,14.0,1752.0,41.0,868.0,150.0,1766.0,16.0,105.0,160.0,3152.0,3209.0,1877.0,1752.0,1768.0,0.0,0.0,4961.0
Tripura,2002.0,Molestation,04. Molestation,55.0,16.0,109.0,2.0,6.0,0.0,125.0,0.0,44.0,41.0,193.0,147.0,128.0,109.0,61.0,0.0,0.0,256.0
Uttar Pradesh,2002.0,Molestation,04. Molestation,731.0,84.0,2122.0,134.0,1196.0,102.0,2206.0,0.0,36.0,199.0,6719.0,6658.0,2145.0,2122.0,1927.0,0.0,0.0,8780.0
Uttarakhand,2002.0,Molestation,04. Molestation,21.0,16.0,126.0,23.0,37.0,2.0,142.0,0.0,10.0,9.0,266.0,221.0,145.0,126.0,58.0,0.0,0.0,347.0
West Bengal,2002.0,Molestation,04. Molestation,762.0,196.0,980.0,0.0,149.0,2.0,1176.0,0.0,997.0,1211.0,5018.0,4949.0,964.0,980.0,911.0,0.0,0.0,5929.0
Andaman & Nicobar Islands,2003.0,Molestation,04. Molestation,6.0,0.0,12.0,0.0,0.0,0.0,12.0,0.0,1.0,4.0,106.0,100.0,9.0,12.0,6.0,0.0,0.0,112.0
Andhra Pradesh,2003.0,Molestation,04. Molestation,1527.0,43.0,3250.0,900.0,373.0,639.0,3293.0,30.0,1078.0,913.0,5257.0,4807.0,4128.0,3250.0,1900.0,0.0,1.0,8057.0
Arunachal Pradesh,2003.0,Molestation,04. Molestation,2.0,4.0,37.0,0.0,2.0,0.0,41.0,0.0,11.0,9.0,208.0,175.0,43.0,37.0,4.0,0.0,0.0,212.0
Assam,2003.0,Molestation,04. Molestation,380.0,249.0,602.0,92.0,62.0,151.0,851.0,3.0,496.0,623.0,1441.0,1373.0,878.0,602.0,442.0,0.0,0.0,1975.0
Bihar,2003.0,Molestation,04. Molestation,245.0,85.0,524.0,57.0,54.0,25.0,609.0,0.0,269.0,215.0,1428.0,1260.0,688.0,524.0,299.0,0.0,0.0,1784.0
Chandigarh,2003.0,Molestation,04. Molestation,2.0,1.0,12.0,0.0,10.0,1.0,13.0,0.0,0.0,3.0,54.0,54.0,11.0,12.0,12.0,0.0,0.0,66.0
Chhattisgarh,2003.0,Molestation,04. Molestation,205.0,15.0,1385.0,853.0,272.0,5.0,1400.0,1.0,94.0,19.0,5976.0,5921.0,1481.0,1385.0,477.0,0.0,0.0,7306.0
Dadra & Nagar Haveli,2003.0,Molestation,04. Molestation,1.0,0.0,3.0,0.0,0.0,0.0,3.0,0.0,2.0,1.0,16.0,14.0,4.0,3.0,1.0,0.0,0.0,17.0
Daman & Diu,2003.0,Molestation,04. Molestation,0.0,0.0,2.0,0.0,0.0,0.0,2.0,0.0,1.0,0.0,2.0,0.0,3.0,2.0,0.0,0.0,0.0,2.0
Delhi,2003.0,Molestation,04. Molestation,222.0,22.0,446.0,0.0,81.0,2.0,468.0,0.0,104.0,85.0,1367.0,1224.0,489.0,446.0,303.0,0.0,0.0,1670.0
Goa,2003.0,Molestation,04. Molestation,10.0,3.0,11.0,3.0,2.0,0.0,14.0,0.0,13.0,8.0,38.0,42.0,19.0,11.0,12.0,0.0,0.0,53.0
Gujarat,2003.0,Molestation,04. Molestation,384.0,12.0,681.0,108.0,32.0,17.0,693.0,0.0,32.0,20.0,5553.0,5396.0,722.0,681.0,416.0,0.0,0.0,6077.0
Haryana,2003.0,Molestation,04. Molestation,350.0,3.0,304.0,5.0,106.0,43.0,307.0,0.0,13.0,19.0,1542.0,1699.0,344.0,304.0,456.0,0.0,0.0,2003.0
Himachal Pradesh,2003.0,Molestation,04. Molestation,131.0,4.0,254.0,72.0,31.0,17.0,258.0,0.0,31.0,56.0,1113.0,1093.0,250.0,254.0,162.0,0.0,0.0,1347.0
Jammu & Kashmir,2003.0,Molestation,04. Molestation,329.0,5.0,864.0,48.0,38.0,34.0,869.0,0.0,97.0,125.0,2189.0,1740.0,875.0,864.0,367.0,0.0,0.0,2604.0
Jharkhand,2003.0,Molestation,04. Molestation,395.0,15.0,368.0,17.0,53.0,5.0,383.0,0.0,101.0,65.0,936.0,1033.0,424.0,368.0,448.0,0.0,0.0,1401.0
Karnataka,2003.0,Molestation,04. Molestation,766.0,66.0,1425.0,331.0,74.0,100.0,1491.0,13.0,159.0,178.0,3600.0,3346.0,1585.0,1425.0,840.0,0.0,0.0,4771.0
Kerala,2003.0,Molestation,04. Molestation,682.0,26.0,1708.0,458.0,111.0,172.0,1734.0,2.0,397.0,358.0,6244.0,5787.0,1947.0,1708.0,793.0,0.0,0.0,7495.0
Lakshadweep,2003.0,Molestation,04. Molestation,0.0,0.0,0.0,0.0,1.0,0.0,0.0,0.0,1.0,0.0,0.0,1.0,1.0,0.0,1.0,0.0,0.0,1.0
Madhya Pradesh,2003.0,Molestation,04. Molestation,2331.0,44.0,6636.0,2284.0,1609.0,19.0,6680.0,0.0,200.0,51.0,23008.0,22596.0,6848.0,6636.0,3940.0,0.0,0.0,29232.0
Maharashtra,2003.0,Molestation,04. Molestation,1284.0,75.0,2461.0,538.0,164.0,35.0,2536.0,0.0,471.0,381.0,19345.0,18871.0,2661.0,2461.0,1448.0,1.0,0.0,21331.0
Manipur,2003.0,Molestation,04. Molestation,0.0,27.0,1.0,0.0,0.0,0.0,28.0,0.0,28.0,12.0,7.0,6.0,44.0,1.0,0.0,0.0,0.0,7.0
Meghalaya,2003.0,Molestation,04. Molestation,6.0,4.0,16.0,0.0,3.0,0.0,20.0,0.0,10.0,17.0,104.0,97.0,13.0,16.0,9.0,0.0,0.0,113.0
Mizoram,2003.0,Molestation,04. Molestation,7.0,2.0,86.0,1.0,46.0,0.0,88.0,0.0,11.0,11.0,110.0,78.0,88.0,86.0,53.0,0.0,0.0,164.0
Nagaland,2003.0,Molestation,04. Molestation,0.0,1.0,2.0,0.0,0.0,0.0,3.0,0.0,3.0,2.0,16.0,14.0,4.0,2.0,0.0,0.0,0.0,16.0
Odisha,2003.0,Molestation,04. Molestation,889.0,37.0,1673.0,0.0,125.0,106.0,1710.0,0.0,165.0,312.0,7727.0,7068.0,1669.0,1673.0,1014.0,0.0,0.0,8741.0
Puducherry,2003.0,Molestation,04. Molestation,8.0,0.0,55.0,20.0,11.0,2.0,55.0,0.0,2.0,3.0,85.0,69.0,56.0,55.0,19.0,0.0,0.0,124.0
Punjab,2003.0,Molestation,04. Molestation,131.0,72.0,281.0,4.0,79.0,54.0,353.0,1.0,113.0,175.0,529.0,462.0,346.0,281.0,210.0,0.0,0.0,743.0
Rajasthan,2003.0,Molestation,04. Molestation,662.0,6.0,2129.0,406.0,648.0,584.0,2135.0,0.0,41.0,45.0,8414.0,8001.0,2715.0,2129.0,1310.0,0.0,0.0,10130.0
Sikkim,2003.0,Molestation,04. Molestation,0.0,4.0,15.0,11.0,6.0,1.0,19.0,0.0,11.0,6.0,0.0,2.0,25.0,15.0,6.0,0.0,0.0,17.0
Tamil Nadu,2003.0,Molestation,04. Molestation,968.0,16.0,1743.0,14.0,717.0,156.0,1759.0,8.0,204.0,105.0,3326.0,3283.0,2022.0,1743.0,1685.0,1.0,0.0,5025.0
Tripura,2003.0,Molestation,04. Molestation,52.0,26.0,99.0,0.0,5.0,0.0,125.0,0.0,46.0,44.0,235.0,193.0,127.0,99.0,57.0,0.0,0.0,292.0
Uttar Pradesh,2003.0,Molestation,04. Molestation,533.0,28.0,1014.0,101.0,842.0,45.0,1042.0,1.0,46.0,36.0,6257.0,6719.0,1098.0,1014.0,1375.0,0.0,0.0,7733.0
Uttarakhand,2003.0,Molestation,04. Molestation,20.0,12.0,110.0,16.0,71.0,6.0,122.0,0.0,18.0,10.0,269.0,266.0,136.0,110.0,91.0,0.0,0.0,376.0
West Bengal,2003.0,Molestation,04. Molestation,559.0,151.0,1013.0,4.0,40.0,19.0,1164.0,0.0,1000.0,997.0,5428.0,5018.0,1186.0,1013.0,599.0,0.0,0.0,6031.0
Andaman & Nicobar Islands,2004.0,Molestation,04. Molestation,1.0,1.0,5.0,0.0,6.0,0.0,6.0,0.0,1.0,1.0,104.0,106.0,6.0,5.0,7.0,0.0,0.0,111.0
Andhra Pradesh,2004.0,Molestation,04. Molestation,1987.0,47.0,3060.0,937.0,486.0,500.0,3107.0,10.0,1278.0,1078.0,4905.0,5257.0,3817.0,3060.0,2473.0,2.0,0.0,8315.0
Arunachal Pradesh,2004.0,Molestation,04. Molestation,3.0,6.0,44.0,3.0,5.0,0.0,50.0,0.0,22.0,11.0,241.0,208.0,61.0,44.0,8.0,0.0,0.0,252.0
Assam,2004.0,Molestation,04. Molestation,484.0,210.0,568.0,50.0,68.0,105.0,778.0,0.0,496.0,496.0,1407.0,1441.0,883.0,568.0,552.0,0.0,0.0,2009.0
Bihar,2004.0,Molestation,04. Molestation,262.0,67.0,606.0,19.0,55.0,23.0,673.0,0.0,277.0,269.0,1698.0,1428.0,704.0,606.0,317.0,0.0,0.0,2034.0
Chandigarh,2004.0,Molestation,04. Molestation,9.0,0.0,16.0,0.0,6.0,1.0,16.0,0.0,3.0,0.0,55.0,54.0,20.0,16.0,15.0,0.0,0.0,70.0
Chhattisgarh,2004.0,Molestation,04. Molestation,502.0,13.0,1713.0,731.0,364.0,7.0,1726.0,1.0,21.0,94.0,6092.0,5976.0,1661.0,1713.0,866.0,0.0,0.0,7689.0
Dadra & Nagar Haveli,2004.0,Molestation,04. Molestation,5.0,0.0,6.0,0.0,0.0,0.0,6.0,0.0,1.0,2.0,17.0,16.0,5.0,6.0,5.0,0.0,0.0,22.0
Daman & Diu,2004.0,Molestation,04. Molestation,0.0,0.0,1.0,0.0,0.0,0.0,1.0,0.0,1.0,1.0,3.0,2.0,1.0,1.0,0.0,0.0,0.0,3.0
Delhi,2004.0,Molestation,04. Molestation,138.0,39.0,502.0,0.0,112.0,5.0,541.0,0.0,159.0,104.0,1619.0,1367.0,601.0,502.0,250.0,0.0,0.0,1869.0
Goa,2004.0,Molestation,04. Molestation,7.0,8.0,18.0,5.0,1.0,0.0,26.0,0.0,10.0,13.0,43.0,38.0,23.0,18.0,8.0,0.0,0.0,56.0
Gujarat,2004.0,Molestation,04. Molestation,378.0,13.0,728.0,69.0,25.0,14.0,741.0,1.0,33.0,32.0,5809.0,5553.0,757.0,728.0,403.0,0.0,0.0,6281.0
Haryana,2004.0,Molestation,04. Molestation,389.0,6.0,361.0,0.0,123.0,34.0,367.0,0.0,15.0,13.0,1391.0,1542.0,403.0,361.0,512.0,0.0,0.0,1903.0
Himachal Pradesh,2004.0,Molestation,04. Molestation,170.0,4.0,269.0,139.0,20.0,22.0,273.0,0.0,20.0,31.0,1053.0,1113.0,284.0,269.0,190.0,0.0,0.0,1382.0
Jammu & Kashmir,2004.0,Molestation,04. Molestation,476.0,11.0,928.0,39.0,57.0,40.0,939.0,0.0,108.0,97.0,2545.0,2189.0,990.0,928.0,533.0,0.0,0.0,3117.0
Jharkhand,2004.0,Molestation,04. Molestation,395.0,15.0,368.0,17.0,53.0,5.0,383.0,0.0,124.0,101.0,839.0,936.0,411.0,368.0,448.0,0.0,0.0,1304.0
Karnataka,2004.0,Molestation,04. Molestation,955.0,30.0,1289.0,293.0,50.0,83.0,1319.0,3.0,189.0,159.0,3591.0,3600.0,1435.0,1289.0,1005.0,0.0,0.0,4889.0
Kerala,2004.0,Molestation,04. Molestation,866.0,36.0,2087.0,706.0,129.0,197.0,2123.0,7.0,330.0,397.0,6630.0,6244.0,2260.0,2087.0,995.0,0.0,0.0,8331.0
Lakshadweep,2004.0,Molestation,04. Molestation,0.0,0.0,1.0,0.0,0.0,0.0,1.0,0.0,0.0,1.0,1.0,0.0,0.0,1.0,0.0,0.0,0.0,1.0
Madhya Pradesh,2004.0,Molestation,04. Molestation,2212.0,44.0,6741.0,2236.0,1503.0,18.0,6785.0,0.0,87.0,200.0,23798.0,23008.0,6690.0,6741.0,3715.0,0.0,0.0,29749.0
Maharashtra,2004.0,Molestation,04. Molestation,1082.0,45.0,2698.0,573.0,153.0,29.0,2743.0,2.0,528.0,471.0,20235.0,19345.0,2831.0,2698.0,1235.0,0.0,0.0,22043.0
Manipur,2004.0,Molestation,04. Molestation,0.0,9.0,1.0,0.0,0.0,0.0,10.0,0.0,48.0,28.0,8.0,7.0,30.0,1.0,0.0,0.0,0.0,8.0
Meghalaya,2004.0,Molestation,04. Molestation,6.0,1.0,9.0,1.0,2.0,0.0,10.0,0.0,34.0,10.0,104.0,104.0,34.0,9.0,8.0,0.0,0.0,113.0
Mizoram,2004.0,Molestation,04. Molestation,20.0,6.0,60.0,0.0,80.0,0.0,66.0,0.0,11.0,11.0,70.0,110.0,66.0,60.0,100.0,0.0,0.0,170.0
Nagaland,2004.0,Molestation,04. Molestation,0.0,2.0,4.0,0.0,19.0,0.0,6.0,0.0,0.0,3.0,1.0,16.0,3.0,4.0,19.0,0.0,0.0,20.0
Odisha,2004.0,Molestation,04. Molestation,956.0,26.0,1615.0,19.0,105.0,79.0,1641.0,0.0,256.0,165.0,8262.0,7727.0,1811.0,1615.0,1061.0,0.0,0.0,9342.0
Puducherry,2004.0,Molestation,04. Molestation,17.0,0.0,50.0,16.0,8.0,1.0,50.0,1.0,0.0,2.0,94.0,85.0,50.0,50.0,25.0,0.0,0.0,135.0
Punjab,2004.0,Molestation,04. Molestation,114.0,51.0,186.0,18.0,83.0,24.0,237.0,5.0,108.0,113.0,500.0,529.0,261.0,186.0,197.0,0.0,0.0,715.0
Rajasthan,2004.0,Molestation,04. Molestation,840.0,3.0,2241.0,480.0,852.0,587.0,2244.0,0.0,35.0,41.0,8483.0,8414.0,2825.0,2241.0,1692.0,0.0,0.0,10655.0
Sikkim,2004.0,Molestation,04. Molestation,2.0,6.0,19.0,4.0,2.0,0.0,25.0,0.0,26.0,11.0,11.0,0.0,40.0,19.0,4.0,0.0,0.0,19.0
Tamil Nadu,2004.0,Molestation,04. Molestation,852.0,31.0,1776.0,1.0,878.0,93.0,1807.0,5.0,160.0,204.0,3371.0,3326.0,1861.0,1776.0,1730.0,0.0,0.0,5102.0
Tripura,2004.0,Molestation,04. Molestation,63.0,17.0,120.0,0.0,12.0,4.0,137.0,0.0,39.0,46.0,280.0,235.0,134.0,120.0,75.0,0.0,0.0,355.0
Uttar Pradesh,2004.0,Molestation,04. Molestation,627.0,68.0,1721.0,107.0,990.0,89.0,1789.0,0.0,68.0,46.0,6254.0,6257.0,1900.0,1721.0,1617.0,0.0,0.0,7978.0
Uttarakhand,2004.0,Molestation,04. Molestation,23.0,16.0,132.0,15.0,64.0,2.0,148.0,0.0,11.0,18.0,299.0,269.0,143.0,132.0,87.0,0.0,0.0,401.0
West Bengal,2004.0,Molestation,04. Molestation,359.0,235.0,1366.0,0.0,45.0,3.0,1601.0,0.0,962.0,1000.0,6390.0,5428.0,1566.0,1366.0,404.0,0.0,0.0,6794.0
Andaman & Nicobar Islands,2005.0,Molestation,04. Molestation,2.0,2.0,4.0,0.0,0.0,0.0,6.0,0.0,6.0,1.0,106.0,104.0,11.0,4.0,2.0,0.0,0.0,108.0
Andhra Pradesh,2005.0,Molestation,04. Molestation,1722.0,39.0,3203.0,1091.0,451.0,521.0,3242.0,0.0,1108.0,1278.0,4844.0,4905.0,3595.0,3203.0,2173.0,0.0,2.0,8108.0
Arunachal Pradesh,2005.0,Molestation,04. Molestation,17.0,20.0,54.0,7.0,16.0,0.0,74.0,0.0,15.0,22.0,255.0,241.0,67.0,54.0,33.0,0.0,0.0,295.0
Assam,2005.0,Molestation,04. Molestation,439.0,260.0,663.0,67.0,68.0,66.0,923.0,0.0,406.0,496.0,1496.0,1407.0,899.0,663.0,507.0,0.0,0.0,2070.0
Bihar,2005.0,Molestation,04. Molestation,357.0,29.0,363.0,8.0,51.0,11.0,392.0,0.0,325.0,277.0,1645.0,1698.0,451.0,363.0,408.0,0.0,0.0,2061.0
Chandigarh,2005.0,Molestation,04. Molestation,5.0,0.0,24.0,0.0,7.0,2.0,24.0,0.0,8.0,3.0,67.0,55.0,31.0,24.0,12.0,0.0,0.0,79.0
Chhattisgarh,2005.0,Molestation,04. Molestation,820.0,19.0,1418.0,331.0,454.0,4.0,1437.0,0.0,30.0,21.0,5905.0,6092.0,1450.0,1418.0,1274.0,0.0,0.0,7510.0
Dadra & Nagar Haveli,2005.0,Molestation,04. Molestation,6.0,0.0,5.0,0.0,0.0,0.0,5.0,0.0,1.0,1.0,16.0,17.0,5.0,5.0,6.0,0.0,0.0,22.0
Daman & Diu,2005.0,Molestation,04. Molestation,0.0,1.0,1.0,0.0,0.0,0.0,2.0,0.0,0.0,1.0,4.0,3.0,1.0,1.0,0.0,0.0,0.0,4.0
Delhi,2005.0,Molestation,04. Molestation,76.0,26.0,562.0,0.0,74.0,2.0,588.0,1.0,329.0,159.0,2031.0,1619.0,762.0,562.0,150.0,0.0,1.0,2181.0
Goa,2005.0,Molestation,04. Molestation,2.0,5.0,15.0,1.0,4.0,0.0,20.0,0.0,20.0,10.0,51.0,43.0,30.0,15.0,6.0,0.0,0.0,58.0
Gujarat,2005.0,Molestation,04. Molestation,498.0,17.0,762.0,41.0,100.0,5.0,779.0,0.0,51.0,33.0,5932.0,5809.0,802.0,762.0,598.0,0.0,0.0,6571.0
Haryana,2005.0,Molestation,04. Molestation,227.0,5.0,333.0,4.0,104.0,34.0,338.0,0.0,23.0,15.0,1389.0,1391.0,380.0,333.0,331.0,0.0,0.0,1724.0
Himachal Pradesh,2005.0,Molestation,04. Molestation,240.0,4.0,250.0,77.0,31.0,13.0,254.0,0.0,39.0,20.0,955.0,1053.0,286.0,250.0,271.0,0.0,0.0,1303.0
Jammu & Kashmir,2005.0,Molestation,04. Molestation,474.0,6.0,736.0,65.0,17.0,42.0,742.0,0.0,154.0,108.0,2725.0,2545.0,830.0,736.0,491.0,0.0,0.0,3281.0
Jharkhand,2005.0,Molestation,04. Molestation,27.0,39.0,245.0,12.0,123.0,6.0,284.0,0.0,127.0,124.0,917.0,839.0,293.0,245.0,150.0,5.0,0.0,1079.0
Karnataka,2005.0,Molestation,04. Molestation,1085.0,38.0,1358.0,320.0,52.0,107.0,1396.0,1.0,270.0,189.0,3492.0,3591.0,1585.0,1358.0,1137.0,0.0,0.0,4949.0
Kerala,2005.0,Molestation,04. Molestation,799.0,20.0,2083.0,273.0,168.0,138.0,2103.0,0.0,428.0,330.0,7473.0,6630.0,2339.0,2083.0,967.0,0.0,0.0,8713.0
Lakshadweep,2005.0,Molestation,04. Molestation,0.0,0.0,0.0,0.0,0.0,0.0,0.0,0.0,0.0,0.0,1.0,1.0,0.0,0.0,0.0,0.0,0.0,1.0
Madhya Pradesh,2005.0,Molestation,04. Molestation,2174.0,35.0,6317.0,2503.0,1282.0,30.0,6352.0,0.0,131.0,87.0,24156.0,23798.0,6426.0,6317.0,3456.0,0.0,0.0,30115.0
Maharashtra,2005.0,Molestation,04. Molestation,1387.0,59.0,3021.0,479.0,158.0,29.0,3080.0,4.0,643.0,528.0,21228.0,20235.0,3228.0,3021.0,1545.0,4.0,0.0,23252.0
Manipur,2005.0,Molestation,04. Molestation,0.0,22.0,1.0,0.0,0.0,0.0,23.0,0.0,50.0,48.0,9.0,8.0,25.0,1.0,0.0,0.0,0.0,9.0
Meghalaya,2005.0,Molestation,04. Molestation,4.0,5.0,20.0,1.0,2.0,0.0,25.0,0.0,53.0,34.0,117.0,104.0,44.0,20.0,6.0,0.0,0.0,124.0
Mizoram,2005.0,Molestation,04. Molestation,6.0,0.0,49.0,4.0,10.0,0.0,49.0,0.0,11.0,11.0,99.0,70.0,49.0,49.0,16.0,0.0,0.0,119.0
Nagaland,2005.0,Molestation,04. Molestation,1.0,0.0,6.0,0.0,1.0,0.0,6.0,0.0,1.0,0.0,5.0,1.0,7.0,6.0,2.0,0.0,0.0,7.0
Odisha,2005.0,Molestation,04. Molestation,830.0,23.0,1838.0,14.0,72.0,112.0,1861.0,0.0,521.0,256.0,9184.0,8262.0,2238.0,1838.0,902.0,0.0,0.0,10100.0
Puducherry,2005.0,Molestation,04. Molestation,8.0,0.0,53.0,21.0,10.0,1.0,53.0,0.0,6.0,0.0,108.0,94.0,60.0,53.0,18.0,0.0,0.0,147.0
Punjab,2005.0,Molestation,04. Molestation,109.0,26.0,224.0,3.0,41.0,26.0,250.0,1.0,139.0,108.0,571.0,500.0,308.0,224.0,150.0,0.0,0.0,724.0
Rajasthan,2005.0,Molestation,04. Molestation,645.0,9.0,1986.0,559.0,981.0,522.0,1995.0,0.0,21.0,35.0,8284.0,8483.0,2503.0,1986.0,1626.0,0.0,0.0,10469.0
Sikkim,2005.0,Molestation,04. Molestation,10.0,6.0,11.0,10.0,2.0,0.0,17.0,0.0,47.0,26.0,0.0,11.0,38.0,11.0,12.0,0.0,0.0,22.0
Tamil Nadu,2005.0,Molestation,04. Molestation,862.0,24.0,1581.0,12.0,799.0,147.0,1605.0,1.0,171.0,160.0,3279.0,3371.0,1764.0,1581.0,1661.0,0.0,0.0,4952.0
Tripura,2005.0,Molestation,04. Molestation,87.0,32.0,130.0,0.0,18.0,2.0,162.0,0.0,36.0,39.0,305.0,280.0,161.0,130.0,105.0,0.0,0.0,410.0
Uttar Pradesh,2005.0,Molestation,04. Molestation,605.0,47.0,1708.0,134.0,937.0,55.0,1755.0,0.0,93.0,68.0,6286.0,6254.0,1835.0,1708.0,1542.0,0.0,0.0,7962.0
Uttarakhand,2005.0,Molestation,04. Molestation,25.0,4.0,95.0,2.0,27.0,2.0,99.0,0.0,10.0,11.0,340.0,299.0,100.0,95.0,52.0,0.0,0.0,394.0
West Bengal,2005.0,Molestation,04. Molestation,715.0,115.0,1453.0,0.0,55.0,6.0,1568.0,0.0,960.0,962.0,7073.0,6390.0,1572.0,1453.0,770.0,0.0,0.0,7843.0
Andaman & Nicobar Islands,2006.0,Molestation,04. Molestation,4.0,2.0,13.0,0.0,0.0,0.0,15.0,0.0,5.0,6.0,115.0,106.0,14.0,13.0,4.0,0.0,0.0,119.0
Andhra Pradesh,2006.0,Molestation,04. Molestation,1408.0,67.0,3528.0,988.0,398.0,677.0,3595.0,0.0,1370.0,1108.0,5578.0,4844.0,4534.0,3528.0,1806.0,0.0,0.0,8372.0
Arunachal Pradesh,2006.0,Molestation,04. Molestation,13.0,9.0,33.0,4.0,9.0,0.0,42.0,0.0,36.0,15.0,262.0,255.0,63.0,33.0,22.0,0.0,0.0,288.0
Assam,2006.0,Molestation,04. Molestation,432.0,217.0,749.0,64.0,121.0,92.0,966.0,1.0,637.0,406.0,1628.0,1496.0,1290.0,749.0,553.0,0.0,0.0,2245.0
Bihar,2006.0,Molestation,04. Molestation,338.0,37.0,449.0,64.0,80.0,20.0,486.0,0.0,349.0,325.0,1612.0,1645.0,530.0,449.0,418.0,0.0,0.0,2094.0
Chandigarh,2006.0,Molestation,04. Molestation,11.0,0.0,19.0,0.0,6.0,2.0,19.0,0.0,7.0,8.0,69.0,67.0,20.0,19.0,17.0,0.0,0.0,86.0
Chhattisgarh,2006.0,Molestation,04. Molestation,281.0,17.0,1554.0,235.0,362.0,5.0,1571.0,0.0,52.0,30.0,6581.0,5905.0,1598.0,1554.0,643.0,0.0,0.0,7459.0
Dadra & Nagar Haveli,2006.0,Molestation,04. Molestation,1.0,0.0,4.0,0.0,1.0,0.0,4.0,0.0,2.0,1.0,18.0,16.0,5.0,4.0,2.0,0.0,0.0,20.0
Daman & Diu,2006.0,Molestation,04. Molestation,1.0,0.0,1.0,0.0,0.0,0.0,1.0,0.0,1.0,0.0,4.0,4.0,2.0,1.0,1.0,0.0,0.0,5.0
Delhi,2006.0,Molestation,04. Molestation,70.0,29.0,670.0,0.0,98.0,2.0,699.0,1.0,342.0,329.0,2533.0,2031.0,718.0,670.0,168.0,0.0,3.0,2701.0
Goa,2006.0,Molestation,04. Molestation,6.0,5.0,20.0,4.0,4.0,0.0,25.0,0.0,13.0,20.0,57.0,51.0,18.0,20.0,10.0,0.0,0.0,71.0
Gujarat,2006.0,Molestation,04. Molestation,350.0,14.0,700.0,54.0,26.0,6.0,714.0,1.0,66.0,51.0,6202.0,5932.0,736.0,700.0,376.0,0.0,0.0,6632.0
Haryana,2006.0,Molestation,04. Molestation,184.0,1.0,393.0,2.0,115.0,55.0,394.0,0.0,60.0,23.0,1481.0,1389.0,486.0,393.0,299.0,0.0,0.0,1782.0
Himachal Pradesh,2006.0,Molestation,04. Molestation,116.0,2.0,266.0,49.0,19.0,14.0,268.0,0.0,32.0,39.0,1037.0,955.0,275.0,266.0,135.0,0.0,0.0,1221.0
Jammu & Kashmir,2006.0,Molestation,04. Molestation,514.0,5.0,897.0,87.0,65.0,40.0,902.0,0.0,172.0,154.0,2956.0,2725.0,960.0,897.0,579.0,0.0,0.0,3622.0
Jharkhand,2006.0,Molestation,04. Molestation,200.0,26.0,344.0,17.0,62.0,8.0,370.0,0.0,163.0,127.0,982.0,917.0,414.0,344.0,262.0,0.0,0.0,1261.0
Karnataka,2006.0,Molestation,04. Molestation,1113.0,44.0,1535.0,264.0,73.0,87.0,1579.0,1.0,284.0,270.0,3577.0,3492.0,1683.0,1535.0,1186.0,0.0,2.0,5027.0
Kerala,2006.0,Molestation,04. Molestation,1324.0,42.0,2273.0,305.0,231.0,203.0,2315.0,0.0,453.0,428.0,7886.0,7473.0,2543.0,2273.0,1555.0,0.0,0.0,9746.0
Lakshadweep,2006.0,Molestation,04. Molestation,0.0,0.0,0.0,0.0,0.0,0.0,0.0,0.0,0.0,0.0,1.0,1.0,0.0,0.0,0.0,0.0,0.0,1.0
Madhya Pradesh,2006.0,Molestation,04. Molestation,1795.0,28.0,6172.0,2420.0,1184.0,23.0,6200.0,0.0,151.0,131.0,24929.0,24156.0,6243.0,6172.0,2979.0,0.0,0.0,30328.0
Maharashtra,2006.0,Molestation,04. Molestation,1290.0,48.0,3240.0,410.0,168.0,43.0,3288.0,0.0,791.0,643.0,22600.0,21228.0,3479.0,3240.0,1458.0,0.0,0.0,24468.0
Manipur,2006.0,Molestation,04. Molestation,0.0,24.0,1.0,0.0,2.0,0.0,25.0,0.0,67.0,50.0,8.0,9.0,42.0,1.0,2.0,0.0,0.0,10.0
Meghalaya,2006.0,Molestation,04. Molestation,11.0,21.0,34.0,0.0,5.0,0.0,55.0,0.0,55.0,53.0,135.0,117.0,57.0,34.0,16.0,0.0,0.0,151.0
Mizoram,2006.0,Molestation,04. Molestation,6.0,0.0,56.0,0.0,134.0,0.0,56.0,0.0,6.0,11.0,15.0,99.0,51.0,56.0,140.0,0.0,0.0,155.0
Nagaland,2006.0,Molestation,04. Molestation,0.0,0.0,3.0,0.0,4.0,0.0,3.0,0.0,1.0,1.0,4.0,5.0,3.0,3.0,4.0,0.0,0.0,8.0
Odisha,2006.0,Molestation,04. Molestation,877.0,47.0,2097.0,0.0,144.0,115.0,2144.0,0.0,677.0,521.0,10260.0,9184.0,2415.0,2097.0,1021.0,0.0,0.0,11281.0
Puducherry,2006.0,Molestation,04. Molestation,11.0,0.0,48.0,5.0,14.0,0.0,48.0,1.0,13.0,6.0,126.0,108.0,56.0,48.0,25.0,0.0,0.0,156.0
Punjab,2006.0,Molestation,04. Molestation,118.0,37.0,262.0,1.0,44.0,19.0,299.0,0.0,135.0,139.0,670.0,571.0,314.0,262.0,162.0,0.0,0.0,833.0
Rajasthan,2006.0,Molestation,04. Molestation,671.0,40.0,2048.0,579.0,958.0,498.0,2088.0,0.0,17.0,21.0,8004.0,8284.0,2582.0,2048.0,1629.0,120.0,0.0,10212.0
Sikkim,2006.0,Molestation,04. Molestation,2.0,0.0,10.0,7.0,1.0,0.0,10.0,0.0,51.0,47.0,0.0,0.0,14.0,10.0,3.0,0.0,0.0,10.0
Tamil Nadu,2006.0,Molestation,04. Molestation,884.0,54.0,1072.0,4.0,588.0,70.0,1126.0,2.0,152.0,171.0,2875.0,3279.0,1179.0,1072.0,1472.0,0.0,0.0,4351.0
Tripura,2006.0,Molestation,04. Molestation,84.0,54.0,153.0,0.0,13.0,2.0,207.0,0.0,34.0,36.0,361.0,305.0,207.0,153.0,97.0,0.0,0.0,458.0
Uttar Pradesh,2006.0,Molestation,04. Molestation,618.0,85.0,1914.0,146.0,998.0,89.0,1999.0,0.0,101.0,93.0,6438.0,6286.0,2096.0,1914.0,1616.0,0.0,0.0,8200.0
Uttarakhand,2006.0,Molestation,04. Molestation,36.0,5.0,140.0,0.0,51.0,11.0,145.0,0.0,7.0,10.0,393.0,340.0,153.0,140.0,87.0,0.0,0.0,480.0
West Bengal,2006.0,Molestation,04. Molestation,966.0,341.0,1529.0,4.0,119.0,27.0,1870.0,0.0,900.0,960.0,7513.0,7073.0,1837.0,1529.0,1085.0,0.0,0.0,8602.0
Andaman & Nicobar Islands,2007.0,Molestation,04. Molestation,2.0,1.0,20.0,0.0,1.0,0.0,21.0,0.0,5.0,5.0,132.0,115.0,21.0,20.0,3.0,0.0,0.0,135.0
Andhra Pradesh,2007.0,Molestation,04. Molestation,2401.0,217.0,3599.0,1375.0,654.0,698.0,3816.0,0.0,1262.0,1370.0,4745.0,5578.0,4406.0,3599.0,3055.0,2.0,0.0,9175.0
Arunachal Pradesh,2007.0,Molestation,04. Molestation,12.0,26.0,48.0,2.0,7.0,0.0,74.0,0.0,34.0,36.0,289.0,262.0,72.0,48.0,19.0,0.0,0.0,310.0
Assam,2007.0,Molestation,04. Molestation,633.0,171.0,586.0,54.0,94.0,116.0,757.0,0.0,553.0,637.0,1433.0,1628.0,789.0,586.0,727.0,0.0,0.0,2214.0
Bihar,2007.0,Molestation,04. Molestation,290.0,81.0,724.0,51.0,82.0,40.0,805.0,0.0,357.0,349.0,1913.0,1612.0,853.0,724.0,372.0,0.0,0.0,2336.0
Chandigarh,2007.0,Molestation,04. Molestation,17.0,0.0,18.0,0.0,2.0,5.0,18.0,0.0,16.0,7.0,68.0,69.0,32.0,18.0,19.0,0.0,0.0,87.0
Chhattisgarh,2007.0,Molestation,04. Molestation,466.0,17.0,1507.0,301.0,228.0,3.0,1524.0,0.0,74.0,52.0,7093.0,6581.0,1549.0,1507.0,694.0,0.0,0.0,8088.0
Dadra & Nagar Haveli,2007.0,Molestation,04. Molestation,5.0,2.0,0.0,0.0,1.0,0.0,2.0,0.0,0.0,2.0,12.0,18.0,0.0,0.0,6.0,0.0,0.0,18.0
Daman & Diu,2007.0,Molestation,04. Molestation,0.0,0.0,1.0,0.0,1.0,0.0,1.0,0.0,0.0,1.0,4.0,4.0,0.0,1.0,1.0,0.0,0.0,5.0
Delhi,2007.0,Molestation,04. Molestation,119.0,18.0,716.0,0.0,138.0,1.0,734.0,0.0,475.0,342.0,2992.0,2533.0,868.0,716.0,257.0,0.0,0.0,3249.0
Goa,2007.0,Molestation,04. Molestation,3.0,2.0,9.0,5.0,2.0,1.0,11.0,0.0,21.0,13.0,56.0,57.0,20.0,9.0,5.0,0.0,0.0,66.0
Gujarat,2007.0,Molestation,04. Molestation,369.0,14.0,804.0,57.0,27.0,10.0,818.0,2.0,58.0,66.0,6553.0,6202.0,822.0,804.0,396.0,0.0,0.0,7006.0
Haryana,2007.0,Molestation,04. Molestation,223.0,7.0,403.0,8.0,87.0,42.0,410.0,0.0,25.0,60.0,1566.0,1481.0,417.0,403.0,310.0,0.0,0.0,1884.0
Himachal Pradesh,2007.0,Molestation,04. Molestation,142.0,3.0,263.0,102.0,23.0,21.0,266.0,0.0,67.0,32.0,1033.0,1037.0,322.0,263.0,165.0,0.0,0.0,1300.0
Jammu & Kashmir,2007.0,Molestation,04. Molestation,364.0,23.0,973.0,88.0,30.0,74.0,996.0,0.0,88.0,172.0,3447.0,2956.0,986.0,973.0,394.0,0.0,0.0,3929.0
Jharkhand,2007.0,Molestation,04. Molestation,254.0,56.0,290.0,6.0,92.0,2.0,346.0,0.0,157.0,163.0,920.0,982.0,342.0,290.0,346.0,0.0,0.0,1272.0
Karnataka,2007.0,Molestation,04. Molestation,1191.0,52.0,1664.0,227.0,67.0,181.0,1716.0,4.0,210.0,284.0,3756.0,3577.0,1828.0,1664.0,1258.0,0.0,1.0,5241.0
Kerala,2007.0,Molestation,04. Molestation,1549.0,51.0,2463.0,435.0,165.0,151.0,2514.0,0.0,412.0,453.0,8200.0,7886.0,2624.0,2463.0,1714.0,0.0,0.0,10349.0
Lakshadweep,2007.0,Molestation,04. Molestation,0.0,0.0,1.0,0.0,0.0,0.0,1.0,0.0,1.0,0.0,2.0,1.0,2.0,1.0,0.0,0.0,0.0,2.0
Madhya Pradesh,2007.0,Molestation,04. Molestation,1972.0,54.0,6697.0,2429.0,1451.0,25.0,6751.0,0.0,147.0,151.0,25774.0,24929.0,6772.0,6697.0,3423.0,0.0,0.0,31626.0
Maharashtra,2007.0,Molestation,04. Molestation,1282.0,55.0,3079.0,357.0,176.0,62.0,3134.0,0.0,901.0,791.0,23864.0,22600.0,3306.0,3079.0,1458.0,0.0,0.0,25679.0
Manipur,2007.0,Molestation,04. Molestation,1.0,26.0,0.0,0.0,0.0,0.0,26.0,0.0,111.0,67.0,7.0,8.0,70.0,0.0,1.0,0.0,0.0,8.0
Meghalaya,2007.0,Molestation,04. Molestation,6.0,2.0,25.0,1.0,4.0,0.0,27.0,0.0,73.0,55.0,149.0,135.0,45.0,25.0,10.0,0.0,0.0,160.0
Mizoram,2007.0,Molestation,04. Molestation,3.0,6.0,62.0,0.0,56.0,0.0,68.0,0.0,4.0,6.0,18.0,15.0,66.0,62.0,59.0,0.0,0.0,77.0
Nagaland,2007.0,Molestation,04. Molestation,0.0,1.0,5.0,0.0,5.0,0.0,6.0,0.0,3.0,1.0,4.0,4.0,8.0,5.0,5.0,0.0,0.0,9.0
Odisha,2007.0,Molestation,04. Molestation,770.0,43.0,2439.0,0.0,102.0,107.0,2482.0,1.0,862.0,677.0,11827.0,10260.0,2775.0,2439.0,872.0,0.0,0.0,12699.0
Puducherry,2007.0,Molestation,04. Molestation,26.0,1.0,92.0,12.0,8.0,1.0,93.0,1.0,7.0,13.0,172.0,126.0,89.0,92.0,34.0,0.0,0.0,218.0
Punjab,2007.0,Molestation,04. Molestation,101.0,54.0,245.0,2.0,38.0,31.0,299.0,0.0,232.0,135.0,774.0,670.0,427.0,245.0,139.0,0.0,0.0,915.0
Rajasthan,2007.0,Molestation,04. Molestation,647.0,15.0,1932.0,436.0,766.0,516.0,1947.0,0.0,31.0,17.0,8081.0,8004.0,2477.0,1932.0,1413.0,6.0,0.0,9930.0
Sikkim,2007.0,Molestation,04. Molestation,6.0,0.0,9.0,3.0,0.0,0.0,9.0,0.0,55.0,51.0,0.0,0.0,13.0,9.0,6.0,0.0,0.0,9.0
Tamil Nadu,2007.0,Molestation,04. Molestation,767.0,23.0,1237.0,1.0,477.0,147.0,1260.0,1.0,284.0,152.0,2867.0,2875.0,1540.0,1237.0,1244.0,0.0,0.0,4112.0
Tripura,2007.0,Molestation,04. Molestation,148.0,18.0,248.0,0.0,24.0,0.0,266.0,0.0,12.0,34.0,437.0,361.0,244.0,248.0,172.0,0.0,0.0,609.0
Uttar Pradesh,2007.0,Molestation,04. Molestation,615.0,120.0,2244.0,89.0,1164.0,143.0,2364.0,0.0,116.0,101.0,6814.0,6438.0,2522.0,2244.0,1779.0,0.0,0.0,8682.0
Uttarakhand,2007.0,Molestation,04. Molestation,40.0,13.0,130.0,10.0,90.0,6.0,143.0,0.0,4.0,7.0,383.0,393.0,146.0,130.0,130.0,0.0,0.0,523.0
West Bengal,2007.0,Molestation,04. Molestation,611.0,92.0,1585.0,6.0,87.0,2.0,1677.0,0.0,1502.0,900.0,8394.0,7513.0,2281.0,1585.0,698.0,0.0,0.0,9098.0
Andaman & Nicobar Islands,2008.0,Molestation,04. Molestation,4.0,3.0,21.0,0.0,0.0,0.0,24.0,0.0,5.0,5.0,149.0,132.0,24.0,21.0,4.0,0.0,0.0,153.0
Andhra Pradesh,2008.0,Molestation,04. Molestation,1538.0,131.0,3713.0,1417.0,520.0,742.0,3844.0,1.0,1394.0,1262.0,4983.0,4745.0,4730.0,3713.0,2058.0,0.0,11.0,8458.0
Arunachal Pradesh,2008.0,Molestation,04. Molestation,6.0,21.0,64.0,13.0,13.0,0.0,85.0,0.0,21.0,34.0,321.0,289.0,72.0,64.0,19.0,0.0,0.0,353.0
Assam,2008.0,Molestation,04. Molestation,454.0,245.0,731.0,33.0,78.0,92.0,976.0,0.0,757.0,553.0,1599.0,1433.0,1272.0,731.0,532.0,0.0,0.0,2164.0
Bihar,2008.0,Molestation,04. Molestation,385.0,95.0,684.0,68.0,76.0,65.0,779.0,0.0,512.0,357.0,2068.0,1913.0,999.0,684.0,461.0,0.0,0.0,2597.0
Chandigarh,2008.0,Molestation,04. Molestation,15.0,4.0,23.0,0.0,1.0,0.0,27.0,0.0,8.0,16.0,75.0,68.0,19.0,23.0,16.0,0.0,0.0,91.0
Chhattisgarh,2008.0,Molestation,04. Molestation,449.0,23.0,1605.0,299.0,279.0,13.0,1628.0,3.0,51.0,74.0,7671.0,7093.0,1621.0,1605.0,728.0,0.0,0.0,8698.0
Dadra & Nagar Haveli,2008.0,Molestation,04. Molestation,0.0,0.0,4.0,0.0,0.0,0.0,4.0,0.0,0.0,0.0,16.0,12.0,4.0,4.0,0.0,0.0,0.0,16.0
Daman & Diu,2008.0,Molestation,04. Molestation,1.0,0.0,1.0,1.0,0.0,0.0,1.0,0.0,1.0,0.0,3.0,4.0,2.0,1.0,1.0,0.0,0.0,5.0
Delhi,2008.0,Molestation,04. Molestation,141.0,13.0,715.0,0.0,184.0,4.0,728.0,2.0,352.0,475.0,3382.0,2992.0,611.0,715.0,325.0,0.0,0.0,3707.0
Goa,2008.0,Molestation,04. Molestation,11.0,4.0,26.0,1.0,4.0,0.0,30.0,0.0,23.0,21.0,66.0,56.0,32.0,26.0,15.0,0.0,0.0,82.0
Gujarat,2008.0,Molestation,04. Molestation,472.0,16.0,800.0,88.0,48.0,3.0,816.0,1.0,66.0,58.0,6745.0,6553.0,828.0,800.0,520.0,0.0,0.0,7353.0
Haryana,2008.0,Molestation,04. Molestation,258.0,5.0,385.0,7.0,97.0,37.0,390.0,0.0,33.0,25.0,1589.0,1566.0,435.0,385.0,355.0,0.0,0.0,1951.0
Himachal Pradesh,2008.0,Molestation,04. Molestation,122.0,1.0,275.0,58.0,30.0,22.0,276.0,0.0,64.0,67.0,1098.0,1033.0,295.0,275.0,152.0,0.0,0.0,1308.0
Jammu & Kashmir,2008.0,Molestation,04. Molestation,349.0,4.0,781.0,95.0,11.0,44.0,785.0,0.0,194.0,88.0,3773.0,3447.0,935.0,781.0,360.0,0.0,0.0,4228.0
Jharkhand,2008.0,Molestation,04. Molestation,193.0,22.0,235.0,12.0,43.0,3.0,257.0,0.0,168.0,157.0,907.0,920.0,271.0,235.0,236.0,0.0,0.0,1155.0
Karnataka,2008.0,Molestation,04. Molestation,1006.0,79.0,1722.0,394.0,93.0,82.0,1801.0,7.0,273.0,210.0,3985.0,3756.0,1954.0,1722.0,1099.0,0.0,1.0,5478.0
Kerala,2008.0,Molestation,04. Molestation,1315.0,67.0,2441.0,378.0,184.0,192.0,2508.0,0.0,457.0,412.0,8764.0,8200.0,2745.0,2441.0,1499.0,0.0,0.0,10641.0
Lakshadweep,2008.0,Molestation,04. Molestation,0.0,1.0,0.0,0.0,0.0,0.0,1.0,0.0,0.0,1.0,2.0,2.0,0.0,0.0,0.0,0.0,0.0,2.0
Madhya Pradesh,2008.0,Molestation,04. Molestation,2673.0,30.0,6372.0,2236.0,1971.0,15.0,6402.0,0.0,175.0,147.0,25265.0,25774.0,6445.0,6372.0,4644.0,1.0,0.0,32145.0
Maharashtra,2008.0,Molestation,04. Molestation,1438.0,82.0,3340.0,447.0,180.0,46.0,3422.0,0.0,1052.0,901.0,25139.0,23864.0,3619.0,3340.0,1618.0,0.0,0.0,27204.0
Manipur,2008.0,Molestation,04. Molestation,0.0,15.0,0.0,0.0,0.0,0.0,15.0,0.0,153.0,111.0,7.0,7.0,57.0,0.0,0.0,0.0,0.0,7.0
Meghalaya,2008.0,Molestation,04. Molestation,11.0,7.0,24.0,2.0,12.0,0.0,31.0,0.0,96.0,73.0,148.0,149.0,54.0,24.0,23.0,0.0,0.0,173.0
Mizoram,2008.0,Molestation,04. Molestation,8.0,2.0,71.0,0.0,38.0,0.0,73.0,0.0,9.0,4.0,43.0,18.0,78.0,71.0,46.0,0.0,0.0,89.0
Nagaland,2008.0,Molestation,04. Molestation,1.0,1.0,10.0,0.0,3.0,0.0,11.0,0.0,7.0,3.0,10.0,4.0,15.0,10.0,4.0,0.0,0.0,14.0
Odisha,2008.0,Molestation,04. Molestation,1146.0,55.0,2342.0,0.0,109.0,122.0,2397.0,0.0,1125.0,862.0,12914.0,11827.0,2782.0,2342.0,1255.0,0.0,0.0,14169.0
Puducherry,2008.0,Molestation,04. Molestation,19.0,2.0,65.0,3.0,7.0,2.0,67.0,0.0,3.0,7.0,208.0,172.0,65.0,65.0,26.0,0.0,0.0,237.0
Punjab,2008.0,Molestation,04. Molestation,148.0,61.0,265.0,0.0,73.0,66.0,326.0,0.0,228.0,232.0,818.0,774.0,388.0,265.0,221.0,0.0,0.0,1039.0
Rajasthan,2008.0,Molestation,04. Molestation,527.0,7.0,1964.0,391.0,825.0,557.0,1971.0,0.0,23.0,31.0,8302.0,8081.0,2520.0,1964.0,1352.0,0.0,0.0,10045.0
Sikkim,2008.0,Molestation,04. Molestation,3.0,4.0,16.0,2.0,3.0,0.0,20.0,0.0,54.0,55.0,8.0,0.0,19.0,16.0,6.0,0.0,0.0,16.0
Tamil Nadu,2008.0,Molestation,04. Molestation,632.0,80.0,1363.0,0.0,338.0,217.0,1443.0,0.0,329.0,284.0,3260.0,2867.0,1705.0,1363.0,970.0,0.0,0.0,4230.0
Tripura,2008.0,Molestation,04. Molestation,81.0,35.0,291.0,6.0,17.0,3.0,326.0,0.0,29.0,12.0,624.0,437.0,346.0,291.0,98.0,0.0,0.0,728.0
Uttar Pradesh,2008.0,Molestation,04. Molestation,852.0,171.0,2599.0,105.0,1502.0,193.0,2770.0,0.0,108.0,116.0,6954.0,6814.0,2955.0,2599.0,2354.0,0.0,0.0,9413.0
Uttarakhand,2008.0,Molestation,04. Molestation,17.0,9.0,99.0,22.0,72.0,5.0,108.0,0.0,11.0,4.0,371.0,383.0,120.0,99.0,89.0,0.0,0.0,482.0
West Bengal,2008.0,Molestation,04. Molestation,601.0,93.0,1566.0,16.0,95.0,4.0,1659.0,0.0,2235.0,1502.0,9248.0,8394.0,2396.0,1566.0,696.0,0.0,0.0,9960.0
Andaman & Nicobar Islands,2009.0,Molestation,04. Molestation,6.0,2.0,27.0,0.0,0.0,0.0,29.0,0.0,6.0,5.0,170.0,149.0,30.0,27.0,6.0,0.0,0.0,176.0
Andhra Pradesh,2009.0,Molestation,04. Molestation,2024.0,242.0,4229.0,1368.0,253.0,841.0,4471.0,0.0,1229.0,1394.0,5567.0,4983.0,5147.0,4229.0,2277.0,0.0,0.0,9212.0
Arunachal Pradesh,2009.0,Molestation,04. Molestation,10.0,11.0,54.0,3.0,15.0,0.0,65.0,0.0,14.0,21.0,347.0,321.0,58.0,54.0,25.0,0.0,0.0,375.0
Assam,2009.0,Molestation,04. Molestation,441.0,284.0,767.0,43.0,111.0,109.0,1051.0,0.0,939.0,757.0,1771.0,1599.0,1342.0,767.0,552.0,0.0,0.0,2366.0
Bihar,2009.0,Molestation,04. Molestation,358.0,77.0,554.0,66.0,68.0,34.0,631.0,0.0,573.0,512.0,2130.0,2068.0,726.0,554.0,426.0,0.0,0.0,2622.0
Chandigarh,2009.0,Molestation,04. Molestation,14.0,1.0,13.0,0.0,3.0,5.0,14.0,0.0,15.0,8.0,71.0,75.0,26.0,13.0,17.0,0.0,0.0,88.0
Chhattisgarh,2009.0,Molestation,04. Molestation,641.0,11.0,1566.0,232.0,291.0,6.0,1577.0,0.0,66.0,51.0,7767.0,7671.0,1598.0,1566.0,932.0,306.0,0.0,8931.0
Dadra & Nagar Haveli,2009.0,Molestation,04. Molestation,0.0,0.0,2.0,0.0,0.0,0.0,2.0,0.0,0.0,0.0,18.0,16.0,2.0,2.0,0.0,0.0,0.0,18.0
Daman & Diu,2009.0,Molestation,04. Molestation,0.0,1.0,0.0,0.0,0.0,0.0,1.0,0.0,4.0,1.0,3.0,3.0,4.0,0.0,0.0,0.0,0.0,3.0
Delhi,2009.0,Molestation,04. Molestation,213.0,39.0,515.0,0.0,200.0,5.0,554.0,0.0,345.0,352.0,3484.0,3382.0,552.0,515.0,413.0,0.0,0.0,3897.0
Goa,2009.0,Molestation,04. Molestation,9.0,9.0,21.0,0.0,3.0,0.0,30.0,0.0,30.0,23.0,75.0,66.0,37.0,21.0,12.0,0.0,0.0,87.0
Gujarat,2009.0,Molestation,04. Molestation,438.0,13.0,707.0,37.0,39.0,4.0,720.0,0.0,69.0,66.0,6937.0,6745.0,727.0,707.0,477.0,1.0,0.0,7451.0
Haryana,2009.0,Molestation,04. Molestation,229.0,2.0,403.0,3.0,90.0,38.0,405.0,0.0,41.0,33.0,1670.0,1589.0,451.0,403.0,319.0,0.0,0.0,1992.0
Himachal Pradesh,2009.0,Molestation,04. Molestation,128.0,3.0,308.0,35.0,20.0,19.0,311.0,0.0,52.0,64.0,1223.0,1098.0,318.0,308.0,148.0,0.0,0.0,1406.0
Jammu & Kashmir,2009.0,Molestation,04. Molestation,436.0,10.0,940.0,121.0,82.0,66.0,950.0,0.0,150.0,194.0,4074.0,3773.0,972.0,940.0,518.0,0.0,0.0,4713.0
Jharkhand,2009.0,Molestation,04. Molestation,199.0,20.0,237.0,16.0,67.0,4.0,257.0,0.0,183.0,168.0,862.0,907.0,276.0,237.0,266.0,0.0,0.0,1144.0
Karnataka,2009.0,Molestation,04. Molestation,993.0,35.0,1855.0,327.0,71.0,92.0,1890.0,7.0,470.0,273.0,4449.0,3985.0,2186.0,1855.0,1064.0,0.0,0.0,5840.0
Kerala,2009.0,Molestation,04. Molestation,1277.0,109.0,2358.0,254.0,166.0,154.0,2467.0,0.0,376.0,457.0,9425.0,8764.0,2540.0,2358.0,1443.0,0.0,0.0,11122.0
Lakshadweep,2009.0,Molestation,04. Molestation,1.0,0.0,0.0,0.0,0.0,0.0,0.0,0.0,0.0,0.0,1.0,2.0,0.0,0.0,1.0,0.0,0.0,2.0
Madhya Pradesh,2009.0,Molestation,04. Molestation,2663.0,41.0,6331.0,2713.0,1566.0,11.0,6372.0,0.0,99.0,175.0,24654.0,25265.0,6307.0,6331.0,4229.0,0.0,0.0,31596.0
Maharashtra,2009.0,Molestation,04. Molestation,1557.0,62.0,3114.0,437.0,157.0,30.0,3176.0,0.0,1042.0,1052.0,26102.0,25139.0,3196.0,3114.0,1714.0,0.0,0.0,28253.0
Manipur,2009.0,Molestation,04. Molestation,0.0,14.0,2.0,0.0,0.0,0.0,16.0,0.0,176.0,153.0,9.0,7.0,39.0,2.0,0.0,0.0,0.0,9.0
Meghalaya,2009.0,Molestation,04. Molestation,13.0,26.0,45.0,0.0,3.0,0.0,71.0,0.0,97.0,96.0,177.0,148.0,72.0,45.0,16.0,0.0,0.0,193.0
Mizoram,2009.0,Molestation,04. Molestation,8.0,0.0,68.0,0.0,47.0,0.0,68.0,0.0,2.0,9.0,56.0,43.0,61.0,68.0,55.0,0.0,0.0,111.0
Nagaland,2009.0,Molestation,04. Molestation,1.0,1.0,11.0,0.0,8.0,0.0,12.0,0.0,6.0,7.0,12.0,10.0,11.0,11.0,9.0,0.0,0.0,21.0
Odisha,2009.0,Molestation,04. Molestation,805.0,37.0,2436.0,0.0,78.0,118.0,2473.0,1.0,1230.0,1125.0,14467.0,12914.0,2697.0,2436.0,883.0,0.0,0.0,15350.0
Puducherry,2009.0,Molestation,04. Molestation,18.0,0.0,52.0,6.0,4.0,2.0,52.0,1.0,1.0,3.0,232.0,208.0,53.0,52.0,22.0,0.0,0.0,260.0
Punjab,2009.0,Molestation,04. Molestation,157.0,47.0,219.0,0.0,79.0,34.0,266.0,0.0,247.0,228.0,801.0,818.0,319.0,219.0,236.0,0.0,0.0,1037.0
Rajasthan,2009.0,Molestation,04. Molestation,452.0,25.0,1893.0,368.0,633.0,574.0,1918.0,0.0,16.0,23.0,8742.0,8302.0,2485.0,1893.0,1085.0,0.0,0.0,10195.0
Sikkim,2009.0,Molestation,04. Molestation,2.0,25.0,32.0,13.0,6.0,0.0,57.0,0.0,7.0,54.0,19.0,8.0,10.0,32.0,8.0,0.0,0.0,40.0
Tamil Nadu,2009.0,Molestation,04. Molestation,691.0,47.0,1104.0,0.0,393.0,142.0,1151.0,0.0,278.0,329.0,3280.0,3260.0,1242.0,1104.0,1084.0,0.0,0.0,4364.0
Tripura,2009.0,Molestation,04. Molestation,142.0,34.0,354.0,11.0,16.0,0.0,388.0,0.0,25.0,29.0,809.0,624.0,384.0,354.0,158.0,0.0,0.0,978.0
Uttar Pradesh,2009.0,Molestation,04. Molestation,655.0,138.0,2525.0,51.0,1568.0,156.0,2663.0,0.0,71.0,108.0,7205.0,6954.0,2782.0,2525.0,2223.0,0.0,0.0,9479.0
Uttarakhand,2009.0,Molestation,04. Molestation,25.0,14.0,108.0,3.0,90.0,2.0,122.0,0.0,6.0,11.0,361.0,371.0,119.0,108.0,115.0,0.0,0.0,479.0
West Bengal,2009.0,Molestation,04. Molestation,573.0,122.0,1740.0,15.0,85.0,5.0,1862.0,1.0,2309.0,2235.0,10315.0,9248.0,1942.0,1740.0,658.0,0.0,0.0,10988.0
Andaman & Nicobar Islands,2010.0,Molestation,04. Molestation,3.0,3.0,24.0,0.0,0.0,0.0,27.0,0.0,10.0,6.0,191.0,170.0,31.0,24.0,3.0,0.0,0.0,194.0
Andhra Pradesh,2010.0,Molestation,04. Molestation,1925.0,53.0,3868.0,698.0,496.0,763.0,3921.0,5.0,1174.0,1229.0,6314.0,5567.0,4634.0,3868.0,2421.0,2.0,0.0,9433.0
Arunachal Pradesh,2010.0,Molestation,04. Molestation,4.0,9.0,54.0,1.0,4.0,0.0,63.0,0.0,35.0,14.0,392.0,347.0,84.0,54.0,8.0,0.0,0.0,401.0
Assam,2010.0,Molestation,04. Molestation,376.0,302.0,892.0,26.0,73.0,57.0,1194.0,11.0,1077.0,939.0,2188.0,1771.0,1400.0,892.0,449.0,0.0,0.0,2663.0
Bihar,2010.0,Molestation,04. Molestation,334.0,34.0,482.0,43.0,73.0,22.0,516.0,0.0,569.0,573.0,2162.0,2130.0,534.0,482.0,407.0,0.0,0.0,2612.0
Chandigarh,2010.0,Molestation,04. Molestation,24.0,2.0,24.0,0.0,7.0,4.0,26.0,0.0,14.0,15.0,64.0,71.0,29.0,24.0,31.0,0.0,0.0,95.0
Chhattisgarh,2010.0,Molestation,04. Molestation,974.0,20.0,1650.0,251.0,409.0,4.0,1670.0,0.0,98.0,66.0,7783.0,7767.0,1706.0,1650.0,1383.0,0.0,0.0,9417.0
Dadra & Nagar Haveli,2010.0,Molestation,04. Molestation,0.0,0.0,5.0,0.0,1.0,0.0,5.0,0.0,6.0,0.0,22.0,18.0,11.0,5.0,1.0,0.0,0.0,23.0
Daman & Diu,2010.0,Molestation,04. Molestation,1.0,0.0,3.0,1.0,0.0,0.0,3.0,0.0,3.0,4.0,4.0,3.0,2.0,3.0,1.0,0.0,0.0,6.0
Delhi,2010.0,Molestation,04. Molestation,246.0,12.0,572.0,0.0,169.0,3.0,584.0,0.0,359.0,345.0,3641.0,3484.0,601.0,572.0,415.0,0.0,0.0,4056.0
Goa,2010.0,Molestation,04. Molestation,21.0,7.0,32.0,0.0,4.0,2.0,39.0,0.0,25.0,30.0,82.0,75.0,36.0,32.0,25.0,0.0,0.0,107.0
Gujarat,2010.0,Molestation,04. Molestation,420.0,15.0,659.0,28.0,22.0,1.0,674.0,0.0,62.0,69.0,7126.0,6937.0,668.0,659.0,442.0,0.0,0.0,7596.0
Haryana,2010.0,Molestation,04. Molestation,270.0,9.0,415.0,0.0,117.0,54.0,424.0,0.0,39.0,41.0,1698.0,1670.0,476.0,415.0,387.0,0.0,0.0,2085.0
Himachal Pradesh,2010.0,Molestation,04. Molestation,104.0,2.0,334.0,41.0,17.0,22.0,336.0,0.0,44.0,52.0,1395.0,1223.0,350.0,334.0,121.0,0.0,0.0,1557.0
Jammu & Kashmir,2010.0,Molestation,04. Molestation,344.0,9.0,889.0,123.0,29.0,57.0,898.0,0.0,233.0,150.0,4467.0,4074.0,1038.0,889.0,373.0,0.0,0.0,4963.0
Jharkhand,2010.0,Molestation,04. Molestation,268.0,28.0,221.0,6.0,49.0,9.0,249.0,0.0,170.0,183.0,760.0,862.0,245.0,221.0,317.0,0.0,0.0,1083.0
Karnataka,2010.0,Molestation,04. Molestation,1154.0,75.0,2169.0,165.0,52.0,146.0,2244.0,5.0,619.0,470.0,5243.0,4449.0,2544.0,2169.0,1206.0,4.0,0.0,6614.0
Kerala,2010.0,Molestation,04. Molestation,1213.0,36.0,2682.0,207.0,168.0,148.0,2718.0,0.0,446.0,376.0,10519.0,9425.0,2936.0,2682.0,1381.0,0.0,0.0,12107.0
Lakshadweep,2010.0,Molestation,04. Molestation,0.0,0.0,0.0,0.0,0.0,0.0,0.0,0.0,0.0,0.0,1.0,1.0,0.0,0.0,0.0,0.0,0.0,1.0
Madhya Pradesh,2010.0,Molestation,04. Molestation,2981.0,30.0,6609.0,2705.0,1749.0,13.0,6639.0,0.0,93.0,99.0,23827.0,24654.0,6646.0,6609.0,4730.0,1.0,0.0,31262.0
Maharashtra,2010.0,Molestation,04. Molestation,1755.0,59.0,3311.0,372.0,162.0,49.0,3370.0,0.0,1284.0,1042.0,27124.0,26102.0,3661.0,3311.0,1917.0,0.0,0.0,29413.0
Manipur,2010.0,Molestation,04. Molestation,0.0,13.0,0.0,0.0,0.0,0.0,13.0,0.0,194.0,176.0,9.0,9.0,31.0,0.0,0.0,0.0,0.0,9.0
Meghalaya,2010.0,Molestation,04. Molestation,9.0,4.0,33.0,4.0,3.0,0.0,37.0,0.0,108.0,97.0,194.0,177.0,48.0,33.0,12.0,0.0,0.0,210.0
Mizoram,2010.0,Molestation,04. Molestation,7.0,0.0,73.0,0.0,71.0,0.0,73.0,0.0,4.0,2.0,51.0,56.0,75.0,73.0,78.0,0.0,0.0,129.0
Nagaland,2010.0,Molestation,04. Molestation,1.0,3.0,12.0,0.0,9.0,0.0,15.0,0.0,4.0,6.0,14.0,12.0,13.0,12.0,10.0,0.0,0.0,24.0
Odisha,2010.0,Molestation,04. Molestation,1242.0,49.0,2719.0,0.0,98.0,173.0,2768.0,6.0,1188.0,1230.0,15846.0,14467.0,2905.0,2719.0,1340.0,0.0,0.0,17186.0
Puducherry,2010.0,Molestation,04. Molestation,24.0,0.0,43.0,11.0,7.0,4.0,43.0,0.0,0.0,1.0,233.0,232.0,46.0,43.0,31.0,0.0,0.0,275.0
Punjab,2010.0,Molestation,04. Molestation,132.0,84.0,235.0,2.0,77.0,61.0,319.0,0.0,197.0,228.0,694.0,670.0,349.0,235.0,209.0,0.0,0.0,905.0
Rajasthan,2010.0,Molestation,04. Molestation,523.0,17.0,1727.0,298.0,550.0,587.0,1744.0,0.0,24.0,16.0,9098.0,8742.0,2339.0,1727.0,1073.0,0.0,0.0,10469.0
Sikkim,2010.0,Molestation,04. Molestation,4.0,2.0,13.0,2.0,3.0,0.0,15.0,0.0,3.0,7.0,23.0,19.0,11.0,13.0,7.0,0.0,0.0,32.0
Tamil Nadu,2010.0,Molestation,04. Molestation,582.0,76.0,987.0,1.0,508.0,174.0,1063.0,0.0,446.0,278.0,3176.0,3280.0,1405.0,987.0,1090.0,0.0,0.0,4267.0
Tripura,2010.0,Molestation,04. Molestation,151.0,34.0,308.0,23.0,22.0,6.0,342.0,0.0,53.0,25.0,921.0,809.0,376.0,308.0,173.0,0.0,0.0,1117.0
Uttar Pradesh,2010.0,Molestation,04. Molestation,734.0,119.0,2513.0,51.0,1818.0,133.0,2632.0,0.0,99.0,71.0,7115.0,7205.0,2793.0,2513.0,2552.0,0.0,0.0,9718.0
Uttarakhand,2010.0,Molestation,04. Molestation,11.0,7.0,116.0,2.0,51.0,4.0,123.0,0.0,4.0,6.0,413.0,361.0,125.0,116.0,62.0,0.0,0.0,477.0
West Bengal,2010.0,Molestation,04. Molestation,491.0,100.0,1915.0,17.0,81.0,4.0,2015.0,0.0,2755.0,2309.0,11641.0,10315.0,2465.0,1915.0,572.0,0.0,0.0,12230.0
Andaman & Nicobar Islands,2001.0,Sexual harassment,05. Sexual Harassment,0.0,0.0,1.0,0.0,0.0,0.0,1.0,0.0,0.0,0.0,5.0,4.0,1.0,1.0,0.0,0.0,0.0,5.0
Andhra Pradesh,2001.0,Sexual harassment,05. Sexual Harassment,412.0,14.0,2011.0,200.0,1120.0,88.0,2025.0,6.0,503.0,351.0,1540.0,1266.0,2271.0,2011.0,1532.0,5.0,0.0,3272.0
Arunachal Pradesh,2001.0,Sexual harassment,05. Sexual Harassment,0.0,0.0,3.0,0.0,1.0,0.0,3.0,0.0,0.0,0.0,5.0,3.0,3.0,3.0,1.0,0.0,0.0,6.0
Assam,2001.0,Sexual harassment,05. Sexual Harassment,4.0,2.0,3.0,0.0,2.0,0.0,5.0,0.0,22.0,23.0,38.0,41.0,4.0,3.0,6.0,0.0,0.0,44.0
Bihar,2001.0,Sexual harassment,05. Sexual Harassment,17.0,4.0,17.0,2.0,8.0,0.0,21.0,0.0,14.0,14.0,71.0,81.0,21.0,17.0,25.0,0.0,0.0,98.0
Chandigarh,2001.0,Sexual harassment,05. Sexual Harassment,3.0,1.0,13.0,0.0,5.0,0.0,14.0,0.0,3.0,2.0,22.0,17.0,15.0,13.0,8.0,0.0,0.0,30.0
Chhattisgarh,2001.0,Sexual harassment,05. Sexual Harassment,55.0,3.0,166.0,46.0,87.0,0.0,169.0,0.0,0.0,8.0,778.0,800.0,161.0,166.0,142.0,0.0,0.0,966.0
Dadra & Nagar Haveli,2001.0,Sexual harassment,05. Sexual Harassment,0.0,0.0,0.0,0.0,0.0,0.0,0.0,0.0,0.0,0.0,1.0,1.0,0.0,0.0,0.0,0.0,0.0,1.0
Daman & Diu,2001.0,Sexual harassment,05. Sexual Harassment,0.0,0.0,0.0,0.0,0.0,0.0,0.0,0.0,0.0,0.0,0.0,0.0,0.0,0.0,0.0,0.0,0.0,0.0
Delhi,2001.0,Sexual harassment,05. Sexual Harassment,41.0,14.0,95.0,0.0,35.0,0.0,109.0,0.0,41.0,60.0,249.0,230.0,90.0,95.0,76.0,0.0,0.0,325.0
Goa,2001.0,Sexual harassment,05. Sexual Harassment,9.0,2.0,6.0,1.0,1.0,0.0,8.0,0.0,3.0,4.0,20.0,25.0,7.0,6.0,10.0,0.0,0.0,31.0
Gujarat,2001.0,Sexual harassment,05. Sexual Harassment,44.0,5.0,103.0,3.0,6.0,2.0,108.0,0.0,1.0,0.0,571.0,521.0,111.0,103.0,50.0,0.0,0.0,624.0
Haryana,2001.0,Sexual harassment,05. Sexual Harassment,60.0,3.0,388.0,0.0,379.0,2.0,391.0,0.0,12.0,4.0,537.0,588.0,401.0,388.0,439.0,0.0,0.0,976.0
Himachal Pradesh,2001.0,Sexual harassment,05. Sexual Harassment,7.0,0.0,15.0,7.0,2.0,2.0,15.0,0.0,1.0,4.0,76.0,77.0,14.0,15.0,9.0,0.0,0.0,92.0
Jammu & Kashmir,2001.0,Sexual harassment,05. Sexual Harassment,167.0,5.0,293.0,16.0,70.0,3.0,298.0,0.0,38.0,51.0,622.0,582.0,288.0,293.0,237.0,0.0,0.0,875.0
Jharkhand,2001.0,Sexual harassment,05. Sexual Harassment,9.0,0.0,6.0,0.0,4.0,0.0,6.0,0.0,8.0,9.0,47.0,54.0,5.0,6.0,13.0,0.0,0.0,60.0
Karnataka,2001.0,Sexual harassment,05. Sexual Harassment,19.0,1.0,60.0,4.0,11.0,21.0,61.0,22.0,7.0,30.0,159.0,133.0,81.0,60.0,30.0,0.0,0.0,193.0
Kerala,2001.0,Sexual harassment,05. Sexual Harassment,47.0,2.0,76.0,7.0,6.0,2.0,78.0,0.0,9.0,8.0,176.0,160.0,81.0,76.0,53.0,0.0,0.0,236.0
Lakshadweep,2001.0,Sexual harassment,05. Sexual Harassment,0.0,0.0,0.0,0.0,0.0,0.0,0.0,0.0,0.0,0.0,0.0,0.0,0.0,0.0,0.0,0.0,0.0,0.0
Madhya Pradesh,2001.0,Sexual harassment,05. Sexual Harassment,207.0,57.0,649.0,23.0,204.0,0.0,706.0,0.0,37.0,23.0,1398.0,1219.0,751.0,649.0,411.0,36.0,31.0,1832.0
Maharashtra,2001.0,Sexual harassment,05. Sexual Harassment,372.0,19.0,1092.0,171.0,26.0,3.0,1111.0,0.0,159.0,153.0,5666.0,5143.0,1120.0,1092.0,398.0,0.0,0.0,6235.0
Manipur,2001.0,Sexual harassment,05. Sexual Harassment,0.0,0.0,0.0,0.0,0.0,0.0,0.0,0.0,0.0,0.0,0.0,0.0,0.0,0.0,0.0,0.0,0.0,0.0
Meghalaya,2001.0,Sexual harassment,05. Sexual Harassment,0.0,1.0,0.0,0.0,0.0,0.0,1.0,0.0,13.0,14.0,3.0,3.0,0.0,0.0,0.0,0.0,0.0,3.0
Mizoram,2001.0,Sexual harassment,05. Sexual Harassment,0.0,0.0,0.0,0.0,0.0,0.0,0.0,0.0,0.0,0.0,0.0,0.0,0.0,0.0,0.0,0.0,0.0,0.0
Nagaland,2001.0,Sexual harassment,05. Sexual Harassment,0.0,0.0,0.0,0.0,0.0,0.0,0.0,0.0,0.0,0.0,0.0,0.0,0.0,0.0,0.0,0.0,0.0,0.0
Odisha,2001.0,Sexual harassment,05. Sexual Harassment,136.0,23.0,434.0,0.0,57.0,0.0,457.0,0.0,45.0,44.0,593.0,352.0,458.0,434.0,193.0,0.0,0.0,786.0
Puducherry,2001.0,Sexual harassment,05. Sexual Harassment,4.0,1.0,27.0,7.0,16.0,0.0,28.0,0.0,0.0,1.0,21.0,21.0,27.0,27.0,20.0,0.0,0.0,48.0
Punjab,2001.0,Sexual harassment,05. Sexual Harassment,2.0,6.0,33.0,1.0,1.0,7.0,39.0,1.0,15.0,15.0,46.0,17.0,47.0,33.0,3.0,0.0,0.0,50.0
Rajasthan,2001.0,Sexual harassment,05. Sexual Harassment,12.0,1.0,51.0,12.0,35.0,5.0,52.0,0.0,0.0,1.0,182.0,190.0,56.0,51.0,47.0,0.0,0.0,241.0
Sikkim,2001.0,Sexual harassment,05. Sexual Harassment,1.0,6.0,7.0,0.0,1.0,0.0,13.0,0.0,1.0,0.0,18.0,13.0,14.0,7.0,2.0,0.0,0.0,20.0
Tamil Nadu,2001.0,Sexual harassment,05. Sexual Harassment,126.0,3.0,1055.0,0.0,989.0,2.0,1058.0,7.0,16.0,71.0,501.0,561.0,1012.0,1055.0,1115.0,0.0,0.0,1616.0
Tripura,2001.0,Sexual harassment,05. Sexual Harassment,0.0,0.0,0.0,0.0,0.0,0.0,0.0,0.0,0.0,0.0,0.0,0.0,0.0,0.0,0.0,0.0,0.0,0.0
Uttar Pradesh,2001.0,Sexual harassment,05. Sexual Harassment,511.0,25.0,2593.0,59.0,1601.0,10.0,2618.0,0.0,66.0,119.0,4352.0,3930.0,2575.0,2593.0,2112.0,0.0,0.0,6523.0
Uttarakhand,2001.0,Sexual harassment,05. Sexual Harassment,24.0,5.0,86.0,1.0,48.0,0.0,91.0,0.0,2.0,9.0,153.0,140.0,84.0,86.0,72.0,0.0,0.0,226.0
West Bengal,2001.0,Sexual harassment,05. Sexual Harassment,30.0,10.0,33.0,0.0,1.0,0.0,43.0,0.0,25.0,20.0,42.0,40.0,48.0,33.0,31.0,0.0,0.0,73.0
Andaman & Nicobar Islands,2002.0,Sexual harassment,05. Sexual Harassment,0.0,0.0,3.0,0.0,0.0,0.0,3.0,0.0,0.0,0.0,8.0,5.0,3.0,3.0,0.0,0.0,0.0,8.0
Andhra Pradesh,2002.0,Sexual harassment,05. Sexual Harassment,408.0,12.0,2165.0,192.0,1159.0,122.0,2177.0,2.0,226.0,503.0,1938.0,1540.0,2024.0,2165.0,1567.0,8.0,0.0,3697.0
Arunachal Pradesh,2002.0,Sexual harassment,05. Sexual Harassment,0.0,0.0,2.0,0.0,0.0,0.0,2.0,0.0,0.0,0.0,7.0,5.0,2.0,2.0,0.0,0.0,0.0,7.0
Assam,2002.0,Sexual harassment,05. Sexual Harassment,6.0,6.0,5.0,0.0,0.0,0.0,11.0,0.0,18.0,22.0,37.0,38.0,7.0,5.0,6.0,0.0,0.0,43.0
Bihar,2002.0,Sexual harassment,05. Sexual Harassment,16.0,0.0,11.0,0.0,4.0,0.0,11.0,0.0,9.0,14.0,62.0,71.0,6.0,11.0,20.0,0.0,0.0,82.0
Chandigarh,2002.0,Sexual harassment,05. Sexual Harassment,5.0,2.0,27.0,0.0,13.0,0.0,29.0,0.0,2.0,3.0,31.0,22.0,28.0,27.0,18.0,0.0,0.0,49.0
Chhattisgarh,2002.0,Sexual harassment,05. Sexual Harassment,151.0,0.0,147.0,89.0,157.0,0.0,147.0,0.0,0.0,0.0,530.0,780.0,147.0,147.0,308.0,0.0,0.0,927.0
Dadra & Nagar Haveli,2002.0,Sexual harassment,05. Sexual Harassment,0.0,0.0,0.0,0.0,0.0,0.0,0.0,0.0,0.0,0.0,1.0,1.0,0.0,0.0,0.0,0.0,0.0,1.0
Daman & Diu,2002.0,Sexual harassment,05. Sexual Harassment,0.0,0.0,0.0,0.0,0.0,0.0,0.0,0.0,0.0,0.0,1.0,1.0,0.0,0.0,0.0,0.0,0.0,1.0
Delhi,2002.0,Sexual harassment,05. Sexual Harassment,18.0,3.0,110.0,0.0,34.0,0.0,113.0,0.0,56.0,41.0,307.0,249.0,128.0,110.0,52.0,0.0,0.0,359.0
Goa,2002.0,Sexual harassment,05. Sexual Harassment,5.0,0.0,7.0,2.0,0.0,0.0,7.0,0.0,2.0,3.0,20.0,20.0,6.0,7.0,5.0,0.0,0.0,27.0
Gujarat,2002.0,Sexual harassment,05. Sexual Harassment,51.0,4.0,96.0,1.0,6.0,2.0,100.0,0.0,3.0,1.0,609.0,571.0,104.0,96.0,57.0,0.0,0.0,667.0
Haryana,2002.0,Sexual harassment,05. Sexual Harassment,143.0,2.0,1417.0,19.0,1196.0,4.0,1419.0,0.0,13.0,12.0,596.0,537.0,1424.0,1417.0,1339.0,0.0,0.0,1954.0
Himachal Pradesh,2002.0,Sexual harassment,05. Sexual Harassment,4.0,0.0,9.0,5.0,0.0,1.0,9.0,0.0,3.0,1.0,76.0,76.0,12.0,9.0,4.0,0.0,0.0,85.0
Jammu & Kashmir,2002.0,Sexual harassment,05. Sexual Harassment,199.0,2.0,345.0,6.0,113.0,9.0,347.0,0.0,50.0,38.0,649.0,622.0,368.0,345.0,312.0,0.0,0.0,967.0
Jharkhand,2002.0,Sexual harassment,05. Sexual Harassment,12.0,0.0,3.0,0.0,3.0,0.0,3.0,0.0,6.0,6.0,39.0,51.0,3.0,3.0,15.0,0.0,0.0,54.0
Karnataka,2002.0,Sexual harassment,05. Sexual Harassment,20.0,12.0,52.0,12.0,2.0,23.0,64.0,0.0,20.0,7.0,177.0,159.0,100.0,52.0,22.0,0.0,0.0,211.0
Kerala,2002.0,Sexual harassment,05. Sexual Harassment,30.0,3.0,98.0,7.0,14.0,3.0,101.0,0.0,7.0,9.0,223.0,176.0,102.0,98.0,44.0,0.0,0.0,274.0
Lakshadweep,2002.0,Sexual harassment,05. Sexual Harassment,0.0,0.0,0.0,0.0,0.0,0.0,0.0,0.0,0.0,0.0,0.0,0.0,0.0,0.0,0.0,0.0,0.0,0.0
Madhya Pradesh,2002.0,Sexual harassment,05. Sexual Harassment,212.0,7.0,777.0,238.0,171.0,2.0,784.0,0.0,34.0,37.0,1554.0,1398.0,783.0,777.0,383.0,0.0,0.0,2175.0
Maharashtra,2002.0,Sexual harassment,05. Sexual Harassment,430.0,8.0,753.0,143.0,39.0,5.0,761.0,0.0,162.0,159.0,5807.0,5666.0,769.0,753.0,469.0,0.0,0.0,6419.0
Manipur,2002.0,Sexual harassment,05. Sexual Harassment,0.0,0.0,0.0,0.0,0.0,0.0,0.0,0.0,0.0,0.0,0.0,0.0,0.0,0.0,0.0,0.0,0.0,0.0
Meghalaya,2002.0,Sexual harassment,05. Sexual Harassment,0.0,0.0,0.0,0.0,0.0,0.0,0.0,0.0,13.0,13.0,3.0,3.0,0.0,0.0,0.0,0.0,0.0,3.0
Mizoram,2002.0,Sexual harassment,05. Sexual Harassment,0.0,0.0,0.0,0.0,0.0,0.0,0.0,0.0,0.0,0.0,0.0,0.0,0.0,0.0,0.0,0.0,0.0,0.0
Nagaland,2002.0,Sexual harassment,05. Sexual Harassment,0.0,0.0,0.0,0.0,0.0,0.0,0.0,0.0,0.0,0.0,0.0,0.0,0.0,0.0,0.0,0.0,0.0,0.0
Odisha,2002.0,Sexual harassment,05. Sexual Harassment,93.0,6.0,182.0,2.0,15.0,2.0,188.0,0.0,43.0,45.0,665.0,593.0,188.0,182.0,108.0,0.0,0.0,775.0
Puducherry,2002.0,Sexual harassment,05. Sexual Harassment,0.0,0.0,25.0,5.0,15.0,0.0,25.0,0.0,1.0,0.0,26.0,21.0,26.0,25.0,15.0,0.0,0.0,46.0
Punjab,2002.0,Sexual harassment,05. Sexual Harassment,21.0,13.0,126.0,0.0,75.0,6.0,139.0,1.0,14.0,15.0,76.0,46.0,145.0,126.0,96.0,0.0,0.0,172.0
Rajasthan,2002.0,Sexual harassment,05. Sexual Harassment,18.0,0.0,37.0,22.0,34.0,7.0,37.0,0.0,0.0,0.0,145.0,182.0,44.0,37.0,52.0,0.0,0.0,219.0
Sikkim,2002.0,Sexual harassment,05. Sexual Harassment,2.0,0.0,1.0,6.0,6.0,0.0,1.0,0.0,0.0,1.0,5.0,18.0,0.0,1.0,8.0,0.0,0.0,19.0
Tamil Nadu,2002.0,Sexual harassment,05. Sexual Harassment,136.0,0.0,1686.0,0.0,1488.0,10.0,1686.0,0.0,38.0,16.0,563.0,501.0,1718.0,1686.0,1624.0,0.0,0.0,2187.0
Tripura,2002.0,Sexual harassment,05. Sexual Harassment,0.0,0.0,0.0,0.0,0.0,0.0,0.0,0.0,0.0,0.0,0.0,0.0,0.0,0.0,0.0,0.0,0.0,0.0
Uttar Pradesh,2002.0,Sexual harassment,05. Sexual Harassment,745.0,15.0,1924.0,44.0,1431.0,10.0,1939.0,0.0,4.0,66.0,4056.0,4352.0,1887.0,1924.0,2176.0,0.0,0.0,6276.0
Uttarakhand,2002.0,Sexual harassment,05. Sexual Harassment,16.0,0.0,99.0,0.0,50.0,0.0,99.0,0.0,0.0,2.0,186.0,153.0,97.0,99.0,66.0,0.0,0.0,252.0
West Bengal,2002.0,Sexual harassment,05. Sexual Harassment,42.0,4.0,31.0,0.0,2.0,0.0,35.0,0.0,24.0,25.0,29.0,42.0,34.0,31.0,44.0,0.0,0.0,73.0
Andaman & Nicobar Islands,2003.0,Sexual harassment,05. Sexual Harassment,0.0,0.0,2.0,0.0,0.0,0.0,2.0,0.0,0.0,0.0,10.0,8.0,2.0,2.0,0.0,0.0,0.0,10.0
Andhra Pradesh,2003.0,Sexual harassment,05. Sexual Harassment,794.0,18.0,2049.0,233.0,1357.0,124.0,2067.0,19.0,302.0,226.0,1603.0,1938.0,2286.0,2049.0,2151.0,0.0,0.0,3987.0
Arunachal Pradesh,2003.0,Sexual harassment,05. Sexual Harassment,0.0,0.0,0.0,0.0,0.0,0.0,0.0,0.0,0.0,0.0,7.0,7.0,0.0,0.0,0.0,0.0,0.0,7.0
Assam,2003.0,Sexual harassment,05. Sexual Harassment,15.0,4.0,4.0,0.0,2.0,1.0,8.0,0.0,15.0,18.0,24.0,37.0,6.0,4.0,17.0,0.0,0.0,41.0
Bihar,2003.0,Sexual harassment,05. Sexual Harassment,18.0,0.0,8.0,2.0,11.0,1.0,8.0,0.0,11.0,9.0,39.0,62.0,11.0,8.0,29.0,0.0,0.0,70.0
Chandigarh,2003.0,Sexual harassment,05. Sexual Harassment,4.0,0.0,3.0,0.0,4.0,1.0,3.0,0.0,2.0,2.0,26.0,31.0,4.0,3.0,8.0,0.0,0.0,34.0
Chhattisgarh,2003.0,Sexual harassment,05. Sexual Harassment,21.0,1.0,104.0,105.0,35.0,0.0,105.0,0.0,1.0,1.0,464.0,521.0,105.0,104.0,56.0,0.0,0.0,625.0
Dadra & Nagar Haveli,2003.0,Sexual harassment,05. Sexual Harassment,0.0,0.0,0.0,0.0,0.0,0.0,0.0,0.0,0.0,0.0,1.0,1.0,0.0,0.0,0.0,0.0,0.0,1.0
Daman & Diu,2003.0,Sexual harassment,05. Sexual Harassment,0.0,0.0,0.0,0.0,0.0,0.0,0.0,0.0,0.0,0.0,1.0,1.0,0.0,0.0,0.0,0.0,0.0,1.0
Delhi,2003.0,Sexual harassment,05. Sexual Harassment,19.0,7.0,109.0,0.0,53.0,0.0,116.0,0.0,45.0,56.0,344.0,307.0,105.0,109.0,72.0,0.0,0.0,416.0
Goa,2003.0,Sexual harassment,05. Sexual Harassment,4.0,0.0,5.0,1.0,1.0,0.0,5.0,0.0,4.0,2.0,19.0,20.0,7.0,5.0,5.0,0.0,0.0,25.0
Gujarat,2003.0,Sexual harassment,05. Sexual Harassment,45.0,7.0,79.0,4.0,8.0,2.0,86.0,0.0,7.0,3.0,631.0,609.0,92.0,79.0,53.0,0.0,0.0,688.0
Haryana,2003.0,Sexual harassment,05. Sexual Harassment,121.0,3.0,1309.0,0.0,1119.0,3.0,1312.0,0.0,0.0,13.0,665.0,596.0,1302.0,1309.0,1240.0,0.0,0.0,1905.0
Himachal Pradesh,2003.0,Sexual harassment,05. Sexual Harassment,10.0,0.0,17.0,1.0,1.0,1.0,17.0,0.0,3.0,3.0,81.0,76.0,18.0,17.0,11.0,0.0,0.0,93.0
Jammu & Kashmir,2003.0,Sexual harassment,05. Sexual Harassment,144.0,2.0,376.0,1.0,137.0,9.0,378.0,0.0,39.0,50.0,743.0,649.0,376.0,376.0,281.0,0.0,0.0,1025.0
Jharkhand,2003.0,Sexual harassment,05. Sexual Harassment,13.0,0.0,2.0,3.0,0.0,0.0,2.0,0.0,6.0,6.0,25.0,39.0,2.0,2.0,13.0,0.0,0.0,41.0
Karnataka,2003.0,Sexual harassment,05. Sexual Harassment,28.0,6.0,57.0,6.0,18.0,14.0,63.0,0.0,27.0,20.0,182.0,177.0,84.0,57.0,46.0,0.0,0.0,234.0
Kerala,2003.0,Sexual harassment,05. Sexual Harassment,39.0,3.0,61.0,12.0,11.0,3.0,64.0,0.0,8.0,7.0,222.0,223.0,68.0,61.0,50.0,0.0,0.0,284.0
Lakshadweep,2003.0,Sexual harassment,05. Sexual Harassment,0.0,0.0,0.0,0.0,0.0,0.0,0.0,0.0,0.0,0.0,0.0,0.0,0.0,0.0,0.0,0.0,0.0,0.0
Madhya Pradesh,2003.0,Sexual harassment,05. Sexual Harassment,311.0,4.0,699.0,188.0,229.0,0.0,703.0,0.0,9.0,7.0,1510.0,1539.0,705.0,699.0,540.0,0.0,0.0,2238.0
Maharashtra,2003.0,Sexual harassment,05. Sexual Harassment,468.0,15.0,669.0,190.0,38.0,6.0,684.0,0.0,154.0,162.0,5780.0,5807.0,682.0,669.0,506.0,0.0,0.0,6476.0
Manipur,2003.0,Sexual harassment,05. Sexual Harassment,0.0,0.0,0.0,0.0,0.0,0.0,0.0,0.0,0.0,0.0,0.0,0.0,0.0,0.0,0.0,0.0,0.0,0.0
Meghalaya,2003.0,Sexual harassment,05. Sexual Harassment,0.0,1.0,0.0,0.0,0.0,0.0,1.0,0.0,13.0,13.0,3.0,3.0,1.0,0.0,0.0,0.0,0.0,3.0
Mizoram,2003.0,Sexual harassment,05. Sexual Harassment,0.0,0.0,0.0,0.0,0.0,0.0,0.0,0.0,0.0,0.0,0.0,0.0,0.0,0.0,0.0,0.0,0.0,0.0
Nagaland,2003.0,Sexual harassment,05. Sexual Harassment,0.0,0.0,2.0,2.0,0.0,0.0,2.0,0.0,0.0,0.0,0.0,0.0,2.0,2.0,0.0,0.0,0.0,2.0
Odisha,2003.0,Sexual harassment,05. Sexual Harassment,192.0,1.0,212.0,0.0,36.0,3.0,213.0,0.0,15.0,43.0,649.0,665.0,188.0,212.0,228.0,0.0,0.0,877.0
Puducherry,2003.0,Sexual harassment,05. Sexual Harassment,8.0,1.0,25.0,2.0,6.0,0.0,26.0,0.0,2.0,1.0,35.0,26.0,27.0,25.0,14.0,0.0,0.0,51.0
Punjab,2003.0,Sexual harassment,05. Sexual Harassment,27.0,50.0,141.0,1.0,51.0,8.0,191.0,1.0,13.0,14.0,138.0,76.0,199.0,141.0,78.0,0.0,0.0,217.0
Rajasthan,2003.0,Sexual harassment,05. Sexual Harassment,8.0,2.0,24.0,8.0,13.0,7.0,26.0,0.0,0.0,0.0,140.0,145.0,33.0,24.0,21.0,0.0,0.0,169.0
Sikkim,2003.0,Sexual harassment,05. Sexual Harassment,3.0,0.0,0.0,2.0,0.0,0.0,0.0,0.0,0.0,0.0,0.0,5.0,0.0,0.0,3.0,0.0,0.0,5.0
Tamil Nadu,2003.0,Sexual harassment,05. Sexual Harassment,163.0,1.0,872.0,1.0,474.0,7.0,873.0,1.0,37.0,37.0,794.0,568.0,881.0,872.0,637.0,8.0,0.0,1432.0
Tripura,2003.0,Sexual harassment,05. Sexual Harassment,0.0,0.0,0.0,0.0,0.0,0.0,0.0,0.0,0.0,0.0,0.0,0.0,0.0,0.0,0.0,0.0,0.0,0.0
Uttar Pradesh,2003.0,Sexual harassment,05. Sexual Harassment,1039.0,1.0,4958.0,73.0,2321.0,4.0,4959.0,0.0,11.0,4.0,5581.0,4056.0,4970.0,4958.0,3360.0,0.0,0.0,9014.0
Uttarakhand,2003.0,Sexual harassment,05. Sexual Harassment,24.0,1.0,96.0,13.0,79.0,0.0,97.0,0.0,1.0,0.0,166.0,186.0,98.0,96.0,103.0,0.0,0.0,282.0
West Bengal,2003.0,Sexual harassment,05. Sexual Harassment,28.0,11.0,46.0,0.0,6.0,2.0,57.0,0.0,36.0,24.0,41.0,29.0,71.0,46.0,34.0,0.0,0.0,75.0
Andaman & Nicobar Islands,2004.0,Sexual harassment,05. Sexual Harassment,1.0,0.0,2.0,0.0,0.0,0.0,2.0,0.0,1.0,0.0,11.0,10.0,3.0,2.0,1.0,0.0,0.0,12.0
Andhra Pradesh,2004.0,Sexual harassment,05. Sexual Harassment,745.0,54.0,2043.0,276.0,739.0,112.0,2097.0,0.0,403.0,302.0,1885.0,1603.0,2310.0,2043.0,1484.0,1.0,0.0,3645.0
Arunachal Pradesh,2004.0,Sexual harassment,05. Sexual Harassment,0.0,0.0,0.0,0.0,0.0,0.0,0.0,0.0,0.0,0.0,7.0,7.0,0.0,0.0,0.0,0.0,0.0,7.0
Assam,2004.0,Sexual harassment,05. Sexual Harassment,10.0,11.0,7.0,0.0,2.0,1.0,18.0,0.0,7.0,15.0,19.0,24.0,11.0,7.0,12.0,0.0,0.0,31.0
Bihar,2004.0,Sexual harassment,05. Sexual Harassment,9.0,1.0,13.0,3.0,3.0,0.0,14.0,0.0,10.0,11.0,37.0,39.0,13.0,13.0,12.0,0.0,0.0,52.0
Chandigarh,2004.0,Sexual harassment,05. Sexual Harassment,5.0,0.0,15.0,0.0,4.0,0.0,15.0,0.0,5.0,2.0,32.0,26.0,18.0,15.0,9.0,0.0,0.0,41.0
Chhattisgarh,2004.0,Sexual harassment,05. Sexual Harassment,147.0,1.0,129.0,38.0,80.0,0.0,130.0,0.0,2.0,1.0,328.0,464.0,131.0,129.0,227.0,0.0,0.0,593.0
Dadra & Nagar Haveli,2004.0,Sexual harassment,05. Sexual Harassment,0.0,0.0,0.0,0.0,0.0,0.0,0.0,0.0,0.0,0.0,1.0,1.0,0.0,0.0,0.0,0.0,0.0,1.0
Daman & Diu,2004.0,Sexual harassment,05. Sexual Harassment,0.0,0.0,0.0,0.0,0.0,0.0,0.0,0.0,0.0,0.0,1.0,1.0,0.0,0.0,0.0,0.0,0.0,1.0
Delhi,2004.0,Sexual harassment,05. Sexual Harassment,50.0,0.0,129.0,0.0,40.0,0.0,129.0,0.0,46.0,45.0,383.0,344.0,130.0,129.0,90.0,0.0,0.0,473.0
Goa,2004.0,Sexual harassment,05. Sexual Harassment,4.0,1.0,8.0,2.0,0.0,0.0,9.0,0.0,10.0,4.0,21.0,19.0,15.0,8.0,4.0,0.0,0.0,27.0
Gujarat,2004.0,Sexual harassment,05. Sexual Harassment,47.0,9.0,154.0,2.0,13.0,1.0,163.0,0.0,7.0,7.0,723.0,631.0,164.0,154.0,60.0,0.0,0.0,785.0
Haryana,2004.0,Sexual harassment,05. Sexual Harassment,192.0,0.0,829.0,0.0,833.0,4.0,829.0,0.0,17.0,0.0,469.0,665.0,850.0,829.0,1025.0,0.0,0.0,1494.0
Himachal Pradesh,2004.0,Sexual harassment,05. Sexual Harassment,9.0,1.0,14.0,13.0,1.0,2.0,15.0,0.0,2.0,3.0,72.0,81.0,16.0,14.0,10.0,0.0,0.0,95.0
Jammu & Kashmir,2004.0,Sexual harassment,05. Sexual Harassment,173.0,2.0,251.0,1.0,80.0,2.0,253.0,0.0,48.0,39.0,740.0,743.0,264.0,251.0,253.0,0.0,0.0,994.0
Jharkhand,2004.0,Sexual harassment,05. Sexual Harassment,13.0,0.0,2.0,3.0,0.0,0.0,2.0,0.0,7.0,6.0,11.0,25.0,3.0,2.0,13.0,0.0,0.0,27.0
Karnataka,2004.0,Sexual harassment,05. Sexual Harassment,51.0,8.0,62.0,4.0,70.0,3.0,70.0,0.0,11.0,27.0,119.0,182.0,57.0,62.0,121.0,0.0,0.0,244.0
Kerala,2004.0,Sexual harassment,05. Sexual Harassment,57.0,0.0,115.0,18.0,20.0,5.0,115.0,0.0,21.0,8.0,242.0,222.0,133.0,115.0,77.0,0.0,0.0,337.0
Lakshadweep,2004.0,Sexual harassment,05. Sexual Harassment,0.0,0.0,0.0,0.0,0.0,0.0,0.0,0.0,0.0,0.0,0.0,0.0,0.0,0.0,0.0,0.0,0.0,0.0
Madhya Pradesh,2004.0,Sexual harassment,05. Sexual Harassment,254.0,3.0,785.0,173.0,205.0,4.0,788.0,0.0,21.0,9.0,1663.0,1510.0,804.0,785.0,459.0,0.0,0.0,2295.0
Maharashtra,2004.0,Sexual harassment,05. Sexual Harassment,281.0,13.0,775.0,103.0,13.0,4.0,788.0,0.0,224.0,154.0,6158.0,5780.0,862.0,775.0,294.0,0.0,0.0,6555.0
Manipur,2004.0,Sexual harassment,05. Sexual Harassment,0.0,0.0,0.0,0.0,0.0,0.0,0.0,0.0,0.0,0.0,0.0,0.0,0.0,0.0,0.0,0.0,0.0,0.0
Meghalaya,2004.0,Sexual harassment,05. Sexual Harassment,0.0,0.0,0.0,0.0,0.0,0.0,0.0,0.0,13.0,13.0,3.0,3.0,0.0,0.0,0.0,0.0,0.0,3.0
Mizoram,2004.0,Sexual harassment,05. Sexual Harassment,0.0,0.0,0.0,0.0,0.0,0.0,0.0,0.0,0.0,0.0,0.0,0.0,0.0,0.0,0.0,0.0,0.0,0.0
Nagaland,2004.0,Sexual harassment,05. Sexual Harassment,0.0,0.0,0.0,0.0,0.0,0.0,0.0,0.0,1.0,0.0,0.0,0.0,1.0,0.0,0.0,0.0,0.0,0.0
Odisha,2004.0,Sexual harassment,05. Sexual Harassment,114.0,1.0,161.0,0.0,24.0,4.0,162.0,0.0,19.0,15.0,672.0,649.0,170.0,161.0,138.0,0.0,0.0,810.0
Puducherry,2004.0,Sexual harassment,05. Sexual Harassment,4.0,0.0,30.0,4.0,8.0,1.0,30.0,0.0,1.0,2.0,49.0,35.0,30.0,30.0,12.0,0.0,0.0,65.0
Punjab,2004.0,Sexual harassment,05. Sexual Harassment,25.0,8.0,32.0,1.0,61.0,1.0,40.0,1.0,9.0,13.0,83.0,138.0,38.0,32.0,86.0,0.0,0.0,170.0
Rajasthan,2004.0,Sexual harassment,05. Sexual Harassment,17.0,0.0,35.0,6.0,28.0,6.0,35.0,0.0,0.0,0.0,124.0,140.0,41.0,35.0,45.0,0.0,0.0,175.0
Sikkim,2004.0,Sexual harassment,05. Sexual Harassment,0.0,0.0,0.0,0.0,0.0,0.0,0.0,0.0,0.0,0.0,0.0,0.0,0.0,0.0,0.0,0.0,0.0,0.0
Tamil Nadu,2004.0,Sexual harassment,05. Sexual Harassment,255.0,10.0,943.0,3.0,704.0,50.0,953.0,2.0,113.0,37.0,775.0,794.0,1081.0,943.0,959.0,0.0,0.0,1737.0
Tripura,2004.0,Sexual harassment,05. Sexual Harassment,0.0,0.0,0.0,0.0,0.0,0.0,0.0,0.0,0.0,0.0,0.0,0.0,0.0,0.0,0.0,0.0,0.0,0.0
Uttar Pradesh,2004.0,Sexual harassment,05. Sexual Harassment,666.0,21.0,2644.0,52.0,1849.0,19.0,2665.0,0.0,9.0,11.0,5658.0,5581.0,2682.0,2644.0,2515.0,0.0,0.0,8225.0
Uttarakhand,2004.0,Sexual harassment,05. Sexual Harassment,3.0,0.0,109.0,0.0,48.0,1.0,109.0,0.0,1.0,1.0,224.0,166.0,110.0,109.0,51.0,0.0,0.0,275.0
West Bengal,2004.0,Sexual harassment,05. Sexual Harassment,21.0,8.0,42.0,0.0,3.0,0.0,50.0,0.0,50.0,36.0,59.0,41.0,64.0,42.0,24.0,0.0,0.0,83.0
Andaman & Nicobar Islands,2005.0,Sexual harassment,05. Sexual Harassment,1.0,0.0,1.0,0.0,0.0,0.0,1.0,0.0,1.0,1.0,11.0,11.0,1.0,1.0,1.0,0.0,0.0,12.0
Andhra Pradesh,2005.0,Sexual harassment,05. Sexual Harassment,994.0,46.0,2410.0,369.0,1030.0,97.0,2456.0,0.0,358.0,403.0,1902.0,1885.0,2508.0,2410.0,2024.0,0.0,0.0,4295.0
Arunachal Pradesh,2005.0,Sexual harassment,05. Sexual Harassment,0.0,0.0,0.0,0.0,0.0,0.0,0.0,0.0,0.0,0.0,7.0,7.0,0.0,0.0,0.0,0.0,0.0,7.0
Assam,2005.0,Sexual harassment,05. Sexual Harassment,18.0,8.0,14.0,0.0,1.0,0.0,22.0,0.0,4.0,7.0,14.0,19.0,19.0,14.0,19.0,0.0,0.0,33.0
Bihar,2005.0,Sexual harassment,05. Sexual Harassment,14.0,1.0,12.0,0.0,1.0,0.0,13.0,0.0,10.0,10.0,34.0,37.0,13.0,12.0,15.0,0.0,0.0,49.0
Chandigarh,2005.0,Sexual harassment,05. Sexual Harassment,1.0,2.0,10.0,0.0,1.0,0.0,12.0,0.0,2.0,5.0,40.0,32.0,9.0,10.0,2.0,0.0,0.0,42.0
Chhattisgarh,2005.0,Sexual harassment,05. Sexual Harassment,75.0,5.0,128.0,10.0,40.0,0.0,133.0,0.0,1.0,2.0,331.0,328.0,132.0,128.0,115.0,0.0,0.0,456.0
Dadra & Nagar Haveli,2005.0,Sexual harassment,05. Sexual Harassment,0.0,0.0,0.0,0.0,0.0,0.0,0.0,0.0,0.0,0.0,1.0,1.0,0.0,0.0,0.0,0.0,0.0,1.0
Daman & Diu,2005.0,Sexual harassment,05. Sexual Harassment,0.0,0.0,0.0,0.0,0.0,0.0,0.0,0.0,0.0,0.0,1.0,1.0,0.0,0.0,0.0,0.0,0.0,1.0
Delhi,2005.0,Sexual harassment,05. Sexual Harassment,98.0,5.0,219.0,0.0,18.0,0.0,224.0,0.0,47.0,46.0,486.0,383.0,225.0,219.0,116.0,0.0,0.0,602.0
Goa,2005.0,Sexual harassment,05. Sexual Harassment,2.0,5.0,9.0,4.0,0.0,0.0,14.0,0.0,4.0,10.0,24.0,21.0,8.0,9.0,2.0,0.0,0.0,30.0
Gujarat,2005.0,Sexual harassment,05. Sexual Harassment,46.0,7.0,89.0,5.0,12.0,7.0,96.0,0.0,8.0,7.0,749.0,723.0,104.0,89.0,58.0,0.0,0.0,812.0
Haryana,2005.0,Sexual harassment,05. Sexual Harassment,80.0,2.0,587.0,0.0,343.0,8.0,589.0,0.0,17.0,17.0,633.0,469.0,597.0,587.0,423.0,0.0,0.0,1056.0
Himachal Pradesh,2005.0,Sexual harassment,05. Sexual Harassment,13.0,1.0,27.0,2.0,3.0,1.0,28.0,0.0,2.0,2.0,81.0,72.0,29.0,27.0,16.0,0.0,0.0,99.0
Jammu & Kashmir,2005.0,Sexual harassment,05. Sexual Harassment,175.0,3.0,343.0,0.0,74.0,5.0,346.0,0.0,68.0,48.0,834.0,740.0,371.0,343.0,249.0,0.0,0.0,1083.0
Jharkhand,2005.0,Sexual harassment,05. Sexual Harassment,11.0,7.0,24.0,13.0,7.0,1.0,31.0,0.0,11.0,7.0,4.0,11.0,36.0,24.0,18.0,0.0,0.0,35.0
Karnataka,2005.0,Sexual harassment,05. Sexual Harassment,56.0,1.0,39.0,5.0,3.0,2.0,40.0,0.0,40.0,11.0,94.0,119.0,71.0,39.0,59.0,0.0,0.0,158.0
Kerala,2005.0,Sexual harassment,05. Sexual Harassment,58.0,1.0,165.0,7.0,21.0,4.0,166.0,0.0,26.0,21.0,321.0,242.0,175.0,165.0,79.0,0.0,0.0,407.0
Lakshadweep,2005.0,Sexual harassment,05. Sexual Harassment,0.0,0.0,0.0,0.0,0.0,0.0,0.0,0.0,0.0,0.0,0.0,0.0,0.0,0.0,0.0,0.0,0.0,0.0
Madhya Pradesh,2005.0,Sexual harassment,05. Sexual Harassment,314.0,3.0,680.0,175.0,189.0,2.0,683.0,0.0,128.0,21.0,1662.0,1663.0,792.0,680.0,503.0,3.0,0.0,2340.0
Maharashtra,2005.0,Sexual harassment,05. Sexual Harassment,381.0,15.0,901.0,89.0,35.0,6.0,916.0,0.0,221.0,224.0,6554.0,6158.0,919.0,901.0,416.0,0.0,0.0,7059.0
Manipur,2005.0,Sexual harassment,05. Sexual Harassment,0.0,0.0,0.0,0.0,0.0,0.0,0.0,0.0,0.0,0.0,0.0,0.0,0.0,0.0,0.0,0.0,0.0,0.0
Meghalaya,2005.0,Sexual harassment,05. Sexual Harassment,0.0,0.0,0.0,0.0,0.0,0.0,0.0,0.0,13.0,13.0,3.0,3.0,0.0,0.0,0.0,0.0,0.0,3.0
Mizoram,2005.0,Sexual harassment,05. Sexual Harassment,0.0,0.0,1.0,0.0,0.0,0.0,1.0,0.0,3.0,0.0,1.0,0.0,4.0,1.0,0.0,0.0,0.0,1.0
Nagaland,2005.0,Sexual harassment,05. Sexual Harassment,0.0,1.0,0.0,0.0,0.0,0.0,1.0,0.0,0.0,1.0,0.0,0.0,0.0,0.0,0.0,0.0,0.0,0.0
Odisha,2005.0,Sexual harassment,05. Sexual Harassment,116.0,1.0,166.0,0.0,11.0,6.0,167.0,0.0,30.0,19.0,711.0,672.0,184.0,166.0,127.0,0.0,0.0,838.0
Puducherry,2005.0,Sexual harassment,05. Sexual Harassment,10.0,0.0,27.0,5.0,14.0,0.0,27.0,0.0,0.0,1.0,47.0,49.0,26.0,27.0,24.0,0.0,0.0,76.0
Punjab,2005.0,Sexual harassment,05. Sexual Harassment,16.0,9.0,18.0,0.0,6.0,7.0,27.0,0.0,18.0,9.0,79.0,83.0,43.0,18.0,22.0,0.0,0.0,101.0
Rajasthan,2005.0,Sexual harassment,05. Sexual Harassment,11.0,0.0,22.0,2.0,17.0,6.0,22.0,0.0,0.0,0.0,116.0,124.0,28.0,22.0,28.0,0.0,0.0,146.0
Sikkim,2005.0,Sexual harassment,05. Sexual Harassment,0.0,0.0,0.0,0.0,0.0,0.0,0.0,0.0,0.0,0.0,0.0,0.0,0.0,0.0,0.0,0.0,0.0,0.0
Tamil Nadu,2005.0,Sexual harassment,05. Sexual Harassment,396.0,2.0,749.0,4.0,419.0,10.0,751.0,1.0,16.0,113.0,705.0,775.0,665.0,749.0,815.0,0.0,0.0,1524.0
Tripura,2005.0,Sexual harassment,05. Sexual Harassment,1.0,0.0,1.0,0.0,0.0,0.0,1.0,0.0,0.0,0.0,0.0,0.0,1.0,1.0,1.0,0.0,0.0,1.0
Uttar Pradesh,2005.0,Sexual harassment,05. Sexual Harassment,630.0,3.0,2841.0,59.0,1834.0,6.0,2844.0,0.0,40.0,9.0,5976.0,5658.0,2881.0,2841.0,2464.0,0.0,0.0,8499.0
Uttarakhand,2005.0,Sexual harassment,05. Sexual Harassment,21.0,0.0,88.0,0.0,30.0,1.0,88.0,0.0,1.0,1.0,261.0,224.0,89.0,88.0,51.0,0.0,0.0,312.0
West Bengal,2005.0,Sexual harassment,05. Sexual Harassment,29.0,11.0,52.0,0.0,3.0,0.0,63.0,0.0,41.0,50.0,79.0,59.0,54.0,52.0,32.0,0.0,0.0,111.0
Andaman & Nicobar Islands,2006.0,Sexual harassment,05. Sexual Harassment,1.0,1.0,4.0,0.0,0.0,0.0,5.0,0.0,0.0,1.0,14.0,11.0,4.0,4.0,1.0,0.0,0.0,15.0
Andhra Pradesh,2006.0,Sexual harassment,05. Sexual Harassment,737.0,40.0,2090.0,435.0,655.0,129.0,2130.0,0.0,510.0,358.0,2165.0,1902.0,2411.0,2090.0,1392.0,0.0,0.0,3992.0
Arunachal Pradesh,2006.0,Sexual harassment,05. Sexual Harassment,2.0,0.0,1.0,0.0,0.0,0.0,1.0,0.0,1.0,0.0,6.0,7.0,2.0,1.0,2.0,0.0,0.0,8.0
Assam,2006.0,Sexual harassment,05. Sexual Harassment,8.0,2.0,8.0,0.0,1.0,0.0,10.0,0.0,4.0,4.0,13.0,14.0,10.0,8.0,9.0,0.0,0.0,22.0
Bihar,2006.0,Sexual harassment,05. Sexual Harassment,23.0,7.0,43.0,1.0,5.0,7.0,50.0,0.0,6.0,10.0,48.0,34.0,53.0,43.0,28.0,0.0,0.0,77.0
Chandigarh,2006.0,Sexual harassment,05. Sexual Harassment,1.0,0.0,12.0,0.0,3.0,1.0,12.0,0.0,2.0,2.0,48.0,40.0,13.0,12.0,4.0,0.0,0.0,52.0
Chhattisgarh,2006.0,Sexual harassment,05. Sexual Harassment,51.0,3.0,135.0,19.0,27.0,0.0,138.0,0.0,6.0,1.0,369.0,331.0,143.0,135.0,78.0,0.0,0.0,466.0
Dadra & Nagar Haveli,2006.0,Sexual harassment,05. Sexual Harassment,0.0,0.0,1.0,0.0,0.0,0.0,1.0,0.0,0.0,0.0,2.0,1.0,1.0,1.0,0.0,0.0,0.0,2.0
Daman & Diu,2006.0,Sexual harassment,05. Sexual Harassment,0.0,0.0,0.0,0.0,0.0,0.0,0.0,0.0,0.0,0.0,1.0,1.0,0.0,0.0,0.0,0.0,0.0,1.0
Delhi,2006.0,Sexual harassment,05. Sexual Harassment,113.0,8.0,114.0,0.0,19.0,0.0,122.0,0.0,69.0,47.0,468.0,486.0,144.0,114.0,132.0,0.0,0.0,600.0
Goa,2006.0,Sexual harassment,05. Sexual Harassment,5.0,2.0,4.0,2.0,0.0,0.0,6.0,0.0,5.0,4.0,21.0,24.0,7.0,4.0,5.0,0.0,0.0,28.0
Gujarat,2006.0,Sexual harassment,05. Sexual Harassment,47.0,9.0,118.0,3.0,15.0,2.0,127.0,0.0,17.0,8.0,802.0,749.0,138.0,118.0,62.0,0.0,0.0,867.0
Haryana,2006.0,Sexual harassment,05. Sexual Harassment,73.0,2.0,475.0,0.0,342.0,12.0,477.0,0.0,19.0,17.0,693.0,633.0,491.0,475.0,415.0,0.0,0.0,1108.0
Himachal Pradesh,2006.0,Sexual harassment,05. Sexual Harassment,18.0,4.0,26.0,1.0,5.0,2.0,30.0,0.0,1.0,2.0,83.0,81.0,31.0,26.0,23.0,0.0,0.0,107.0
Jammu & Kashmir,2006.0,Sexual harassment,05. Sexual Harassment,175.0,2.0,350.0,4.0,82.0,6.0,352.0,0.0,57.0,68.0,923.0,834.0,347.0,350.0,257.0,0.0,0.0,1184.0
Jharkhand,2006.0,Sexual harassment,05. Sexual Harassment,21.0,3.0,28.0,3.0,5.0,2.0,31.0,0.0,22.0,11.0,0.0,4.0,44.0,28.0,26.0,3.0,0.0,29.0
Karnataka,2006.0,Sexual harassment,05. Sexual Harassment,24.0,2.0,33.0,5.0,9.0,4.0,35.0,0.0,39.0,40.0,89.0,94.0,38.0,33.0,33.0,0.0,0.0,127.0
Kerala,2006.0,Sexual harassment,05. Sexual Harassment,79.0,6.0,178.0,8.0,16.0,14.0,184.0,0.0,50.0,26.0,396.0,321.0,222.0,178.0,95.0,0.0,0.0,499.0
Lakshadweep,2006.0,Sexual harassment,05. Sexual Harassment,0.0,0.0,0.0,0.0,0.0,0.0,0.0,0.0,0.0,0.0,0.0,0.0,0.0,0.0,0.0,0.0,0.0,0.0
Madhya Pradesh,2006.0,Sexual harassment,05. Sexual Harassment,288.0,7.0,759.0,208.0,259.0,0.0,766.0,0.0,124.0,128.0,1666.0,1662.0,762.0,759.0,547.0,0.0,0.0,2421.0
Maharashtra,2006.0,Sexual harassment,05. Sexual Harassment,365.0,22.0,914.0,95.0,41.0,11.0,936.0,0.0,258.0,221.0,6967.0,6554.0,984.0,914.0,406.0,0.0,0.0,7468.0
Manipur,2006.0,Sexual harassment,05. Sexual Harassment,0.0,0.0,0.0,0.0,0.0,0.0,0.0,0.0,0.0,0.0,0.0,0.0,0.0,0.0,0.0,0.0,0.0,0.0
Meghalaya,2006.0,Sexual harassment,05. Sexual Harassment,0.0,0.0,0.0,0.0,0.0,0.0,0.0,0.0,13.0,13.0,3.0,3.0,0.0,0.0,0.0,0.0,0.0,3.0
Mizoram,2006.0,Sexual harassment,05. Sexual Harassment,0.0,1.0,2.0,0.0,3.0,0.0,3.0,0.0,0.0,3.0,0.0,1.0,0.0,2.0,3.0,0.0,0.0,3.0
Nagaland,2006.0,Sexual harassment,05. Sexual Harassment,0.0,0.0,1.0,0.0,1.0,0.0,1.0,0.0,1.0,0.0,0.0,0.0,2.0,1.0,1.0,0.0,0.0,1.0
Odisha,2006.0,Sexual harassment,05. Sexual Harassment,158.0,0.0,214.0,0.0,20.0,2.0,214.0,0.0,61.0,30.0,747.0,711.0,247.0,214.0,178.0,0.0,0.0,925.0
Puducherry,2006.0,Sexual harassment,05. Sexual Harassment,4.0,0.0,38.0,4.0,9.0,1.0,38.0,0.0,0.0,0.0,68.0,47.0,39.0,38.0,13.0,0.0,0.0,85.0
Punjab,2006.0,Sexual harassment,05. Sexual Harassment,61.0,5.0,43.0,0.0,19.0,5.0,48.0,0.0,25.0,18.0,42.0,79.0,60.0,43.0,80.0,0.0,0.0,122.0
Rajasthan,2006.0,Sexual harassment,05. Sexual Harassment,11.0,0.0,26.0,7.0,16.0,5.0,26.0,0.0,0.0,0.0,108.0,116.0,31.0,26.0,27.0,0.0,0.0,142.0
Sikkim,2006.0,Sexual harassment,05. Sexual Harassment,0.0,0.0,0.0,0.0,0.0,0.0,0.0,0.0,0.0,0.0,0.0,0.0,0.0,0.0,0.0,0.0,0.0,0.0
Tamil Nadu,2006.0,Sexual harassment,05. Sexual Harassment,280.0,20.0,745.0,0.0,203.0,28.0,765.0,2.0,73.0,16.0,967.0,705.0,852.0,745.0,483.0,0.0,0.0,1450.0
Tripura,2006.0,Sexual harassment,05. Sexual Harassment,0.0,0.0,0.0,0.0,0.0,0.0,0.0,0.0,0.0,0.0,0.0,0.0,0.0,0.0,0.0,0.0,0.0,0.0
Uttar Pradesh,2006.0,Sexual harassment,05. Sexual Harassment,662.0,12.0,2715.0,90.0,1716.0,6.0,2727.0,0.0,21.0,40.0,6223.0,5976.0,2714.0,2715.0,2378.0,0.0,0.0,8691.0
Uttarakhand,2006.0,Sexual harassment,05. Sexual Harassment,9.0,0.0,113.0,62.0,35.0,0.0,113.0,0.0,1.0,1.0,268.0,261.0,113.0,113.0,44.0,0.0,0.0,374.0
West Bengal,2006.0,Sexual harassment,05. Sexual Harassment,61.0,7.0,51.0,3.0,16.0,0.0,58.0,0.0,46.0,41.0,50.0,79.0,63.0,51.0,77.0,0.0,0.0,130.0
Andaman & Nicobar Islands,2007.0,Sexual harassment,05. Sexual Harassment,0.0,2.0,0.0,0.0,0.0,0.0,2.0,0.0,0.0,0.0,14.0,14.0,2.0,0.0,0.0,0.0,0.0,14.0
Andhra Pradesh,2007.0,Sexual harassment,05. Sexual Harassment,1141.0,108.0,2785.0,545.0,917.0,332.0,2893.0,0.0,601.0,510.0,2347.0,2165.0,3316.0,2785.0,2058.0,0.0,0.0,4950.0
Arunachal Pradesh,2007.0,Sexual harassment,05. Sexual Harassment,0.0,0.0,2.0,0.0,0.0,0.0,2.0,0.0,0.0,1.0,8.0,6.0,1.0,2.0,0.0,0.0,0.0,8.0
Assam,2007.0,Sexual harassment,05. Sexual Harassment,8.0,5.0,7.0,0.0,2.0,0.0,12.0,0.0,2.0,4.0,10.0,13.0,10.0,7.0,10.0,0.0,0.0,20.0
Bihar,2007.0,Sexual harassment,05. Sexual Harassment,10.0,0.0,11.0,0.0,2.0,0.0,11.0,0.0,7.0,6.0,47.0,48.0,12.0,11.0,12.0,0.0,0.0,59.0
Chandigarh,2007.0,Sexual harassment,05. Sexual Harassment,7.0,1.0,6.0,0.0,0.0,3.0,7.0,0.0,3.0,2.0,47.0,48.0,11.0,6.0,7.0,0.0,0.0,54.0
Chhattisgarh,2007.0,Sexual harassment,05. Sexual Harassment,40.0,5.0,106.0,23.0,26.0,2.0,111.0,0.0,4.0,6.0,386.0,369.0,111.0,106.0,66.0,0.0,0.0,475.0
Dadra & Nagar Haveli,2007.0,Sexual harassment,05. Sexual Harassment,0.0,0.0,0.0,0.0,0.0,0.0,0.0,0.0,0.0,0.0,2.0,2.0,0.0,0.0,0.0,0.0,0.0,2.0
Daman & Diu,2007.0,Sexual harassment,05. Sexual Harassment,0.0,0.0,0.0,0.0,0.0,0.0,0.0,0.0,0.0,0.0,1.0,1.0,0.0,0.0,0.0,0.0,0.0,1.0
Delhi,2007.0,Sexual harassment,05. Sexual Harassment,127.0,6.0,123.0,0.0,44.0,1.0,129.0,0.0,106.0,69.0,420.0,468.0,167.0,123.0,171.0,0.0,0.0,591.0
Goa,2007.0,Sexual harassment,05. Sexual Harassment,5.0,2.0,6.0,0.0,1.0,0.0,8.0,0.0,4.0,5.0,21.0,21.0,7.0,6.0,6.0,0.0,0.0,27.0
Gujarat,2007.0,Sexual harassment,05. Sexual Harassment,45.0,15.0,96.0,5.0,11.0,5.0,111.0,1.0,20.0,17.0,837.0,802.0,120.0,96.0,56.0,0.0,0.0,898.0
Haryana,2007.0,Sexual harassment,05. Sexual Harassment,95.0,7.0,394.0,0.0,229.0,8.0,401.0,0.0,19.0,19.0,763.0,693.0,409.0,394.0,324.0,0.0,0.0,1087.0
Himachal Pradesh,2007.0,Sexual harassment,05. Sexual Harassment,5.0,1.0,9.0,2.0,1.0,7.0,10.0,0.0,17.0,1.0,84.0,83.0,33.0,9.0,6.0,0.0,0.0,92.0
Jammu & Kashmir,2007.0,Sexual harassment,05. Sexual Harassment,123.0,0.0,352.0,5.0,83.0,7.0,352.0,0.0,51.0,57.0,1064.0,923.0,353.0,352.0,206.0,0.0,0.0,1275.0
Jharkhand,2007.0,Sexual harassment,05. Sexual Harassment,8.0,2.0,14.0,0.0,0.0,3.0,16.0,0.0,18.0,22.0,6.0,0.0,15.0,14.0,8.0,0.0,0.0,14.0
Karnataka,2007.0,Sexual harassment,05. Sexual Harassment,48.0,0.0,32.0,3.0,10.0,1.0,32.0,0.0,34.0,39.0,60.0,89.0,28.0,32.0,58.0,0.0,0.0,121.0
Kerala,2007.0,Sexual harassment,05. Sexual Harassment,51.0,11.0,232.0,10.0,13.0,10.0,243.0,0.0,59.0,50.0,554.0,396.0,262.0,232.0,64.0,0.0,0.0,628.0
Lakshadweep,2007.0,Sexual harassment,05. Sexual Harassment,0.0,0.0,0.0,0.0,0.0,0.0,0.0,0.0,0.0,0.0,0.0,0.0,0.0,0.0,0.0,0.0,0.0,0.0
Madhya Pradesh,2007.0,Sexual harassment,05. Sexual Harassment,242.0,7.0,772.0,224.0,263.0,0.0,779.0,0.0,125.0,124.0,1709.0,1666.0,780.0,772.0,505.0,0.0,0.0,2438.0
Maharashtra,2007.0,Sexual harassment,05. Sexual Harassment,387.0,19.0,964.0,76.0,31.0,10.0,983.0,0.0,304.0,258.0,7437.0,6967.0,1039.0,964.0,418.0,0.0,0.0,7931.0
Manipur,2007.0,Sexual harassment,05. Sexual Harassment,0.0,0.0,0.0,0.0,0.0,0.0,0.0,0.0,0.0,0.0,0.0,0.0,0.0,0.0,0.0,0.0,0.0,0.0
Meghalaya,2007.0,Sexual harassment,05. Sexual Harassment,0.0,0.0,0.0,0.0,0.0,0.0,0.0,0.0,14.0,13.0,3.0,3.0,1.0,0.0,0.0,0.0,0.0,3.0
Mizoram,2007.0,Sexual harassment,05. Sexual Harassment,0.0,0.0,0.0,0.0,0.0,0.0,0.0,0.0,0.0,0.0,0.0,0.0,0.0,0.0,0.0,0.0,0.0,0.0
Nagaland,2007.0,Sexual harassment,05. Sexual Harassment,0.0,0.0,1.0,0.0,0.0,0.0,1.0,0.0,1.0,1.0,1.0,0.0,1.0,1.0,0.0,0.0,0.0,1.0
Odisha,2007.0,Sexual harassment,05. Sexual Harassment,65.0,4.0,218.0,0.0,14.0,4.0,222.0,0.0,76.0,61.0,886.0,747.0,241.0,218.0,79.0,0.0,0.0,965.0
Puducherry,2007.0,Sexual harassment,05. Sexual Harassment,4.0,0.0,31.0,8.0,13.0,1.0,31.0,0.0,0.0,0.0,74.0,68.0,32.0,31.0,17.0,0.0,0.0,99.0
Punjab,2007.0,Sexual harassment,05. Sexual Harassment,13.0,12.0,48.0,0.0,16.0,3.0,60.0,0.0,10.0,25.0,61.0,42.0,48.0,48.0,29.0,0.0,0.0,90.0
Rajasthan,2007.0,Sexual harassment,05. Sexual Harassment,7.0,0.0,19.0,2.0,14.0,7.0,19.0,0.0,2.0,0.0,101.0,108.0,28.0,19.0,21.0,3.0,0.0,124.0
Sikkim,2007.0,Sexual harassment,05. Sexual Harassment,0.0,0.0,0.0,0.0,0.0,0.0,0.0,0.0,0.0,0.0,0.0,0.0,0.0,0.0,0.0,0.0,0.0,0.0
Tamil Nadu,2007.0,Sexual harassment,05. Sexual Harassment,504.0,37.0,790.0,1.0,302.0,24.0,827.0,1.0,96.0,73.0,950.0,967.0,875.0,790.0,806.0,0.0,0.0,1757.0
Tripura,2007.0,Sexual harassment,05. Sexual Harassment,1.0,0.0,4.0,0.0,0.0,0.0,4.0,0.0,0.0,0.0,3.0,0.0,4.0,4.0,1.0,0.0,0.0,4.0
Uttar Pradesh,2007.0,Sexual harassment,05. Sexual Harassment,741.0,21.0,2864.0,184.0,1649.0,5.0,2885.0,0.0,13.0,21.0,6513.0,6223.0,2882.0,2864.0,2390.0,0.0,0.0,9087.0
Uttarakhand,2007.0,Sexual harassment,05. Sexual Harassment,7.0,0.0,58.0,15.0,50.0,1.0,58.0,0.0,5.0,1.0,254.0,268.0,63.0,58.0,57.0,0.0,0.0,326.0
West Bengal,2007.0,Sexual harassment,05. Sexual Harassment,44.0,10.0,64.0,4.0,17.0,0.0,74.0,0.0,71.0,46.0,49.0,50.0,99.0,64.0,61.0,0.0,0.0,114.0
Andaman & Nicobar Islands,2008.0,Sexual harassment,05. Sexual Harassment,0.0,0.0,2.0,0.0,0.0,0.0,2.0,0.0,1.0,0.0,16.0,14.0,3.0,2.0,0.0,0.0,0.0,16.0
Andhra Pradesh,2008.0,Sexual harassment,05. Sexual Harassment,1165.0,212.0,2945.0,518.0,569.0,252.0,3157.0,0.0,743.0,601.0,3040.0,2347.0,3551.0,2945.0,1734.0,0.0,0.0,5292.0
Arunachal Pradesh,2008.0,Sexual harassment,05. Sexual Harassment,0.0,0.0,1.0,0.0,0.0,0.0,1.0,0.0,0.0,0.0,9.0,8.0,1.0,1.0,0.0,0.0,0.0,9.0
Assam,2008.0,Sexual harassment,05. Sexual Harassment,2.0,0.0,2.0,0.0,0.0,0.0,2.0,0.0,2.0,2.0,10.0,10.0,2.0,2.0,2.0,0.0,0.0,12.0
Bihar,2008.0,Sexual harassment,05. Sexual Harassment,4.0,2.0,12.0,0.0,3.0,0.0,14.0,0.0,14.0,7.0,52.0,47.0,21.0,12.0,7.0,0.0,0.0,59.0
Chandigarh,2008.0,Sexual harassment,05. Sexual Harassment,1.0,0.0,5.0,0.0,6.0,0.0,5.0,0.0,0.0,3.0,45.0,47.0,2.0,5.0,7.0,0.0,0.0,52.0
Chhattisgarh,2008.0,Sexual harassment,05. Sexual Harassment,37.0,3.0,123.0,22.0,27.0,0.0,126.0,0.0,3.0,4.0,423.0,386.0,125.0,123.0,64.0,0.0,0.0,509.0
Dadra & Nagar Haveli,2008.0,Sexual harassment,05. Sexual Harassment,1.0,0.0,0.0,0.0,0.0,0.0,0.0,0.0,0.0,0.0,1.0,2.0,0.0,0.0,1.0,0.0,0.0,2.0
Daman & Diu,2008.0,Sexual harassment,05. Sexual Harassment,0.0,0.0,0.0,0.0,0.0,0.0,0.0,0.0,1.0,0.0,1.0,1.0,1.0,0.0,0.0,0.0,0.0,1.0
Delhi,2008.0,Sexual harassment,05. Sexual Harassment,29.0,11.0,131.0,0.0,57.0,0.0,142.0,0.0,94.0,106.0,465.0,420.0,130.0,131.0,86.0,0.0,0.0,551.0
Goa,2008.0,Sexual harassment,05. Sexual Harassment,3.0,2.0,8.0,1.0,0.0,0.0,10.0,0.0,6.0,4.0,25.0,21.0,12.0,8.0,3.0,0.0,0.0,29.0
Gujarat,2008.0,Sexual harassment,05. Sexual Harassment,63.0,8.0,120.0,4.0,5.0,3.0,128.0,0.0,11.0,20.0,885.0,837.0,122.0,120.0,68.0,0.0,0.0,957.0
Haryana,2008.0,Sexual harassment,05. Sexual Harassment,110.0,15.0,567.0,1.0,381.0,15.0,582.0,0.0,27.0,19.0,838.0,763.0,605.0,567.0,491.0,0.0,0.0,1330.0
Himachal Pradesh,2008.0,Sexual harassment,05. Sexual Harassment,11.0,8.0,36.0,2.0,5.0,1.0,44.0,0.0,13.0,17.0,102.0,84.0,41.0,36.0,16.0,0.0,0.0,120.0
Jammu & Kashmir,2008.0,Sexual harassment,05. Sexual Harassment,109.0,1.0,284.0,5.0,69.0,4.0,285.0,0.0,58.0,51.0,1165.0,1064.0,296.0,284.0,178.0,0.0,0.0,1348.0
Jharkhand,2008.0,Sexual harassment,05. Sexual Harassment,6.0,5.0,16.0,0.0,1.0,1.0,21.0,0.0,19.0,18.0,15.0,6.0,23.0,16.0,7.0,0.0,0.0,22.0
Karnataka,2008.0,Sexual harassment,05. Sexual Harassment,28.0,0.0,41.0,8.0,10.0,3.0,41.0,0.0,34.0,34.0,55.0,60.0,44.0,41.0,38.0,0.0,0.0,101.0
Kerala,2008.0,Sexual harassment,05. Sexual Harassment,100.0,11.0,244.0,18.0,35.0,9.0,255.0,0.0,53.0,59.0,645.0,554.0,258.0,244.0,135.0,0.0,0.0,798.0
Lakshadweep,2008.0,Sexual harassment,05. Sexual Harassment,0.0,0.0,0.0,0.0,0.0,0.0,0.0,0.0,0.0,0.0,0.0,0.0,0.0,0.0,0.0,0.0,0.0,0.0
Madhya Pradesh,2008.0,Sexual harassment,05. Sexual Harassment,357.0,7.0,739.0,188.0,290.0,2.0,746.0,0.0,135.0,125.0,1613.0,1709.0,758.0,739.0,647.0,0.0,0.0,2448.0
Maharashtra,2008.0,Sexual harassment,05. Sexual Harassment,552.0,21.0,998.0,115.0,70.0,8.0,1019.0,0.0,368.0,304.0,7698.0,7437.0,1091.0,998.0,622.0,0.0,0.0,8435.0
Manipur,2008.0,Sexual harassment,05. Sexual Harassment,0.0,0.0,0.0,0.0,0.0,0.0,0.0,0.0,0.0,0.0,0.0,0.0,0.0,0.0,0.0,0.0,0.0,0.0
Meghalaya,2008.0,Sexual harassment,05. Sexual Harassment,0.0,0.0,0.0,0.0,0.0,0.0,0.0,0.0,18.0,14.0,3.0,3.0,4.0,0.0,0.0,0.0,0.0,3.0
Mizoram,2008.0,Sexual harassment,05. Sexual Harassment,0.0,0.0,0.0,0.0,0.0,0.0,0.0,0.0,0.0,0.0,0.0,0.0,0.0,0.0,0.0,0.0,0.0,0.0
Nagaland,2008.0,Sexual harassment,05. Sexual Harassment,0.0,1.0,0.0,0.0,1.0,0.0,1.0,0.0,0.0,0.0,0.0,1.0,1.0,0.0,1.0,0.0,0.0,1.0
Odisha,2008.0,Sexual harassment,05. Sexual Harassment,117.0,4.0,258.0,0.0,17.0,2.0,262.0,0.0,94.0,76.0,1010.0,886.0,282.0,258.0,134.0,0.0,0.0,1144.0
Puducherry,2008.0,Sexual harassment,05. Sexual Harassment,2.0,0.0,20.0,2.0,9.0,1.0,20.0,0.0,0.0,0.0,81.0,74.0,21.0,20.0,11.0,0.0,0.0,94.0
Punjab,2008.0,Sexual harassment,05. Sexual Harassment,17.0,4.0,29.0,0.0,18.0,0.0,33.0,0.0,26.0,10.0,55.0,61.0,49.0,29.0,35.0,0.0,0.0,90.0
Rajasthan,2008.0,Sexual harassment,05. Sexual Harassment,11.0,1.0,12.0,2.0,14.0,7.0,13.0,0.0,1.0,2.0,86.0,101.0,19.0,12.0,25.0,0.0,0.0,113.0
Sikkim,2008.0,Sexual harassment,05. Sexual Harassment,0.0,0.0,0.0,0.0,0.0,0.0,0.0,0.0,0.0,0.0,0.0,0.0,0.0,0.0,0.0,0.0,0.0,0.0
Tamil Nadu,2008.0,Sexual harassment,05. Sexual Harassment,465.0,27.0,856.0,0.0,317.0,37.0,883.0,0.0,150.0,96.0,1024.0,950.0,974.0,856.0,782.0,0.0,0.0,1806.0
Tripura,2008.0,Sexual harassment,05. Sexual Harassment,2.0,0.0,4.0,0.0,2.0,0.0,4.0,0.0,0.0,0.0,3.0,3.0,4.0,4.0,4.0,0.0,0.0,7.0
Uttar Pradesh,2008.0,Sexual harassment,05. Sexual Harassment,807.0,22.0,3318.0,162.0,2130.0,25.0,3340.0,0.0,22.0,13.0,6732.0,6513.0,3374.0,3318.0,2937.0,0.0,0.0,9831.0
Uttarakhand,2008.0,Sexual harassment,05. Sexual Harassment,1.0,1.0,289.0,1.0,72.0,3.0,290.0,0.0,18.0,5.0,469.0,254.0,306.0,289.0,73.0,0.0,0.0,543.0
West Bengal,2008.0,Sexual harassment,05. Sexual Harassment,41.0,5.0,70.0,5.0,20.0,0.0,75.0,0.0,90.0,71.0,53.0,49.0,94.0,70.0,61.0,0.0,0.0,119.0
Andaman & Nicobar Islands,2009.0,Sexual harassment,05. Sexual Harassment,0.0,0.0,4.0,0.0,0.0,0.0,4.0,0.0,4.0,1.0,20.0,16.0,7.0,4.0,0.0,0.0,0.0,20.0
Andhra Pradesh,2009.0,Sexual harassment,05. Sexual Harassment,1577.0,193.0,3103.0,764.0,613.0,303.0,3296.0,0.0,664.0,743.0,3189.0,3040.0,3520.0,3103.0,2190.0,0.0,0.0,6143.0
Arunachal Pradesh,2009.0,Sexual harassment,05. Sexual Harassment,0.0,2.0,2.0,0.0,0.0,0.0,4.0,0.0,2.0,0.0,11.0,9.0,6.0,2.0,0.0,0.0,0.0,11.0
Assam,2009.0,Sexual harassment,05. Sexual Harassment,6.0,2.0,5.0,0.0,3.0,0.0,7.0,0.0,5.0,2.0,6.0,10.0,10.0,5.0,9.0,0.0,0.0,15.0
Bihar,2009.0,Sexual harassment,05. Sexual Harassment,16.0,6.0,14.0,0.0,0.0,0.0,20.0,0.0,6.0,14.0,50.0,52.0,12.0,14.0,16.0,0.0,0.0,66.0
Chandigarh,2009.0,Sexual harassment,05. Sexual Harassment,8.0,0.0,1.0,0.0,4.0,1.0,1.0,0.0,0.0,0.0,34.0,45.0,2.0,1.0,12.0,0.0,0.0,46.0
Chhattisgarh,2009.0,Sexual harassment,05. Sexual Harassment,66.0,7.0,140.0,22.0,26.0,0.0,147.0,0.0,8.0,3.0,449.0,423.0,152.0,140.0,92.0,0.0,0.0,563.0
Dadra & Nagar Haveli,2009.0,Sexual harassment,05. Sexual Harassment,0.0,0.0,0.0,0.0,0.0,0.0,0.0,0.0,1.0,0.0,1.0,1.0,1.0,0.0,0.0,0.0,0.0,1.0
Daman & Diu,2009.0,Sexual harassment,05. Sexual Harassment,0.0,0.0,2.0,0.0,0.0,0.0,2.0,0.0,0.0,1.0,3.0,1.0,1.0,2.0,0.0,0.0,0.0,3.0
Delhi,2009.0,Sexual harassment,05. Sexual Harassment,34.0,2.0,92.0,0.0,53.0,0.0,94.0,2.0,116.0,94.0,470.0,465.0,118.0,92.0,87.0,0.0,0.0,557.0
Goa,2009.0,Sexual harassment,05. Sexual Harassment,6.0,3.0,7.0,0.0,0.0,0.0,10.0,0.0,6.0,6.0,26.0,25.0,10.0,7.0,6.0,0.0,0.0,32.0
Gujarat,2009.0,Sexual harassment,05. Sexual Harassment,54.0,10.0,107.0,0.0,14.0,3.0,117.0,0.0,5.0,11.0,924.0,885.0,114.0,107.0,68.0,0.0,0.0,992.0
Haryana,2009.0,Sexual harassment,05. Sexual Harassment,137.0,7.0,583.0,0.0,358.0,18.0,590.0,0.0,24.0,27.0,926.0,838.0,605.0,583.0,495.0,0.0,0.0,1421.0
Himachal Pradesh,2009.0,Sexual harassment,05. Sexual Harassment,8.0,3.0,37.0,3.0,1.0,3.0,40.0,0.0,7.0,13.0,127.0,102.0,37.0,37.0,9.0,0.0,0.0,139.0
Jammu & Kashmir,2009.0,Sexual harassment,05. Sexual Harassment,146.0,0.0,365.0,19.0,99.0,10.0,365.0,0.0,54.0,58.0,1266.0,1165.0,371.0,365.0,245.0,0.0,0.0,1530.0
Jharkhand,2009.0,Sexual harassment,05. Sexual Harassment,10.0,2.0,36.0,7.0,11.0,3.0,38.0,0.0,61.0,19.0,23.0,15.0,83.0,36.0,21.0,0.0,0.0,51.0
Karnataka,2009.0,Sexual harassment,05. Sexual Harassment,17.0,0.0,30.0,5.0,1.0,0.0,30.0,0.0,68.0,34.0,62.0,55.0,64.0,30.0,18.0,0.0,0.0,85.0
Kerala,2009.0,Sexual harassment,05. Sexual Harassment,142.0,19.0,361.0,14.0,58.0,6.0,380.0,0.0,62.0,53.0,792.0,645.0,395.0,361.0,200.0,0.0,0.0,1006.0
Lakshadweep,2009.0,Sexual harassment,05. Sexual Harassment,0.0,0.0,0.0,0.0,0.0,0.0,0.0,0.0,0.0,0.0,0.0,0.0,0.0,0.0,0.0,0.0,0.0,0.0
Madhya Pradesh,2009.0,Sexual harassment,05. Sexual Harassment,199.0,8.0,848.0,173.0,221.0,1.0,856.0,0.0,6.0,135.0,1868.0,1613.0,728.0,848.0,420.0,0.0,0.0,2461.0
Maharashtra,2009.0,Sexual harassment,05. Sexual Harassment,424.0,25.0,1021.0,103.0,22.0,6.0,1046.0,1.0,414.0,368.0,8170.0,7698.0,1099.0,1021.0,446.0,0.0,0.0,8719.0
Manipur,2009.0,Sexual harassment,05. Sexual Harassment,0.0,0.0,0.0,0.0,0.0,0.0,0.0,0.0,2.0,0.0,0.0,0.0,2.0,0.0,0.0,0.0,0.0,0.0
Meghalaya,2009.0,Sexual harassment,05. Sexual Harassment,0.0,0.0,2.0,0.0,1.0,0.0,2.0,0.0,17.0,18.0,4.0,3.0,1.0,2.0,1.0,0.0,0.0,5.0
Mizoram,2009.0,Sexual harassment,05. Sexual Harassment,0.0,0.0,1.0,0.0,0.0,0.0,1.0,0.0,0.0,0.0,1.0,0.0,1.0,1.0,0.0,0.0,0.0,1.0
Nagaland,2009.0,Sexual harassment,05. Sexual Harassment,0.0,0.0,0.0,0.0,0.0,0.0,0.0,0.0,0.0,0.0,0.0,0.0,0.0,0.0,0.0,0.0,0.0,0.0
Odisha,2009.0,Sexual harassment,05. Sexual Harassment,119.0,5.0,199.0,0.0,15.0,11.0,204.0,0.0,89.0,94.0,1075.0,1010.0,210.0,199.0,134.0,0.0,0.0,1209.0
Puducherry,2009.0,Sexual harassment,05. Sexual Harassment,6.0,0.0,13.0,2.0,6.0,1.0,13.0,1.0,1.0,0.0,80.0,81.0,16.0,13.0,12.0,0.0,0.0,94.0
Punjab,2009.0,Sexual harassment,05. Sexual Harassment,19.0,6.0,34.0,0.0,13.0,2.0,40.0,0.0,17.0,26.0,57.0,55.0,33.0,34.0,32.0,0.0,0.0,89.0
Rajasthan,2009.0,Sexual harassment,05. Sexual Harassment,6.0,0.0,21.0,4.0,9.0,4.0,21.0,0.0,0.0,1.0,88.0,86.0,24.0,21.0,15.0,0.0,0.0,107.0
Sikkim,2009.0,Sexual harassment,05. Sexual Harassment,0.0,0.0,0.0,0.0,0.0,0.0,0.0,0.0,0.0,0.0,0.0,0.0,0.0,0.0,0.0,0.0,0.0,0.0
Tamil Nadu,2009.0,Sexual harassment,05. Sexual Harassment,221.0,23.0,519.0,0.0,296.0,15.0,542.0,0.0,94.0,150.0,1026.0,1024.0,501.0,519.0,517.0,0.0,0.0,1543.0
Tripura,2009.0,Sexual harassment,05. Sexual Harassment,3.0,0.0,5.0,0.0,0.0,0.0,5.0,0.0,0.0,0.0,5.0,3.0,5.0,5.0,3.0,0.0,0.0,8.0
Uttar Pradesh,2009.0,Sexual harassment,05. Sexual Harassment,637.0,27.0,2475.0,84.0,1838.0,27.0,2502.0,0.0,17.0,22.0,6648.0,6732.0,2524.0,2475.0,2475.0,0.0,0.0,9207.0
Uttarakhand,2009.0,Sexual harassment,05. Sexual Harassment,3.0,1.0,259.0,1.0,98.0,1.0,260.0,0.0,6.0,18.0,626.0,469.0,249.0,259.0,101.0,0.0,0.0,728.0
West Bengal,2009.0,Sexual harassment,05. Sexual Harassment,48.0,15.0,91.0,7.0,24.0,1.0,106.0,0.0,91.0,90.0,65.0,53.0,108.0,91.0,72.0,0.0,0.0,144.0
Andaman & Nicobar Islands,2010.0,Sexual harassment,05. Sexual Harassment,0.0,1.0,7.0,0.0,0.0,0.0,8.0,0.0,6.0,4.0,27.0,20.0,10.0,7.0,0.0,0.0,0.0,27.0
Andhra Pradesh,2010.0,Sexual harassment,05. Sexual Harassment,1360.0,1116.0,3332.0,772.0,731.0,258.0,4448.0,5.0,515.0,664.0,3658.0,3189.0,4562.0,3332.0,2091.0,0.0,0.0,6521.0
Arunachal Pradesh,2010.0,Sexual harassment,05. Sexual Harassment,0.0,2.0,0.0,0.0,0.0,0.0,2.0,0.0,1.0,2.0,11.0,11.0,1.0,0.0,0.0,0.0,0.0,11.0
Assam,2010.0,Sexual harassment,05. Sexual Harassment,4.0,5.0,9.0,0.0,3.0,2.0,14.0,0.0,9.0,5.0,8.0,6.0,20.0,9.0,7.0,0.0,0.0,15.0
Bihar,2010.0,Sexual harassment,05. Sexual Harassment,3.0,2.0,9.0,1.0,0.0,1.0,11.0,0.0,10.0,6.0,55.0,50.0,16.0,9.0,3.0,0.0,0.0,59.0
Chandigarh,2010.0,Sexual harassment,05. Sexual Harassment,9.0,0.0,0.0,0.0,8.0,0.0,0.0,0.0,4.0,0.0,17.0,34.0,4.0,0.0,17.0,0.0,0.0,34.0
Chhattisgarh,2010.0,Sexual harassment,05. Sexual Harassment,53.0,4.0,172.0,18.0,31.0,1.0,176.0,0.0,13.0,8.0,519.0,449.0,182.0,172.0,84.0,0.0,0.0,621.0
Dadra & Nagar Haveli,2010.0,Sexual harassment,05. Sexual Harassment,0.0,0.0,1.0,0.0,0.0,1.0,1.0,0.0,1.0,1.0,2.0,1.0,2.0,1.0,0.0,0.0,0.0,2.0
Daman & Diu,2010.0,Sexual harassment,05. Sexual Harassment,1.0,0.0,0.0,0.0,0.0,0.0,0.0,0.0,0.0,0.0,2.0,3.0,0.0,0.0,1.0,0.0,0.0,3.0
Delhi,2010.0,Sexual harassment,05. Sexual Harassment,40.0,4.0,100.0,0.0,47.0,1.0,104.0,0.0,91.0,116.0,483.0,470.0,80.0,100.0,87.0,0.0,0.0,570.0
Goa,2010.0,Sexual harassment,05. Sexual Harassment,4.0,2.0,13.0,0.0,2.0,0.0,15.0,0.0,7.0,6.0,33.0,26.0,16.0,13.0,6.0,0.0,0.0,39.0
Gujarat,2010.0,Sexual harassment,05. Sexual Harassment,65.0,7.0,98.0,4.0,9.0,1.0,105.0,0.0,9.0,5.0,944.0,924.0,110.0,98.0,74.0,0.0,0.0,1022.0
Haryana,2010.0,Sexual harassment,05. Sexual Harassment,107.0,11.0,526.0,0.0,334.0,21.0,537.0,0.0,46.0,24.0,1011.0,926.0,580.0,526.0,441.0,0.0,0.0,1452.0
Himachal Pradesh,2010.0,Sexual harassment,05. Sexual Harassment,11.0,9.0,51.0,5.0,1.0,5.0,60.0,0.0,20.0,7.0,161.0,127.0,78.0,51.0,12.0,0.0,0.0,178.0
Jammu & Kashmir,2010.0,Sexual harassment,05. Sexual Harassment,103.0,7.0,234.0,4.0,100.0,12.0,241.0,0.0,63.0,54.0,1293.0,1266.0,262.0,234.0,203.0,0.0,0.0,1500.0
Jharkhand,2010.0,Sexual harassment,05. Sexual Harassment,8.0,6.0,11.0,2.0,3.0,1.0,17.0,0.0,59.0,61.0,21.0,23.0,16.0,11.0,11.0,0.0,0.0,34.0
Karnataka,2010.0,Sexual harassment,05. Sexual Harassment,22.0,1.0,16.0,7.0,0.0,4.0,17.0,0.0,130.0,68.0,49.0,62.0,83.0,16.0,22.0,0.0,0.0,78.0
Kerala,2010.0,Sexual harassment,05. Sexual Harassment,162.0,10.0,515.0,10.0,70.0,12.0,525.0,0.0,62.0,62.0,1065.0,792.0,537.0,515.0,232.0,0.0,0.0,1307.0
Lakshadweep,2010.0,Sexual harassment,05. Sexual Harassment,0.0,0.0,0.0,0.0,0.0,0.0,0.0,0.0,0.0,0.0,0.0,0.0,0.0,0.0,0.0,0.0,0.0,0.0
Madhya Pradesh,2010.0,Sexual harassment,05. Sexual Harassment,297.0,6.0,899.0,237.0,309.0,2.0,905.0,0.0,17.0,6.0,1924.0,1868.0,918.0,899.0,606.0,0.0,0.0,2767.0
Maharashtra,2010.0,Sexual harassment,05. Sexual Harassment,630.0,26.0,1063.0,95.0,34.0,12.0,1089.0,0.0,493.0,414.0,8474.0,8170.0,1180.0,1063.0,664.0,0.0,0.0,9233.0
Manipur,2010.0,Sexual harassment,05. Sexual Harassment,0.0,0.0,0.0,0.0,0.0,0.0,0.0,0.0,2.0,2.0,0.0,0.0,0.0,0.0,0.0,0.0,0.0,0.0
Meghalaya,2010.0,Sexual harassment,05. Sexual Harassment,0.0,0.0,0.0,0.0,0.0,0.0,0.0,0.0,17.0,17.0,4.0,4.0,0.0,0.0,0.0,0.0,0.0,4.0
Mizoram,2010.0,Sexual harassment,05. Sexual Harassment,0.0,0.0,0.0,0.0,1.0,0.0,0.0,0.0,0.0,0.0,0.0,1.0,0.0,0.0,1.0,0.0,0.0,1.0
Nagaland,2010.0,Sexual harassment,05. Sexual Harassment,0.0,0.0,2.0,0.0,0.0,0.0,2.0,0.0,1.0,0.0,2.0,0.0,3.0,2.0,0.0,0.0,0.0,2.0
Odisha,2010.0,Sexual harassment,05. Sexual Harassment,129.0,3.0,231.0,0.0,11.0,11.0,234.0,0.0,76.0,89.0,1166.0,1075.0,232.0,231.0,140.0,0.0,0.0,1306.0
Puducherry,2010.0,Sexual harassment,05. Sexual Harassment,8.0,1.0,20.0,1.0,2.0,2.0,21.0,0.0,0.0,1.0,89.0,80.0,22.0,20.0,10.0,0.0,0.0,100.0
Punjab,2010.0,Sexual harassment,05. Sexual Harassment,12.0,7.0,27.0,0.0,13.0,3.0,34.0,0.0,17.0,16.0,52.0,50.0,38.0,27.0,25.0,0.0,0.0,77.0
Rajasthan,2010.0,Sexual harassment,05. Sexual Harassment,2.0,1.0,17.0,2.0,9.0,3.0,18.0,0.0,2.0,0.0,92.0,88.0,23.0,17.0,11.0,0.0,0.0,105.0
Sikkim,2010.0,Sexual harassment,05. Sexual Harassment,0.0,0.0,0.0,0.0,0.0,0.0,0.0,0.0,0.0,0.0,0.0,0.0,0.0,0.0,0.0,0.0,0.0,0.0
Tamil Nadu,2010.0,Sexual harassment,05. Sexual Harassment,307.0,16.0,624.0,0.0,417.0,6.0,640.0,0.0,86.0,94.0,926.0,1026.0,638.0,624.0,724.0,0.0,0.0,1650.0
Tripura,2010.0,Sexual harassment,05. Sexual Harassment,2.0,3.0,4.0,0.0,0.0,0.0,7.0,0.0,2.0,0.0,7.0,5.0,9.0,4.0,2.0,0.0,0.0,9.0
Uttar Pradesh,2010.0,Sexual harassment,05. Sexual Harassment,604.0,7.0,21.0,0.0,1951.0,0.0,28.0,0.0,0.0,17.0,4114.0,6648.0,11.0,21.0,2555.0,0.0,0.0,6669.0
Uttarakhand,2010.0,Sexual harassment,05. Sexual Harassment,29.0,1.0,169.0,0.0,244.0,0.0,170.0,0.0,1.0,6.0,522.0,626.0,165.0,169.0,273.0,0.0,0.0,795.0
West Bengal,2010.0,Sexual harassment,05. Sexual Harassment,55.0,11.0,127.0,11.0,37.0,1.0,138.0,0.0,115.0,91.0,89.0,65.0,163.0,127.0,92.0,0.0,0.0,192.0
Andaman & Nicobar Islands,2001.0,Cruelty by Husband and Relatives,06. Cruelty by Husband and Relatives,6.0,3.0,5.0,0.0,0.0,0.0,8.0,0.0,4.0,3.0,10.0,11.0,9.0,5.0,6.0,0.0,0.0,16.0
Andhra Pradesh,2001.0,Cruelty by Husband and Relatives,06. Cruelty by Husband and Relatives,2956.0,114.0,4428.0,688.0,762.0,1168.0,4542.0,6.0,1862.0,1787.0,7017.0,6996.0,5791.0,4428.0,3718.0,1.0,0.0,11423.0
Arunachal Pradesh,2001.0,Cruelty by Husband and Relatives,06. Cruelty by Husband and Relatives,0.0,2.0,8.0,0.0,1.0,0.0,10.0,0.0,2.0,1.0,22.0,15.0,11.0,8.0,1.0,0.0,0.0,23.0
Assam,2001.0,Cruelty by Husband and Relatives,06. Cruelty by Husband and Relatives,255.0,325.0,585.0,71.0,42.0,92.0,910.0,0.0,1011.0,765.0,1857.0,1640.0,1248.0,585.0,297.0,0.0,0.0,2225.0
Bihar,2001.0,Cruelty by Husband and Relatives,06. Cruelty by Husband and Relatives,397.0,165.0,1217.0,77.0,165.0,97.0,1382.0,0.0,816.0,737.0,2751.0,2173.0,1558.0,1217.0,562.0,0.0,0.0,3390.0
Chandigarh,2001.0,Cruelty by Husband and Relatives,06. Cruelty by Husband and Relatives,10.0,17.0,19.0,0.0,2.0,3.0,36.0,0.0,23.0,26.0,78.0,71.0,36.0,19.0,12.0,0.0,0.0,90.0
Chhattisgarh,2001.0,Cruelty by Husband and Relatives,06. Cruelty by Husband and Relatives,177.0,19.0,847.0,19.0,87.0,1.0,866.0,0.0,27.0,54.0,2468.0,1904.0,840.0,847.0,264.0,0.0,0.0,2751.0
Dadra & Nagar Haveli,2001.0,Cruelty by Husband and Relatives,06. Cruelty by Husband and Relatives,0.0,0.0,2.0,0.0,0.0,0.0,2.0,0.0,2.0,0.0,18.0,16.0,4.0,2.0,0.0,0.0,0.0,18.0
Daman & Diu,2001.0,Cruelty by Husband and Relatives,06. Cruelty by Husband and Relatives,1.0,0.0,4.0,0.0,0.0,0.0,4.0,0.0,1.0,1.0,6.0,3.0,4.0,4.0,1.0,0.0,0.0,7.0
Delhi,2001.0,Cruelty by Husband and Relatives,06. Cruelty by Husband and Relatives,45.0,45.0,122.0,0.0,67.0,4.0,167.0,0.0,16.0,49.0,346.0,336.0,138.0,122.0,112.0,0.0,0.0,458.0
Goa,2001.0,Cruelty by Husband and Relatives,06. Cruelty by Husband and Relatives,20.0,1.0,11.0,1.0,1.0,0.0,12.0,0.0,4.0,5.0,32.0,43.0,11.0,11.0,21.0,0.0,0.0,54.0
Gujarat,2001.0,Cruelty by Husband and Relatives,06. Cruelty by Husband and Relatives,1370.0,63.0,3497.0,266.0,46.0,116.0,3560.0,13.0,167.0,189.0,16239.0,14424.0,3667.0,3497.0,1416.0,0.0,0.0,17921.0
Haryana,2001.0,Cruelty by Husband and Relatives,06. Cruelty by Husband and Relatives,633.0,274.0,963.0,0.0,57.0,280.0,1237.0,0.0,193.0,197.0,2943.0,2670.0,1513.0,963.0,690.0,0.0,0.0,3633.0
Himachal Pradesh,2001.0,Cruelty by Husband and Relatives,06. Cruelty by Husband and Relatives,126.0,5.0,291.0,53.0,6.0,22.0,296.0,0.0,47.0,48.0,978.0,872.0,317.0,291.0,132.0,0.0,0.0,1163.0
Jammu & Kashmir,2001.0,Cruelty by Husband and Relatives,06. Cruelty by Husband and Relatives,10.0,3.0,44.0,12.0,0.0,3.0,47.0,1.0,10.0,11.0,79.0,57.0,50.0,44.0,10.0,0.0,0.0,101.0
Jharkhand,2001.0,Cruelty by Husband and Relatives,06. Cruelty by Husband and Relatives,239.0,36.0,450.0,17.0,60.0,11.0,486.0,0.0,199.0,212.0,743.0,609.0,484.0,450.0,299.0,0.0,0.0,1059.0
Karnataka,2001.0,Cruelty by Husband and Relatives,06. Cruelty by Husband and Relatives,951.0,70.0,1605.0,107.0,52.0,179.0,1675.0,22.0,376.0,497.0,3828.0,3339.0,1755.0,1605.0,1003.0,6.0,0.0,4938.0
Kerala,2001.0,Cruelty by Husband and Relatives,06. Cruelty by Husband and Relatives,916.0,26.0,2061.0,153.0,91.0,263.0,2087.0,37.0,774.0,600.0,6628.0,5727.0,2561.0,2061.0,1007.0,0.0,0.0,7788.0
Lakshadweep,2001.0,Cruelty by Husband and Relatives,06. Cruelty by Husband and Relatives,0.0,0.0,0.0,0.0,0.0,0.0,0.0,0.0,0.0,0.0,0.0,0.0,0.0,0.0,0.0,0.0,0.0,0.0
Madhya Pradesh,2001.0,Cruelty by Husband and Relatives,06. Cruelty by Husband and Relatives,701.0,10.0,2533.0,444.0,590.0,6.0,2543.0,0.0,136.0,144.0,8860.0,8063.0,2562.0,2533.0,1291.0,1.0,21.0,10595.0
Maharashtra,2001.0,Cruelty by Husband and Relatives,06. Cruelty by Husband and Relatives,4354.0,102.0,6057.0,1063.0,228.0,17.0,6159.0,0.0,701.0,787.0,40272.0,39860.0,6090.0,6057.0,4582.0,0.0,0.0,45917.0
Manipur,2001.0,Cruelty by Husband and Relatives,06. Cruelty by Husband and Relatives,0.0,2.0,0.0,0.0,0.0,0.0,2.0,0.0,10.0,7.0,0.0,0.0,5.0,0.0,0.0,0.0,0.0,0.0
Meghalaya,2001.0,Cruelty by Husband and Relatives,06. Cruelty by Husband and Relatives,0.0,1.0,3.0,0.0,0.0,0.0,4.0,0.0,0.0,0.0,6.0,3.0,4.0,3.0,0.0,0.0,0.0,6.0
Mizoram,2001.0,Cruelty by Husband and Relatives,06. Cruelty by Husband and Relatives,0.0,1.0,0.0,0.0,0.0,0.0,1.0,0.0,15.0,0.0,0.0,0.0,16.0,0.0,0.0,0.0,0.0,0.0
Nagaland,2001.0,Cruelty by Husband and Relatives,06. Cruelty by Husband and Relatives,0.0,0.0,0.0,0.0,0.0,0.0,0.0,0.0,1.0,1.0,1.0,1.0,0.0,0.0,0.0,0.0,0.0,1.0
Odisha,2001.0,Cruelty by Husband and Relatives,06. Cruelty by Husband and Relatives,614.0,59.0,1186.0,0.0,108.0,36.0,1245.0,1.0,564.0,580.0,2988.0,2524.0,1266.0,1186.0,722.0,0.0,0.0,3710.0
Puducherry,2001.0,Cruelty by Husband and Relatives,06. Cruelty by Husband and Relatives,4.0,0.0,4.0,0.0,0.0,0.0,4.0,0.0,1.0,2.0,5.0,5.0,3.0,4.0,4.0,0.0,0.0,9.0
Punjab,2001.0,Cruelty by Husband and Relatives,06. Cruelty by Husband and Relatives,165.0,318.0,563.0,30.0,62.0,109.0,881.0,7.0,727.0,596.0,1103.0,797.0,1128.0,563.0,227.0,0.0,0.0,1360.0
Rajasthan,2001.0,Cruelty by Husband and Relatives,06. Cruelty by Husband and Relatives,1415.0,5.0,3451.0,416.0,751.0,2150.0,3456.0,0.0,248.0,322.0,11415.0,10546.0,5532.0,3451.0,2166.0,0.0,0.0,13997.0
Sikkim,2001.0,Cruelty by Husband and Relatives,06. Cruelty by Husband and Relatives,1.0,0.0,0.0,0.0,0.0,0.0,0.0,0.0,0.0,0.0,1.0,2.0,0.0,0.0,1.0,0.0,0.0,2.0
Tamil Nadu,2001.0,Cruelty by Husband and Relatives,06. Cruelty by Husband and Relatives,253.0,16.0,685.0,15.0,174.0,97.0,701.0,8.0,172.0,167.0,1314.0,1082.0,815.0,685.0,427.0,11.0,4.0,1756.0
Tripura,2001.0,Cruelty by Husband and Relatives,06. Cruelty by Husband and Relatives,46.0,15.0,138.0,2.0,13.0,0.0,153.0,0.0,130.0,56.0,251.0,174.0,227.0,138.0,59.0,0.0,0.0,312.0
Uttar Pradesh,2001.0,Cruelty by Husband and Relatives,06. Cruelty by Husband and Relatives,1352.0,1577.0,4843.0,714.0,1515.0,758.0,6420.0,0.0,1144.0,957.0,11323.0,10061.0,7365.0,4843.0,2867.0,0.0,0.0,14904.0
Uttarakhand,2001.0,Cruelty by Husband and Relatives,06. Cruelty by Husband and Relatives,48.0,66.0,208.0,6.0,121.0,29.0,274.0,0.0,32.0,34.0,332.0,299.0,301.0,208.0,169.0,0.0,0.0,507.0
West Bengal,2001.0,Cruelty by Husband and Relatives,06. Cruelty by Husband and Relatives,912.0,259.0,3176.0,5.0,123.0,118.0,3435.0,7.0,3204.0,2905.0,22006.0,19870.0,3859.0,3176.0,1035.0,0.0,0.0,23046.0
Andaman & Nicobar Islands,2002.0,Cruelty by Husband and Relatives,06. Cruelty by Husband and Relatives,3.0,5.0,3.0,0.0,0.0,0.0,8.0,0.0,0.0,4.0,10.0,10.0,4.0,3.0,3.0,0.0,0.0,13.0
Andhra Pradesh,2002.0,Cruelty by Husband and Relatives,06. Cruelty by Husband and Relatives,2511.0,98.0,5132.0,885.0,595.0,1657.0,5230.0,18.0,1975.0,1862.0,8157.0,7017.0,7018.0,5132.0,3106.0,1.0,0.0,12148.0
Arunachal Pradesh,2002.0,Cruelty by Husband and Relatives,06. Cruelty by Husband and Relatives,1.0,0.0,12.0,0.0,0.0,0.0,12.0,0.0,3.0,2.0,33.0,22.0,13.0,12.0,1.0,0.0,0.0,34.0
Assam,2002.0,Cruelty by Husband and Relatives,06. Cruelty by Husband and Relatives,552.0,292.0,1076.0,59.0,53.0,199.0,1368.0,0.0,1138.0,1011.0,2269.0,1857.0,1694.0,1076.0,605.0,0.0,0.0,2933.0
Bihar,2002.0,Cruelty by Husband and Relatives,06. Cruelty by Husband and Relatives,493.0,219.0,1204.0,27.0,149.0,77.0,1423.0,0.0,893.0,816.0,3286.0,2751.0,1577.0,1204.0,642.0,0.0,0.0,3955.0
Chandigarh,2002.0,Cruelty by Husband and Relatives,06. Cruelty by Husband and Relatives,7.0,18.0,30.0,0.0,1.0,5.0,48.0,0.0,26.0,23.0,100.0,78.0,56.0,30.0,8.0,0.0,0.0,108.0
Chhattisgarh,2002.0,Cruelty by Husband and Relatives,06. Cruelty by Husband and Relatives,170.0,5.0,674.0,125.0,82.0,1.0,679.0,0.0,0.0,27.0,2770.0,2473.0,653.0,674.0,252.0,0.0,0.0,3147.0
Dadra & Nagar Haveli,2002.0,Cruelty by Husband and Relatives,06. Cruelty by Husband and Relatives,4.0,0.0,5.0,0.0,0.0,0.0,5.0,0.0,0.0,2.0,19.0,18.0,3.0,5.0,4.0,0.0,0.0,23.0
Daman & Diu,2002.0,Cruelty by Husband and Relatives,06. Cruelty by Husband and Relatives,1.0,1.0,2.0,0.0,0.0,0.0,3.0,0.0,1.0,1.0,7.0,6.0,3.0,2.0,1.0,0.0,0.0,8.0
Delhi,2002.0,Cruelty by Husband and Relatives,06. Cruelty by Husband and Relatives,49.0,22.0,79.0,0.0,9.0,3.0,101.0,2.0,45.0,16.0,367.0,346.0,135.0,79.0,58.0,0.0,0.0,425.0
Goa,2002.0,Cruelty by Husband and Relatives,06. Cruelty by Husband and Relatives,4.0,0.0,6.0,0.0,3.0,0.0,6.0,0.0,6.0,4.0,30.0,32.0,8.0,6.0,7.0,1.0,0.0,37.0
Gujarat,2002.0,Cruelty by Husband and Relatives,06. Cruelty by Husband and Relatives,1434.0,57.0,3121.0,327.0,78.0,93.0,3178.0,12.0,205.0,167.0,17521.0,16239.0,3321.0,3121.0,1512.0,0.0,0.0,19360.0
Haryana,2002.0,Cruelty by Husband and Relatives,06. Cruelty by Husband and Relatives,675.0,289.0,971.0,37.0,80.0,335.0,1260.0,0.0,163.0,193.0,3122.0,2943.0,1565.0,971.0,755.0,0.0,0.0,3914.0
Himachal Pradesh,2002.0,Cruelty by Husband and Relatives,06. Cruelty by Husband and Relatives,146.0,0.0,219.0,31.0,11.0,22.0,219.0,0.0,40.0,47.0,1009.0,978.0,234.0,219.0,157.0,0.0,0.0,1197.0
Jammu & Kashmir,2002.0,Cruelty by Husband and Relatives,06. Cruelty by Husband and Relatives,27.0,0.0,39.0,12.0,0.0,6.0,39.0,0.0,19.0,10.0,79.0,79.0,54.0,39.0,27.0,0.0,0.0,118.0
Jharkhand,2002.0,Cruelty by Husband and Relatives,06. Cruelty by Husband and Relatives,284.0,25.0,476.0,26.0,67.0,6.0,501.0,0.0,439.0,358.0,1877.0,1778.0,588.0,476.0,351.0,0.0,0.0,2254.0
Karnataka,2002.0,Cruelty by Husband and Relatives,06. Cruelty by Husband and Relatives,1060.0,138.0,1466.0,99.0,55.0,239.0,1604.0,24.0,335.0,376.0,4080.0,3828.0,1826.0,1466.0,1115.0,0.0,0.0,5294.0
Kerala,2002.0,Cruelty by Husband and Relatives,06. Cruelty by Husband and Relatives,1048.0,44.0,2355.0,131.0,94.0,401.0,2399.0,53.0,757.0,774.0,7710.0,6628.0,2836.0,2355.0,1142.0,0.0,0.0,8983.0
Lakshadweep,2002.0,Cruelty by Husband and Relatives,06. Cruelty by Husband and Relatives,0.0,0.0,0.0,0.0,0.0,0.0,0.0,0.0,0.0,0.0,0.0,0.0,0.0,0.0,0.0,0.0,0.0,0.0
Madhya Pradesh,2002.0,Cruelty by Husband and Relatives,06. Cruelty by Husband and Relatives,805.0,36.0,3075.0,557.0,396.0,9.0,3111.0,0.0,133.0,136.0,10177.0,8860.0,3117.0,3075.0,1201.0,0.0,0.0,11935.0
Maharashtra,2002.0,Cruelty by Husband and Relatives,06. Cruelty by Husband and Relatives,4936.0,15.0,5156.0,788.0,221.0,26.0,5171.0,0.0,857.0,701.0,39483.0,40272.0,5353.0,5156.0,5157.0,0.0,0.0,45428.0
Manipur,2002.0,Cruelty by Husband and Relatives,06. Cruelty by Husband and Relatives,0.0,5.0,0.0,0.0,0.0,0.0,5.0,0.0,15.0,10.0,0.0,0.0,10.0,0.0,0.0,0.0,0.0,0.0
Meghalaya,2002.0,Cruelty by Husband and Relatives,06. Cruelty by Husband and Relatives,0.0,0.0,0.0,0.0,0.0,0.0,0.0,0.0,0.0,0.0,6.0,6.0,0.0,0.0,0.0,0.0,0.0,6.0
Mizoram,2002.0,Cruelty by Husband and Relatives,06. Cruelty by Husband and Relatives,0.0,0.0,2.0,0.0,1.0,0.0,2.0,0.0,1.0,0.0,1.0,0.0,3.0,2.0,1.0,0.0,0.0,2.0
Nagaland,2002.0,Cruelty by Husband and Relatives,06. Cruelty by Husband and Relatives,0.0,0.0,0.0,0.0,0.0,0.0,0.0,0.0,1.0,1.0,1.0,1.0,0.0,0.0,0.0,0.0,0.0,1.0
Odisha,2002.0,Cruelty by Husband and Relatives,06. Cruelty by Husband and Relatives,531.0,27.0,1109.0,3.0,91.0,23.0,1136.0,1.0,571.0,564.0,3471.0,2988.0,1167.0,1109.0,622.0,1.0,0.0,4096.0
Puducherry,2002.0,Cruelty by Husband and Relatives,06. Cruelty by Husband and Relatives,1.0,0.0,6.0,0.0,0.0,0.0,6.0,2.0,2.0,1.0,10.0,5.0,9.0,6.0,1.0,0.0,0.0,11.0
Punjab,2002.0,Cruelty by Husband and Relatives,06. Cruelty by Husband and Relatives,181.0,199.0,637.0,20.0,116.0,120.0,836.0,16.0,699.0,727.0,1423.0,1103.0,944.0,637.0,297.0,0.0,0.0,1740.0
Rajasthan,2002.0,Cruelty by Husband and Relatives,06. Cruelty by Husband and Relatives,1748.0,4.0,3461.0,434.0,1126.0,2130.0,3465.0,0.0,344.0,248.0,11568.0,11415.0,5691.0,3461.0,2874.0,0.0,0.0,14876.0
Sikkim,2002.0,Cruelty by Husband and Relatives,06. Cruelty by Husband and Relatives,0.0,1.0,2.0,0.0,0.0,0.0,3.0,0.0,0.0,0.0,3.0,1.0,3.0,2.0,0.0,0.0,0.0,3.0
Tamil Nadu,2002.0,Cruelty by Husband and Relatives,06. Cruelty by Husband and Relatives,277.0,37.0,842.0,41.0,130.0,103.0,879.0,17.0,225.0,172.0,1708.0,1314.0,1052.0,842.0,407.0,0.0,0.0,2156.0
Tripura,2002.0,Cruelty by Husband and Relatives,06. Cruelty by Husband and Relatives,73.0,9.0,210.0,0.0,9.0,0.0,219.0,0.0,147.0,130.0,379.0,251.0,236.0,210.0,82.0,0.0,0.0,461.0
Uttar Pradesh,2002.0,Cruelty by Husband and Relatives,06. Cruelty by Husband and Relatives,1603.0,1178.0,4557.0,858.0,1689.0,721.0,5735.0,0.0,367.0,1144.0,11730.0,11323.0,5679.0,4557.0,3292.0,0.0,0.0,15880.0
Uttarakhand,2002.0,Cruelty by Husband and Relatives,06. Cruelty by Husband and Relatives,27.0,78.0,204.0,2.0,54.0,29.0,282.0,0.0,37.0,32.0,453.0,332.0,316.0,204.0,81.0,0.0,0.0,536.0
West Bengal,2002.0,Cruelty by Husband and Relatives,06. Cruelty by Husband and Relatives,2402.0,241.0,3780.0,0.0,477.0,15.0,4021.0,7.0,3230.0,3204.0,22907.0,22006.0,4069.0,3780.0,2879.0,0.0,0.0,25786.0
Andaman & Nicobar Islands,2003.0,Cruelty by Husband and Relatives,06. Cruelty by Husband and Relatives,2.0,1.0,3.0,0.0,0.0,0.0,4.0,0.0,3.0,0.0,11.0,10.0,7.0,3.0,2.0,0.0,0.0,13.0
Andhra Pradesh,2003.0,Cruelty by Husband and Relatives,06. Cruelty by Husband and Relatives,3056.0,100.0,5880.0,1173.0,672.0,2217.0,5980.0,42.0,1903.0,1975.0,9135.0,8157.0,8167.0,5880.0,3728.0,1.0,0.0,14036.0
Arunachal Pradesh,2003.0,Cruelty by Husband and Relatives,06. Cruelty by Husband and Relatives,0.0,1.0,11.0,0.0,1.0,0.0,12.0,0.0,5.0,3.0,43.0,33.0,14.0,11.0,1.0,0.0,0.0,44.0
Assam,2003.0,Cruelty by Husband and Relatives,06. Cruelty by Husband and Relatives,702.0,333.0,1148.0,165.0,52.0,259.0,1481.0,0.0,1206.0,1138.0,2498.0,2269.0,1808.0,1148.0,754.0,0.0,0.0,3417.0
Bihar,2003.0,Cruelty by Husband and Relatives,06. Cruelty by Husband and Relatives,643.0,208.0,1332.0,109.0,144.0,83.0,1540.0,0.0,1150.0,893.0,3720.0,3286.0,1880.0,1332.0,787.0,2.0,0.0,4616.0
Chandigarh,2003.0,Cruelty by Husband and Relatives,06. Cruelty by Husband and Relatives,6.0,15.0,42.0,0.0,0.0,14.0,57.0,0.0,48.0,26.0,136.0,100.0,93.0,42.0,6.0,0.0,0.0,142.0
Chhattisgarh,2003.0,Cruelty by Husband and Relatives,06. Cruelty by Husband and Relatives,172.0,7.0,569.0,209.0,99.0,3.0,576.0,0.0,37.0,15.0,2838.0,2749.0,601.0,569.0,271.0,0.0,0.0,3318.0
Dadra & Nagar Haveli,2003.0,Cruelty by Husband and Relatives,06. Cruelty by Husband and Relatives,0.0,0.0,1.0,0.0,0.0,0.0,1.0,0.0,1.0,0.0,20.0,19.0,2.0,1.0,0.0,0.0,0.0,20.0
Daman & Diu,2003.0,Cruelty by Husband and Relatives,06. Cruelty by Husband and Relatives,2.0,0.0,1.0,0.0,0.0,0.0,1.0,0.0,0.0,1.0,6.0,7.0,0.0,1.0,2.0,0.0,0.0,8.0
Delhi,2003.0,Cruelty by Husband and Relatives,06. Cruelty by Husband and Relatives,81.0,21.0,314.0,0.0,10.0,9.0,335.0,1.0,911.0,45.0,590.0,367.0,1211.0,314.0,91.0,0.0,0.0,681.0
Goa,2003.0,Cruelty by Husband and Relatives,06. Cruelty by Husband and Relatives,3.0,2.0,14.0,2.0,1.0,0.0,16.0,0.0,14.0,6.0,38.0,30.0,24.0,14.0,4.0,0.0,0.0,44.0
Gujarat,2003.0,Cruelty by Husband and Relatives,06. Cruelty by Husband and Relatives,1387.0,53.0,3522.0,218.0,56.0,75.0,3575.0,13.0,226.0,205.0,19382.0,17521.0,3684.0,3522.0,1443.0,0.0,0.0,21043.0
Haryana,2003.0,Cruelty by Husband and Relatives,06. Cruelty by Husband and Relatives,656.0,235.0,985.0,21.0,66.0,415.0,1220.0,0.0,146.0,163.0,3364.0,3122.0,1618.0,985.0,722.0,0.0,0.0,4107.0
Himachal Pradesh,2003.0,Cruelty by Husband and Relatives,06. Cruelty by Husband and Relatives,139.0,0.0,209.0,47.0,10.0,16.0,209.0,0.0,36.0,40.0,1022.0,1009.0,221.0,209.0,149.0,0.0,0.0,1218.0
Jammu & Kashmir,2003.0,Cruelty by Husband and Relatives,06. Cruelty by Husband and Relatives,47.0,1.0,58.0,5.0,7.0,10.0,59.0,0.0,21.0,19.0,78.0,79.0,71.0,58.0,54.0,0.0,0.0,137.0
Jharkhand,2003.0,Cruelty by Husband and Relatives,06. Cruelty by Husband and Relatives,264.0,45.0,461.0,47.0,47.0,5.0,506.0,0.0,487.0,439.0,1980.0,1877.0,559.0,461.0,311.0,0.0,0.0,2338.0
Karnataka,2003.0,Cruelty by Husband and Relatives,06. Cruelty by Husband and Relatives,1036.0,61.0,1521.0,138.0,47.0,164.0,1582.0,19.0,274.0,335.0,4380.0,4080.0,1704.0,1521.0,1083.0,0.0,0.0,5601.0
Kerala,2003.0,Cruelty by Husband and Relatives,06. Cruelty by Husband and Relatives,1289.0,65.0,2311.0,156.0,96.0,363.0,2376.0,56.0,892.0,757.0,8480.0,7710.0,2930.0,2311.0,1385.0,0.0,0.0,10021.0
Lakshadweep,2003.0,Cruelty by Husband and Relatives,06. Cruelty by Husband and Relatives,0.0,0.0,0.0,0.0,0.0,0.0,0.0,0.0,1.0,0.0,0.0,0.0,1.0,0.0,0.0,0.0,0.0,0.0
Madhya Pradesh,2003.0,Cruelty by Husband and Relatives,06. Cruelty by Husband and Relatives,1192.0,20.0,2934.0,580.0,645.0,5.0,2954.0,0.0,109.0,130.0,10535.0,10018.0,2938.0,2934.0,1837.0,0.0,0.0,12952.0
Maharashtra,2003.0,Cruelty by Husband and Relatives,06. Cruelty by Husband and Relatives,4024.0,31.0,5368.0,568.0,176.0,22.0,5399.0,0.0,888.0,857.0,40083.0,39483.0,5452.0,5368.0,4200.0,0.0,0.0,44851.0
Manipur,2003.0,Cruelty by Husband and Relatives,06. Cruelty by Husband and Relatives,0.0,6.0,1.0,0.0,0.0,0.0,7.0,0.0,12.0,15.0,1.0,0.0,4.0,1.0,0.0,0.0,0.0,1.0
Meghalaya,2003.0,Cruelty by Husband and Relatives,06. Cruelty by Husband and Relatives,0.0,0.0,1.0,0.0,0.0,0.0,1.0,0.0,3.0,0.0,7.0,6.0,4.0,1.0,0.0,0.0,0.0,7.0
Mizoram,2003.0,Cruelty by Husband and Relatives,06. Cruelty by Husband and Relatives,0.0,0.0,4.0,0.0,1.0,0.0,4.0,0.0,0.0,1.0,4.0,1.0,3.0,4.0,1.0,0.0,0.0,5.0
Nagaland,2003.0,Cruelty by Husband and Relatives,06. Cruelty by Husband and Relatives,0.0,0.0,0.0,0.0,0.0,0.0,0.0,0.0,1.0,1.0,1.0,1.0,0.0,0.0,0.0,0.0,0.0,1.0
Odisha,2003.0,Cruelty by Husband and Relatives,06. Cruelty by Husband and Relatives,469.0,56.0,1308.0,0.0,94.0,62.0,1364.0,3.0,431.0,571.0,4216.0,3471.0,1289.0,1308.0,563.0,0.0,0.0,4779.0
Puducherry,2003.0,Cruelty by Husband and Relatives,06. Cruelty by Husband and Relatives,3.0,0.0,3.0,0.0,0.0,0.0,3.0,0.0,3.0,2.0,10.0,10.0,4.0,3.0,3.0,0.0,0.0,13.0
Punjab,2003.0,Cruelty by Husband and Relatives,06. Cruelty by Husband and Relatives,248.0,127.0,727.0,13.0,119.0,152.0,854.0,5.0,675.0,699.0,1770.0,1423.0,987.0,727.0,367.0,0.0,0.0,2150.0
Rajasthan,2003.0,Cruelty by Husband and Relatives,06. Cruelty by Husband and Relatives,1282.0,8.0,3443.0,539.0,778.0,2220.0,3451.0,0.0,406.0,344.0,12412.0,11568.0,5733.0,3443.0,2060.0,0.0,0.0,15011.0
Sikkim,2003.0,Cruelty by Husband and Relatives,06. Cruelty by Husband and Relatives,0.0,0.0,1.0,1.0,1.0,0.0,1.0,0.0,0.0,0.0,2.0,3.0,1.0,1.0,1.0,0.0,0.0,4.0
Tamil Nadu,2003.0,Cruelty by Husband and Relatives,06. Cruelty by Husband and Relatives,472.0,58.0,1158.0,34.0,93.0,183.0,1216.0,37.0,328.0,224.0,2369.0,1810.0,1555.0,1158.0,565.0,0.0,15.0,2968.0
Tripura,2003.0,Cruelty by Husband and Relatives,06. Cruelty by Husband and Relatives,87.0,45.0,189.0,0.0,44.0,0.0,234.0,0.0,160.0,147.0,437.0,379.0,247.0,189.0,131.0,0.0,0.0,568.0
Uttar Pradesh,2003.0,Cruelty by Husband and Relatives,06. Cruelty by Husband and Relatives,1031.0,402.0,1920.0,545.0,1064.0,300.0,2322.0,1.0,370.0,367.0,11007.0,11730.0,2626.0,1920.0,2095.0,3.0,0.0,13647.0
Uttarakhand,2003.0,Cruelty by Husband and Relatives,06. Cruelty by Husband and Relatives,33.0,56.0,202.0,7.0,85.0,36.0,258.0,0.0,60.0,37.0,530.0,453.0,317.0,202.0,118.0,0.0,0.0,655.0
West Bengal,2003.0,Cruelty by Husband and Relatives,06. Cruelty by Husband and Relatives,2047.0,137.0,4991.0,5.0,101.0,27.0,5128.0,6.0,3017.0,3230.0,25745.0,22907.0,4948.0,4991.0,2148.0,0.0,0.0,27898.0
Andaman & Nicobar Islands,2004.0,Cruelty by Husband and Relatives,06. Cruelty by Husband and Relatives,3.0,2.0,3.0,0.0,0.0,0.0,5.0,0.0,3.0,3.0,11.0,11.0,5.0,3.0,3.0,0.0,0.0,14.0
Andhra Pradesh,2004.0,Cruelty by Husband and Relatives,06. Cruelty by Husband and Relatives,2846.0,220.0,5851.0,1299.0,727.0,1558.0,6071.0,30.0,2632.0,1903.0,10114.0,9135.0,8388.0,5851.0,3573.0,0.0,0.0,14986.0
Arunachal Pradesh,2004.0,Cruelty by Husband and Relatives,06. Cruelty by Husband and Relatives,0.0,1.0,4.0,0.0,0.0,0.0,5.0,0.0,4.0,5.0,47.0,43.0,4.0,4.0,0.0,0.0,0.0,47.0
Assam,2004.0,Cruelty by Husband and Relatives,06. Cruelty by Husband and Relatives,803.0,368.0,1325.0,126.0,104.0,225.0,1693.0,1.0,1232.0,1206.0,2790.0,2498.0,1945.0,1325.0,907.0,0.0,0.0,3823.0
Bihar,2004.0,Cruelty by Husband and Relatives,06. Cruelty by Husband and Relatives,640.0,189.0,1163.0,57.0,142.0,77.0,1352.0,0.0,2400.0,1150.0,4044.0,3720.0,2679.0,1163.0,782.0,0.0,0.0,4883.0
Chandigarh,2004.0,Cruelty by Husband and Relatives,06. Cruelty by Husband and Relatives,9.0,2.0,53.0,0.0,2.0,35.0,55.0,0.0,31.0,48.0,178.0,136.0,73.0,53.0,11.0,0.0,0.0,189.0
Chhattisgarh,2004.0,Cruelty by Husband and Relatives,06. Cruelty by Husband and Relatives,260.0,15.0,736.0,176.0,125.0,2.0,751.0,0.0,25.0,37.0,3013.0,2838.0,741.0,736.0,385.0,0.0,0.0,3574.0
Dadra & Nagar Haveli,2004.0,Cruelty by Husband and Relatives,06. Cruelty by Husband and Relatives,4.0,0.0,3.0,0.0,0.0,0.0,3.0,0.0,1.0,1.0,19.0,20.0,3.0,3.0,4.0,0.0,0.0,23.0
Daman & Diu,2004.0,Cruelty by Husband and Relatives,06. Cruelty by Husband and Relatives,3.0,0.0,3.0,0.0,0.0,0.0,3.0,0.0,1.0,0.0,6.0,6.0,4.0,3.0,3.0,0.0,0.0,9.0
Delhi,2004.0,Cruelty by Husband and Relatives,06. Cruelty by Husband and Relatives,352.0,7.0,636.0,0.0,240.0,4.0,643.0,1.0,1517.0,911.0,634.0,590.0,1254.0,636.0,592.0,0.0,0.0,1226.0
Goa,2004.0,Cruelty by Husband and Relatives,06. Cruelty by Husband and Relatives,5.0,4.0,15.0,1.0,1.0,0.0,19.0,0.0,12.0,14.0,46.0,38.0,17.0,15.0,6.0,0.0,0.0,53.0
Gujarat,2004.0,Cruelty by Husband and Relatives,06. Cruelty by Husband and Relatives,1430.0,24.0,3861.0,311.0,86.0,38.0,3885.0,3.0,255.0,226.0,21416.0,19382.0,3955.0,3861.0,1516.0,0.0,0.0,23243.0
Haryana,2004.0,Cruelty by Husband and Relatives,06. Cruelty by Husband and Relatives,773.0,249.0,1105.0,2.0,123.0,559.0,1354.0,0.0,259.0,146.0,3571.0,3364.0,2026.0,1105.0,896.0,0.0,0.0,4469.0
Himachal Pradesh,2004.0,Cruelty by Husband and Relatives,06. Cruelty by Husband and Relatives,167.0,2.0,220.0,41.0,17.0,23.0,222.0,0.0,43.0,36.0,1017.0,1022.0,252.0,220.0,184.0,0.0,0.0,1242.0
Jammu & Kashmir,2004.0,Cruelty by Husband and Relatives,06. Cruelty by Husband and Relatives,16.0,2.0,71.0,13.0,4.0,6.0,73.0,0.0,24.0,21.0,116.0,78.0,82.0,71.0,20.0,0.0,0.0,149.0
Jharkhand,2004.0,Cruelty by Husband and Relatives,06. Cruelty by Husband and Relatives,264.0,45.0,461.0,47.0,47.0,5.0,506.0,0.0,564.0,487.0,2083.0,1980.0,588.0,461.0,311.0,0.0,0.0,2441.0
Karnataka,2004.0,Cruelty by Husband and Relatives,06. Cruelty by Husband and Relatives,1294.0,64.0,1286.0,63.0,65.0,169.0,1350.0,26.0,317.0,274.0,4244.0,4380.0,1588.0,1286.0,1359.0,0.0,0.0,5666.0
Kerala,2004.0,Cruelty by Husband and Relatives,06. Cruelty by Husband and Relatives,1564.0,66.0,2805.0,181.0,160.0,331.0,2871.0,68.0,844.0,892.0,9380.0,8480.0,3222.0,2805.0,1724.0,0.0,0.0,11285.0
Lakshadweep,2004.0,Cruelty by Husband and Relatives,06. Cruelty by Husband and Relatives,0.0,0.0,1.0,0.0,0.0,0.0,1.0,0.0,1.0,1.0,1.0,0.0,1.0,1.0,0.0,0.0,0.0,1.0
Madhya Pradesh,2004.0,Cruelty by Husband and Relatives,06. Cruelty by Husband and Relatives,1317.0,17.0,3403.0,784.0,739.0,15.0,3420.0,0.0,110.0,109.0,11098.0,10535.0,3436.0,3403.0,2056.0,0.0,0.0,13938.0
Maharashtra,2004.0,Cruelty by Husband and Relatives,06. Cruelty by Husband and Relatives,4060.0,25.0,5526.0,698.0,162.0,36.0,5551.0,1.0,946.0,888.0,40689.0,40083.0,5646.0,5526.0,4222.0,0.0,0.0,45609.0
Manipur,2004.0,Cruelty by Husband and Relatives,06. Cruelty by Husband and Relatives,0.0,2.0,2.0,0.0,0.0,0.0,4.0,0.0,10.0,12.0,3.0,1.0,2.0,2.0,0.0,0.0,0.0,3.0
Meghalaya,2004.0,Cruelty by Husband and Relatives,06. Cruelty by Husband and Relatives,0.0,3.0,1.0,1.0,0.0,0.0,4.0,0.0,4.0,3.0,7.0,7.0,5.0,1.0,0.0,0.0,0.0,8.0
Mizoram,2004.0,Cruelty by Husband and Relatives,06. Cruelty by Husband and Relatives,0.0,0.0,0.0,0.0,1.0,0.0,0.0,0.0,0.0,0.0,3.0,4.0,0.0,0.0,1.0,0.0,0.0,4.0
Nagaland,2004.0,Cruelty by Husband and Relatives,06. Cruelty by Husband and Relatives,0.0,0.0,1.0,0.0,2.0,0.0,1.0,0.0,0.0,1.0,0.0,1.0,0.0,1.0,2.0,0.0,0.0,2.0
Odisha,2004.0,Cruelty by Husband and Relatives,06. Cruelty by Husband and Relatives,684.0,23.0,1131.0,4.0,115.0,46.0,1154.0,0.0,422.0,431.0,4544.0,4216.0,1192.0,1131.0,799.0,0.0,1.0,5347.0
Puducherry,2004.0,Cruelty by Husband and Relatives,06. Cruelty by Husband and Relatives,7.0,0.0,4.0,0.0,0.0,1.0,4.0,0.0,0.0,3.0,7.0,10.0,2.0,4.0,7.0,0.0,0.0,14.0
Punjab,2004.0,Cruelty by Husband and Relatives,06. Cruelty by Husband and Relatives,295.0,172.0,597.0,29.0,95.0,102.0,769.0,12.0,593.0,675.0,1948.0,1770.0,801.0,597.0,390.0,0.0,0.0,2367.0
Rajasthan,2004.0,Cruelty by Husband and Relatives,06. Cruelty by Husband and Relatives,1306.0,19.0,4100.0,448.0,1016.0,2729.0,4119.0,0.0,339.0,406.0,13742.0,12412.0,6781.0,4100.0,2322.0,0.0,0.0,16512.0
Sikkim,2004.0,Cruelty by Husband and Relatives,06. Cruelty by Husband and Relatives,1.0,0.0,1.0,1.0,0.0,0.0,1.0,0.0,0.0,0.0,1.0,2.0,1.0,1.0,1.0,0.0,0.0,3.0
Tamil Nadu,2004.0,Cruelty by Husband and Relatives,06. Cruelty by Husband and Relatives,621.0,44.0,1316.0,96.0,181.0,106.0,1360.0,51.0,248.0,328.0,2787.0,2369.0,1437.0,1316.0,802.0,0.0,0.0,3685.0
Tripura,2004.0,Cruelty by Husband and Relatives,06. Cruelty by Husband and Relatives,118.0,44.0,278.0,0.0,35.0,5.0,322.0,0.0,135.0,160.0,562.0,437.0,302.0,278.0,153.0,0.0,0.0,715.0
Uttar Pradesh,2004.0,Cruelty by Husband and Relatives,06. Cruelty by Husband and Relatives,1006.0,899.0,3356.0,831.0,1329.0,389.0,4255.0,0.0,676.0,370.0,11197.0,11007.0,4950.0,3356.0,2335.0,0.0,0.0,14363.0
Uttarakhand,2004.0,Cruelty by Husband and Relatives,06. Cruelty by Husband and Relatives,38.0,53.0,320.0,26.0,61.0,27.0,373.0,0.0,65.0,60.0,725.0,530.0,405.0,320.0,99.0,0.0,0.0,850.0
West Bengal,2004.0,Cruelty by Husband and Relatives,06. Cruelty by Husband and Relatives,932.0,273.0,5974.0,7.0,125.0,19.0,6247.0,2.0,3083.0,3017.0,30655.0,25745.0,6334.0,5974.0,1057.0,0.0,0.0,31719.0
Andaman & Nicobar Islands,2005.0,Cruelty by Husband and Relatives,06. Cruelty by Husband and Relatives,0.0,3.0,1.0,0.0,0.0,0.0,4.0,0.0,4.0,3.0,12.0,11.0,5.0,1.0,0.0,0.0,0.0,12.0
Andhra Pradesh,2005.0,Cruelty by Husband and Relatives,06. Cruelty by Husband and Relatives,3276.0,209.0,6991.0,1570.0,603.0,1549.0,7200.0,0.0,2579.0,2632.0,11656.0,10114.0,8696.0,6991.0,3879.0,0.0,0.0,17105.0
Arunachal Pradesh,2005.0,Cruelty by Husband and Relatives,06. Cruelty by Husband and Relatives,2.0,2.0,7.0,0.0,1.0,0.0,9.0,0.0,4.0,4.0,51.0,47.0,9.0,7.0,3.0,0.0,0.0,54.0
Assam,2005.0,Cruelty by Husband and Relatives,06. Cruelty by Husband and Relatives,939.0,501.0,1480.0,148.0,148.0,196.0,1981.0,0.0,1261.0,1232.0,3035.0,2790.0,2206.0,1480.0,1087.0,0.0,0.0,4270.0
Bihar,2005.0,Cruelty by Husband and Relatives,06. Cruelty by Husband and Relatives,687.0,134.0,1193.0,48.0,163.0,55.0,1327.0,0.0,2592.0,2400.0,4339.0,4044.0,1574.0,1193.0,850.0,0.0,0.0,5237.0
Chandigarh,2005.0,Cruelty by Husband and Relatives,06. Cruelty by Husband and Relatives,10.0,2.0,67.0,0.0,0.0,4.0,69.0,0.0,33.0,31.0,235.0,178.0,75.0,67.0,10.0,0.0,0.0,245.0
Chhattisgarh,2005.0,Cruelty by Husband and Relatives,06. Cruelty by Husband and Relatives,244.0,18.0,693.0,109.0,183.0,0.0,711.0,0.0,46.0,25.0,3170.0,3013.0,732.0,693.0,427.0,0.0,0.0,3706.0
Dadra & Nagar Haveli,2005.0,Cruelty by Husband and Relatives,06. Cruelty by Husband and Relatives,6.0,0.0,4.0,0.0,0.0,0.0,4.0,0.0,2.0,1.0,17.0,19.0,5.0,4.0,6.0,0.0,0.0,23.0
Daman & Diu,2005.0,Cruelty by Husband and Relatives,06. Cruelty by Husband and Relatives,1.0,0.0,4.0,0.0,0.0,0.0,4.0,0.0,0.0,1.0,9.0,6.0,3.0,4.0,1.0,0.0,0.0,10.0
Delhi,2005.0,Cruelty by Husband and Relatives,06. Cruelty by Husband and Relatives,324.0,36.0,703.0,0.0,84.0,2.0,739.0,7.0,2093.0,1517.0,929.0,634.0,1324.0,703.0,408.0,0.0,0.0,1337.0
Goa,2005.0,Cruelty by Husband and Relatives,06. Cruelty by Husband and Relatives,4.0,2.0,10.0,1.0,0.0,0.0,12.0,0.0,11.0,12.0,51.0,46.0,11.0,10.0,4.0,0.0,0.0,56.0
Gujarat,2005.0,Cruelty by Husband and Relatives,06. Cruelty by Husband and Relatives,1650.0,26.0,3989.0,264.0,135.0,28.0,4015.0,1.0,301.0,255.0,23356.0,21416.0,4090.0,3989.0,1785.0,0.0,0.0,25405.0
Haryana,2005.0,Cruelty by Husband and Relatives,06. Cruelty by Husband and Relatives,722.0,208.0,1181.0,6.0,92.0,603.0,1389.0,0.0,342.0,259.0,3932.0,3571.0,2075.0,1181.0,814.0,0.0,0.0,4752.0
Himachal Pradesh,2005.0,Cruelty by Husband and Relatives,06. Cruelty by Husband and Relatives,202.0,1.0,211.0,57.0,12.0,20.0,212.0,0.0,39.0,43.0,957.0,1017.0,228.0,211.0,214.0,0.0,0.0,1228.0
Jammu & Kashmir,2005.0,Cruelty by Husband and Relatives,06. Cruelty by Husband and Relatives,22.0,0.0,64.0,16.0,0.0,13.0,64.0,0.0,23.0,24.0,142.0,116.0,76.0,64.0,22.0,0.0,0.0,180.0
Jharkhand,2005.0,Cruelty by Husband and Relatives,06. Cruelty by Husband and Relatives,989.0,53.0,403.0,42.0,120.0,7.0,456.0,0.0,691.0,564.0,1335.0,2083.0,590.0,403.0,1109.0,0.0,0.0,2486.0
Karnataka,2005.0,Cruelty by Husband and Relatives,06. Cruelty by Husband and Relatives,1465.0,64.0,1536.0,100.0,74.0,189.0,1600.0,37.0,359.0,317.0,4141.0,4244.0,1883.0,1536.0,1539.0,0.0,15.0,5780.0
Kerala,2005.0,Cruelty by Husband and Relatives,06. Cruelty by Husband and Relatives,1801.0,62.0,2812.0,102.0,136.0,295.0,2874.0,0.0,958.0,844.0,10153.0,9380.0,3283.0,2812.0,1937.0,0.0,0.0,12192.0
Lakshadweep,2005.0,Cruelty by Husband and Relatives,06. Cruelty by Husband and Relatives,0.0,0.0,1.0,0.0,0.0,0.0,1.0,0.0,0.0,1.0,2.0,1.0,0.0,1.0,0.0,0.0,0.0,2.0
Madhya Pradesh,2005.0,Cruelty by Husband and Relatives,06. Cruelty by Husband and Relatives,1403.0,23.0,2909.0,819.0,665.0,4.0,2932.0,0.0,163.0,110.0,11120.0,11098.0,2989.0,2909.0,2068.0,0.0,0.0,14007.0
Maharashtra,2005.0,Cruelty by Husband and Relatives,06. Cruelty by Husband and Relatives,4062.0,26.0,6076.0,565.0,161.0,54.0,6102.0,0.0,1023.0,946.0,41976.0,40689.0,6233.0,6076.0,4223.0,1.0,0.0,46764.0
Manipur,2005.0,Cruelty by Husband and Relatives,06. Cruelty by Husband and Relatives,0.0,7.0,1.0,0.0,0.0,0.0,8.0,0.0,22.0,10.0,4.0,3.0,20.0,1.0,0.0,0.0,0.0,4.0
Meghalaya,2005.0,Cruelty by Husband and Relatives,06. Cruelty by Husband and Relatives,3.0,3.0,2.0,0.0,0.0,0.0,5.0,0.0,2.0,4.0,6.0,7.0,3.0,2.0,3.0,0.0,0.0,9.0
Mizoram,2005.0,Cruelty by Husband and Relatives,06. Cruelty by Husband and Relatives,0.0,0.0,0.0,1.0,1.0,0.0,0.0,0.0,0.0,0.0,1.0,3.0,0.0,0.0,1.0,0.0,0.0,3.0
Nagaland,2005.0,Cruelty by Husband and Relatives,06. Cruelty by Husband and Relatives,0.0,0.0,0.0,0.0,0.0,0.0,0.0,0.0,0.0,0.0,0.0,0.0,0.0,0.0,0.0,0.0,0.0,0.0
Odisha,2005.0,Cruelty by Husband and Relatives,06. Cruelty by Husband and Relatives,578.0,28.0,1388.0,0.0,86.0,53.0,1416.0,1.0,623.0,422.0,5268.0,4544.0,1671.0,1388.0,664.0,0.0,0.0,5932.0
Puducherry,2005.0,Cruelty by Husband and Relatives,06. Cruelty by Husband and Relatives,2.0,0.0,3.0,0.0,0.0,0.0,3.0,1.0,2.0,0.0,8.0,7.0,6.0,3.0,2.0,0.0,0.0,10.0
Punjab,2005.0,Cruelty by Husband and Relatives,06. Cruelty by Husband and Relatives,271.0,117.0,510.0,26.0,48.0,89.0,627.0,11.0,595.0,593.0,2113.0,1948.0,729.0,510.0,319.0,0.0,0.0,2458.0
Rajasthan,2005.0,Cruelty by Husband and Relatives,06. Cruelty by Husband and Relatives,1262.0,35.0,3621.0,654.0,822.0,2408.0,3656.0,0.0,272.0,339.0,14625.0,13742.0,5997.0,3621.0,2084.0,0.0,0.0,17363.0
Sikkim,2005.0,Cruelty by Husband and Relatives,06. Cruelty by Husband and Relatives,0.0,2.0,0.0,0.0,1.0,0.0,2.0,0.0,2.0,0.0,0.0,1.0,4.0,0.0,1.0,0.0,0.0,1.0
Tamil Nadu,2005.0,Cruelty by Husband and Relatives,06. Cruelty by Husband and Relatives,1028.0,66.0,1307.0,12.0,196.0,180.0,1373.0,8.0,337.0,248.0,2858.0,2787.0,1650.0,1307.0,1224.0,0.0,0.0,4094.0
Tripura,2005.0,Cruelty by Husband and Relatives,06. Cruelty by Husband and Relatives,200.0,43.0,402.0,0.0,43.0,2.0,445.0,0.0,127.0,135.0,721.0,562.0,439.0,402.0,243.0,0.0,0.0,964.0
Uttar Pradesh,2005.0,Cruelty by Husband and Relatives,06. Cruelty by Husband and Relatives,1092.0,836.0,3375.0,547.0,1452.0,349.0,4211.0,0.0,621.0,676.0,11481.0,11197.0,4505.0,3375.0,2544.0,0.0,0.0,14572.0
Uttarakhand,2005.0,Cruelty by Husband and Relatives,06. Cruelty by Husband and Relatives,42.0,48.0,185.0,61.0,47.0,26.0,233.0,0.0,78.0,65.0,760.0,725.0,272.0,185.0,89.0,0.0,0.0,910.0
West Bengal,2005.0,Cruelty by Husband and Relatives,06. Cruelty by Husband and Relatives,1840.0,185.0,6699.0,21.0,466.0,15.0,6884.0,4.0,3116.0,3083.0,35027.0,30655.0,6936.0,6699.0,2306.0,0.0,0.0,37354.0
Andaman & Nicobar Islands,2006.0,Cruelty by Husband and Relatives,06. Cruelty by Husband and Relatives,0.0,2.0,8.0,0.0,0.0,0.0,10.0,0.0,1.0,4.0,20.0,12.0,7.0,8.0,0.0,0.0,0.0,20.0
Andhra Pradesh,2006.0,Cruelty by Husband and Relatives,06. Cruelty by Husband and Relatives,3163.0,137.0,6258.0,1905.0,687.0,1234.0,6395.0,0.0,4114.0,2579.0,12157.0,11656.0,9164.0,6258.0,3850.0,2.0,0.0,17912.0
Arunachal Pradesh,2006.0,Cruelty by Husband and Relatives,06. Cruelty by Husband and Relatives,2.0,5.0,8.0,2.0,3.0,0.0,13.0,0.0,5.0,4.0,52.0,51.0,14.0,8.0,5.0,0.0,0.0,59.0
Assam,2006.0,Cruelty by Husband and Relatives,06. Cruelty by Husband and Relatives,943.0,530.0,1476.0,125.0,235.0,230.0,2006.0,0.0,1573.0,1261.0,3208.0,3035.0,2548.0,1476.0,1178.0,0.0,0.0,4511.0
Bihar,2006.0,Cruelty by Husband and Relatives,06. Cruelty by Husband and Relatives,889.0,233.0,1237.0,180.0,206.0,93.0,1470.0,0.0,2718.0,2592.0,4301.0,4339.0,1689.0,1237.0,1095.0,0.0,0.0,5576.0
Chandigarh,2006.0,Cruelty by Husband and Relatives,06. Cruelty by Husband and Relatives,18.0,23.0,40.0,0.0,0.0,13.0,63.0,0.0,59.0,33.0,257.0,235.0,102.0,40.0,18.0,0.0,0.0,275.0
Chhattisgarh,2006.0,Cruelty by Husband and Relatives,06. Cruelty by Husband and Relatives,258.0,5.0,705.0,39.0,186.0,1.0,710.0,0.0,52.0,46.0,3392.0,3170.0,717.0,705.0,444.0,0.0,0.0,3875.0
Dadra & Nagar Haveli,2006.0,Cruelty by Husband and Relatives,06. Cruelty by Husband and Relatives,3.0,0.0,5.0,0.0,0.0,0.0,5.0,0.0,2.0,2.0,19.0,17.0,5.0,5.0,3.0,0.0,0.0,22.0
Daman & Diu,2006.0,Cruelty by Husband and Relatives,06. Cruelty by Husband and Relatives,1.0,0.0,2.0,0.0,0.0,0.0,2.0,0.0,0.0,0.0,11.0,10.0,2.0,2.0,1.0,0.0,0.0,12.0
Delhi,2006.0,Cruelty by Husband and Relatives,06. Cruelty by Husband and Relatives,401.0,44.0,739.0,0.0,113.0,7.0,783.0,13.0,3018.0,2093.0,1154.0,929.0,1728.0,739.0,514.0,0.0,0.0,1668.0
Goa,2006.0,Cruelty by Husband and Relatives,06. Cruelty by Husband and Relatives,5.0,4.0,10.0,0.0,0.0,0.0,14.0,0.0,11.0,11.0,56.0,51.0,14.0,10.0,5.0,0.0,0.0,61.0
Gujarat,2006.0,Cruelty by Husband and Relatives,06. Cruelty by Husband and Relatives,1656.0,31.0,4674.0,279.0,95.0,21.0,4705.0,2.0,550.0,301.0,26000.0,23356.0,4977.0,4674.0,1751.0,0.0,0.0,28030.0
Haryana,2006.0,Cruelty by Husband and Relatives,06. Cruelty by Husband and Relatives,612.0,177.0,1329.0,15.0,100.0,642.0,1506.0,0.0,448.0,342.0,4534.0,3932.0,2254.0,1329.0,712.0,0.0,0.0,5261.0
Himachal Pradesh,2006.0,Cruelty by Husband and Relatives,06. Cruelty by Husband and Relatives,130.0,0.0,205.0,68.0,11.0,26.0,205.0,0.0,67.0,39.0,953.0,957.0,259.0,205.0,141.0,0.0,0.0,1162.0
Jammu & Kashmir,2006.0,Cruelty by Husband and Relatives,06. Cruelty by Husband and Relatives,24.0,1.0,100.0,34.0,2.0,14.0,101.0,0.0,43.0,23.0,182.0,142.0,135.0,100.0,26.0,0.0,0.0,242.0
Jharkhand,2006.0,Cruelty by Husband and Relatives,06. Cruelty by Husband and Relatives,533.0,41.0,462.0,34.0,259.0,7.0,503.0,0.0,849.0,691.0,971.0,1335.0,668.0,462.0,792.0,0.0,0.0,1797.0
Karnataka,2006.0,Cruelty by Husband and Relatives,06. Cruelty by Husband and Relatives,1621.0,47.0,1829.0,276.0,97.0,205.0,1876.0,24.0,372.0,359.0,3976.0,4141.0,2129.0,1829.0,1718.0,0.0,11.0,5970.0
Kerala,2006.0,Cruelty by Husband and Relatives,06. Cruelty by Husband and Relatives,1906.0,80.0,3200.0,141.0,239.0,312.0,3280.0,0.0,1074.0,958.0,11067.0,10153.0,3708.0,3200.0,2145.0,0.0,0.0,13353.0
Lakshadweep,2006.0,Cruelty by Husband and Relatives,06. Cruelty by Husband and Relatives,0.0,0.0,0.0,0.0,0.0,0.0,0.0,0.0,1.0,0.0,1.0,1.0,1.0,0.0,0.0,0.0,0.0,1.0
Madhya Pradesh,2006.0,Cruelty by Husband and Relatives,06. Cruelty by Husband and Relatives,1020.0,39.0,2938.0,677.0,1001.0,9.0,2977.0,0.0,166.0,163.0,11360.0,11120.0,2989.0,2938.0,2021.0,0.0,0.0,14058.0
Maharashtra,2006.0,Cruelty by Husband and Relatives,06. Cruelty by Husband and Relatives,3480.0,39.0,6189.0,508.0,134.0,153.0,6228.0,1.0,1379.0,1023.0,44042.0,41976.0,6738.0,6189.0,3614.0,1.0,0.0,48164.0
Manipur,2006.0,Cruelty by Husband and Relatives,06. Cruelty by Husband and Relatives,0.0,4.0,0.0,0.0,0.0,0.0,4.0,0.0,28.0,22.0,4.0,4.0,10.0,0.0,0.0,0.0,0.0,4.0
Meghalaya,2006.0,Cruelty by Husband and Relatives,06. Cruelty by Husband and Relatives,0.0,4.0,6.0,0.0,0.0,0.0,10.0,0.0,5.0,2.0,12.0,6.0,13.0,6.0,0.0,0.0,0.0,12.0
Mizoram,2006.0,Cruelty by Husband and Relatives,06. Cruelty by Husband and Relatives,0.0,0.0,0.0,0.0,1.0,0.0,0.0,0.0,1.0,0.0,0.0,1.0,1.0,0.0,1.0,0.0,0.0,1.0
Nagaland,2006.0,Cruelty by Husband and Relatives,06. Cruelty by Husband and Relatives,0.0,0.0,2.0,0.0,1.0,0.0,2.0,0.0,1.0,0.0,1.0,0.0,3.0,2.0,1.0,0.0,0.0,2.0
Odisha,2006.0,Cruelty by Husband and Relatives,06. Cruelty by Husband and Relatives,640.0,15.0,1103.0,0.0,96.0,65.0,1118.0,1.0,133.0,623.0,5635.0,5268.0,694.0,1103.0,736.0,0.0,0.0,6371.0
Puducherry,2006.0,Cruelty by Husband and Relatives,06. Cruelty by Husband and Relatives,3.0,0.0,12.0,0.0,4.0,0.0,12.0,0.0,9.0,2.0,13.0,8.0,19.0,12.0,7.0,0.0,0.0,20.0
Punjab,2006.0,Cruelty by Husband and Relatives,06. Cruelty by Husband and Relatives,241.0,107.0,594.0,11.0,67.0,76.0,701.0,16.0,603.0,595.0,2388.0,2113.0,801.0,594.0,308.0,0.0,0.0,2707.0
Rajasthan,2006.0,Cruelty by Husband and Relatives,06. Cruelty by Husband and Relatives,1733.0,80.0,4223.0,683.0,1054.0,2777.0,4303.0,1.0,229.0,272.0,15378.0,14625.0,7038.0,4223.0,2787.0,0.0,0.0,18848.0
Sikkim,2006.0,Cruelty by Husband and Relatives,06. Cruelty by Husband and Relatives,1.0,0.0,3.0,1.0,1.0,0.0,3.0,0.0,5.0,2.0,0.0,0.0,6.0,3.0,2.0,0.0,0.0,3.0
Tamil Nadu,2006.0,Cruelty by Husband and Relatives,06. Cruelty by Husband and Relatives,808.0,68.0,1081.0,15.0,162.0,83.0,1149.0,32.0,317.0,337.0,2954.0,2858.0,1248.0,1081.0,970.0,0.0,4.0,3939.0
Tripura,2006.0,Cruelty by Husband and Relatives,06. Cruelty by Husband and Relatives,194.0,34.0,455.0,0.0,50.0,0.0,489.0,0.0,109.0,127.0,932.0,721.0,471.0,455.0,244.0,0.0,0.0,1176.0
Uttar Pradesh,2006.0,Cruelty by Husband and Relatives,06. Cruelty by Husband and Relatives,1174.0,934.0,3782.0,493.0,1559.0,337.0,4716.0,0.0,772.0,621.0,12037.0,11481.0,5204.0,3782.0,2733.0,0.0,0.0,15263.0
Uttarakhand,2006.0,Cruelty by Husband and Relatives,06. Cruelty by Husband and Relatives,37.0,72.0,268.0,136.0,25.0,22.0,340.0,0.0,74.0,78.0,830.0,760.0,358.0,268.0,62.0,0.0,0.0,1028.0
West Bengal,2006.0,Cruelty by Husband and Relatives,06. Cruelty by Husband and Relatives,2908.0,372.0,6941.0,57.0,469.0,38.0,7313.0,4.0,3175.0,3116.0,38534.0,35027.0,7414.0,6941.0,3377.0,0.0,0.0,41968.0
Andaman & Nicobar Islands,2007.0,Cruelty by Husband and Relatives,06. Cruelty by Husband and Relatives,2.0,2.0,10.0,0.0,1.0,0.0,12.0,0.0,7.0,1.0,27.0,20.0,18.0,10.0,3.0,0.0,0.0,30.0
Andhra Pradesh,2007.0,Cruelty by Husband and Relatives,06. Cruelty by Husband and Relatives,3605.0,152.0,9738.0,2503.0,979.0,1758.0,9890.0,0.0,3801.0,4114.0,14808.0,12157.0,11335.0,9738.0,4584.0,0.0,0.0,21895.0
Arunachal Pradesh,2007.0,Cruelty by Husband and Relatives,06. Cruelty by Husband and Relatives,2.0,4.0,16.0,0.0,0.0,0.0,20.0,0.0,5.0,5.0,66.0,52.0,20.0,16.0,2.0,0.0,0.0,68.0
Assam,2007.0,Cruelty by Husband and Relatives,06. Cruelty by Husband and Relatives,1044.0,453.0,1652.0,86.0,247.0,420.0,2105.0,0.0,2048.0,1573.0,3483.0,3208.0,3000.0,1652.0,1291.0,0.0,0.0,4860.0
Bihar,2007.0,Cruelty by Husband and Relatives,06. Cruelty by Husband and Relatives,853.0,237.0,1507.0,136.0,154.0,167.0,1744.0,0.0,2442.0,2718.0,4665.0,4301.0,1635.0,1507.0,1007.0,0.0,0.0,5808.0
Chandigarh,2007.0,Cruelty by Husband and Relatives,06. Cruelty by Husband and Relatives,20.0,22.0,53.0,0.0,1.0,14.0,75.0,0.0,82.0,59.0,289.0,257.0,112.0,53.0,21.0,0.0,0.0,310.0
Chhattisgarh,2007.0,Cruelty by Husband and Relatives,06. Cruelty by Husband and Relatives,266.0,7.0,806.0,118.0,116.0,5.0,813.0,0.0,58.0,52.0,3698.0,3392.0,824.0,806.0,382.0,0.0,0.0,4198.0
Dadra & Nagar Haveli,2007.0,Cruelty by Husband and Relatives,06. Cruelty by Husband and Relatives,2.0,0.0,3.0,0.0,0.0,0.0,3.0,0.0,2.0,2.0,20.0,19.0,3.0,3.0,2.0,0.0,0.0,22.0
Daman & Diu,2007.0,Cruelty by Husband and Relatives,06. Cruelty by Husband and Relatives,0.0,0.0,3.0,0.0,0.0,0.0,3.0,0.0,0.0,0.0,14.0,11.0,3.0,3.0,0.0,0.0,0.0,14.0
Delhi,2007.0,Cruelty by Husband and Relatives,06. Cruelty by Husband and Relatives,389.0,42.0,699.0,0.0,126.0,12.0,741.0,6.0,4045.0,3018.0,1338.0,1154.0,1787.0,699.0,515.0,0.0,1.0,1853.0
Goa,2007.0,Cruelty by Husband and Relatives,06. Cruelty by Husband and Relatives,11.0,1.0,9.0,1.0,1.0,0.0,10.0,0.0,15.0,11.0,52.0,56.0,14.0,9.0,12.0,0.0,0.0,65.0
Gujarat,2007.0,Cruelty by Husband and Relatives,06. Cruelty by Husband and Relatives,1988.0,34.0,5694.0,265.0,151.0,18.0,5728.0,4.0,626.0,550.0,29290.0,26000.0,5827.0,5694.0,2139.0,0.0,1.0,31694.0
Haryana,2007.0,Cruelty by Husband and Relatives,06. Cruelty by Husband and Relatives,674.0,185.0,1493.0,20.0,79.0,641.0,1678.0,0.0,541.0,448.0,5254.0,4534.0,2412.0,1493.0,753.0,0.0,0.0,6027.0
Himachal Pradesh,2007.0,Cruelty by Husband and Relatives,06. Cruelty by Husband and Relatives,159.0,3.0,292.0,67.0,10.0,19.0,295.0,0.0,95.0,67.0,1009.0,953.0,342.0,292.0,169.0,0.0,0.0,1245.0
Jammu & Kashmir,2007.0,Cruelty by Husband and Relatives,06. Cruelty by Husband and Relatives,35.0,1.0,124.0,21.0,0.0,22.0,125.0,0.0,72.0,43.0,250.0,182.0,176.0,124.0,35.0,0.0,0.0,306.0
Jharkhand,2007.0,Cruelty by Husband and Relatives,06. Cruelty by Husband and Relatives,338.0,51.0,539.0,39.0,130.0,50.0,590.0,0.0,1010.0,849.0,1003.0,971.0,801.0,539.0,468.0,0.0,0.0,1510.0
Karnataka,2007.0,Cruelty by Husband and Relatives,06. Cruelty by Husband and Relatives,1379.0,112.0,1981.0,103.0,91.0,254.0,2093.0,31.0,501.0,372.0,4383.0,3976.0,2507.0,1981.0,1470.0,1.0,0.0,5956.0
Kerala,2007.0,Cruelty by Husband and Relatives,06. Cruelty by Husband and Relatives,2358.0,92.0,3626.0,122.0,138.0,309.0,3718.0,0.0,1046.0,1074.0,12075.0,11067.0,3999.0,3626.0,2496.0,0.0,0.0,14693.0
Lakshadweep,2007.0,Cruelty by Husband and Relatives,06. Cruelty by Husband and Relatives,0.0,0.0,0.0,0.0,0.0,0.0,0.0,0.0,3.0,1.0,1.0,1.0,2.0,0.0,0.0,0.0,0.0,1.0
Madhya Pradesh,2007.0,Cruelty by Husband and Relatives,06. Cruelty by Husband and Relatives,1403.0,28.0,3275.0,827.0,890.0,12.0,3303.0,0.0,145.0,166.0,11515.0,11360.0,3294.0,3275.0,2293.0,0.0,0.0,14635.0
Maharashtra,2007.0,Cruelty by Husband and Relatives,06. Cruelty by Husband and Relatives,3722.0,58.0,6647.0,501.0,121.0,203.0,6705.0,0.0,1827.0,1379.0,46345.0,44042.0,7356.0,6647.0,3843.0,0.0,0.0,50689.0
Manipur,2007.0,Cruelty by Husband and Relatives,06. Cruelty by Husband and Relatives,0.0,4.0,0.0,0.0,0.0,0.0,4.0,0.0,39.0,28.0,4.0,4.0,15.0,0.0,0.0,0.0,0.0,4.0
Meghalaya,2007.0,Cruelty by Husband and Relatives,06. Cruelty by Husband and Relatives,0.0,4.0,5.0,1.0,0.0,0.0,9.0,0.0,15.0,5.0,16.0,12.0,19.0,5.0,0.0,0.0,0.0,17.0
Mizoram,2007.0,Cruelty by Husband and Relatives,06. Cruelty by Husband and Relatives,0.0,0.0,2.0,0.0,0.0,0.0,2.0,0.0,1.0,1.0,2.0,0.0,2.0,2.0,0.0,0.0,0.0,2.0
Nagaland,2007.0,Cruelty by Husband and Relatives,06. Cruelty by Husband and Relatives,0.0,0.0,1.0,0.0,0.0,0.0,1.0,0.0,0.0,1.0,2.0,1.0,0.0,1.0,0.0,0.0,0.0,2.0
Odisha,2007.0,Cruelty by Husband and Relatives,06. Cruelty by Husband and Relatives,571.0,18.0,758.0,0.0,131.0,26.0,776.0,1.0,58.0,133.0,5691.0,5635.0,728.0,758.0,702.0,0.0,0.0,6393.0
Puducherry,2007.0,Cruelty by Husband and Relatives,06. Cruelty by Husband and Relatives,5.0,0.0,22.0,0.0,0.0,0.0,22.0,0.0,4.0,9.0,30.0,13.0,17.0,22.0,5.0,0.0,0.0,35.0
Punjab,2007.0,Cruelty by Husband and Relatives,06. Cruelty by Husband and Relatives,254.0,130.0,606.0,6.0,64.0,74.0,736.0,0.0,764.0,603.0,2670.0,2388.0,971.0,606.0,318.0,0.0,0.0,2994.0
Rajasthan,2007.0,Cruelty by Husband and Relatives,06. Cruelty by Husband and Relatives,1539.0,78.0,4780.0,669.0,1129.0,3302.0,4858.0,1.0,238.0,229.0,16820.0,15378.0,8170.0,4780.0,2668.0,1.0,0.0,20157.0
Sikkim,2007.0,Cruelty by Husband and Relatives,06. Cruelty by Husband and Relatives,0.0,1.0,2.0,0.0,2.0,0.0,3.0,0.0,9.0,5.0,0.0,0.0,7.0,2.0,2.0,0.0,0.0,2.0
Tamil Nadu,2007.0,Cruelty by Husband and Relatives,06. Cruelty by Husband and Relatives,766.0,132.0,1489.0,7.0,206.0,133.0,1621.0,10.0,529.0,317.0,3464.0,2954.0,1976.0,1489.0,972.0,0.0,0.0,4443.0
Tripura,2007.0,Cruelty by Husband and Relatives,06. Cruelty by Husband and Relatives,391.0,43.0,559.0,0.0,63.0,0.0,602.0,0.0,52.0,109.0,1037.0,932.0,545.0,559.0,454.0,0.0,0.0,1491.0
Uttar Pradesh,2007.0,Cruelty by Husband and Relatives,06. Cruelty by Husband and Relatives,1667.0,1816.0,5013.0,635.0,1764.0,730.0,6829.0,0.0,863.0,772.0,12984.0,12037.0,7650.0,5013.0,3431.0,0.0,0.0,17050.0
Uttarakhand,2007.0,Cruelty by Husband and Relatives,06. Cruelty by Husband and Relatives,65.0,79.0,319.0,188.0,75.0,37.0,398.0,0.0,102.0,74.0,821.0,830.0,463.0,319.0,140.0,0.0,0.0,1149.0
West Bengal,2007.0,Cruelty by Husband and Relatives,06. Cruelty by Husband and Relatives,2283.0,196.0,9448.0,49.0,162.0,9.0,9644.0,2.0,3420.0,3175.0,45488.0,38534.0,9900.0,9448.0,2445.0,0.0,0.0,47982.0
Andaman & Nicobar Islands,2008.0,Cruelty by Husband and Relatives,06. Cruelty by Husband and Relatives,2.0,4.0,20.0,0.0,0.0,0.0,24.0,0.0,9.0,7.0,45.0,27.0,26.0,20.0,2.0,0.0,0.0,47.0
Andhra Pradesh,2008.0,Cruelty by Husband and Relatives,06. Cruelty by Husband and Relatives,3029.0,163.0,8762.0,3400.0,697.0,1464.0,8925.0,0.0,3718.0,3801.0,16444.0,14808.0,10306.0,8762.0,3726.0,0.0,0.0,23570.0
Arunachal Pradesh,2008.0,Cruelty by Husband and Relatives,06. Cruelty by Husband and Relatives,2.0,6.0,9.0,0.0,0.0,0.0,15.0,0.0,3.0,5.0,73.0,66.0,13.0,9.0,2.0,0.0,0.0,75.0
Assam,2008.0,Cruelty by Husband and Relatives,06. Cruelty by Husband and Relatives,828.0,599.0,2154.0,136.0,141.0,283.0,2753.0,0.0,2490.0,2048.0,4532.0,3483.0,3478.0,2154.0,969.0,0.0,0.0,5637.0
Bihar,2008.0,Cruelty by Husband and Relatives,06. Cruelty by Husband and Relatives,706.0,224.0,1537.0,141.0,197.0,229.0,1761.0,0.0,2444.0,2442.0,5158.0,4665.0,1992.0,1537.0,903.0,0.0,0.0,6202.0
Chandigarh,2008.0,Cruelty by Husband and Relatives,06. Cruelty by Husband and Relatives,11.0,8.0,27.0,0.0,1.0,16.0,35.0,0.0,80.0,82.0,304.0,289.0,49.0,27.0,12.0,0.0,0.0,316.0
Chhattisgarh,2008.0,Cruelty by Husband and Relatives,06. Cruelty by Husband and Relatives,281.0,8.0,858.0,71.0,113.0,1.0,866.0,5.0,83.0,58.0,4091.0,3698.0,897.0,858.0,394.0,0.0,0.0,4556.0
Dadra & Nagar Haveli,2008.0,Cruelty by Husband and Relatives,06. Cruelty by Husband and Relatives,7.0,0.0,5.0,0.0,0.0,0.0,5.0,0.0,1.0,2.0,18.0,20.0,4.0,5.0,7.0,0.0,0.0,25.0
Daman & Diu,2008.0,Cruelty by Husband and Relatives,06. Cruelty by Husband and Relatives,4.0,0.0,4.0,0.0,0.0,0.0,4.0,0.0,1.0,0.0,14.0,14.0,5.0,4.0,4.0,0.0,0.0,18.0
Delhi,2008.0,Cruelty by Husband and Relatives,06. Cruelty by Husband and Relatives,312.0,186.0,879.0,0.0,43.0,49.0,1065.0,12.0,4301.0,4045.0,1862.0,1338.0,1387.0,879.0,355.0,0.0,5.0,2217.0
Goa,2008.0,Cruelty by Husband and Relatives,06. Cruelty by Husband and Relatives,9.0,2.0,11.0,0.0,0.0,0.0,13.0,0.0,14.0,15.0,54.0,52.0,12.0,11.0,9.0,0.0,0.0,63.0
Gujarat,2008.0,Cruelty by Husband and Relatives,06. Cruelty by Husband and Relatives,2561.0,39.0,6073.0,360.0,140.0,21.0,6112.0,7.0,580.0,626.0,32302.0,29290.0,6094.0,6073.0,2701.0,0.0,0.0,35363.0
Haryana,2008.0,Cruelty by Husband and Relatives,06. Cruelty by Husband and Relatives,935.0,263.0,1556.0,39.0,102.0,648.0,1819.0,0.0,509.0,541.0,5734.0,5254.0,2435.0,1556.0,1037.0,0.0,0.0,6810.0
Himachal Pradesh,2008.0,Cruelty by Husband and Relatives,06. Cruelty by Husband and Relatives,128.0,1.0,296.0,31.0,9.0,36.0,297.0,0.0,105.0,95.0,1137.0,1009.0,343.0,296.0,137.0,0.0,0.0,1305.0
Jammu & Kashmir,2008.0,Cruelty by Husband and Relatives,06. Cruelty by Husband and Relatives,28.0,0.0,125.0,31.0,1.0,17.0,125.0,0.0,92.0,72.0,315.0,250.0,162.0,125.0,29.0,0.0,0.0,375.0
Jharkhand,2008.0,Cruelty by Husband and Relatives,06. Cruelty by Husband and Relatives,453.0,107.0,708.0,87.0,157.0,17.0,815.0,0.0,1029.0,1010.0,1014.0,1003.0,851.0,708.0,610.0,0.0,0.0,1711.0
Karnataka,2008.0,Cruelty by Husband and Relatives,06. Cruelty by Husband and Relatives,1294.0,45.0,2291.0,88.0,75.0,220.0,2336.0,34.0,537.0,501.0,5217.0,4383.0,2638.0,2291.0,1369.0,0.0,12.0,6674.0
Kerala,2008.0,Cruelty by Husband and Relatives,06. Cruelty by Husband and Relatives,2216.0,119.0,3653.0,109.0,153.0,282.0,3772.0,0.0,1130.0,1046.0,13250.0,12075.0,4138.0,3653.0,2369.0,0.0,0.0,15728.0
Lakshadweep,2008.0,Cruelty by Husband and Relatives,06. Cruelty by Husband and Relatives,0.0,0.0,0.0,0.0,0.0,0.0,0.0,0.0,4.0,3.0,1.0,1.0,1.0,0.0,0.0,0.0,0.0,1.0
Madhya Pradesh,2008.0,Cruelty by Husband and Relatives,06. Cruelty by Husband and Relatives,1567.0,27.0,3091.0,690.0,1306.0,5.0,3118.0,0.0,207.0,145.0,11043.0,11515.0,3185.0,3091.0,2873.0,0.0,0.0,14606.0
Maharashtra,2008.0,Cruelty by Husband and Relatives,06. Cruelty by Husband and Relatives,4152.0,165.0,7484.0,761.0,153.0,136.0,7649.0,0.0,1871.0,1827.0,48763.0,46345.0,7829.0,7484.0,4305.0,0.0,0.0,53829.0
Manipur,2008.0,Cruelty by Husband and Relatives,06. Cruelty by Husband and Relatives,0.0,5.0,0.0,0.0,0.0,0.0,5.0,0.0,62.0,39.0,4.0,4.0,28.0,0.0,0.0,0.0,0.0,4.0
Meghalaya,2008.0,Cruelty by Husband and Relatives,06. Cruelty by Husband and Relatives,4.0,6.0,5.0,2.0,2.0,0.0,11.0,0.0,36.0,15.0,13.0,16.0,32.0,5.0,6.0,0.0,0.0,21.0
Mizoram,2008.0,Cruelty by Husband and Relatives,06. Cruelty by Husband and Relatives,0.0,0.0,5.0,0.0,2.0,0.0,5.0,0.0,1.0,1.0,5.0,2.0,5.0,5.0,2.0,0.0,0.0,7.0
Nagaland,2008.0,Cruelty by Husband and Relatives,06. Cruelty by Husband and Relatives,1.0,1.0,3.0,0.0,1.0,0.0,4.0,0.0,0.0,0.0,3.0,2.0,4.0,3.0,2.0,0.0,0.0,5.0
Odisha,2008.0,Cruelty by Husband and Relatives,06. Cruelty by Husband and Relatives,686.0,15.0,1067.0,0.0,152.0,57.0,1082.0,5.0,532.0,58.0,5920.0,5691.0,1618.0,1067.0,838.0,0.0,0.0,6758.0
Puducherry,2008.0,Cruelty by Husband and Relatives,06. Cruelty by Husband and Relatives,5.0,0.0,6.0,0.0,0.0,1.0,6.0,0.0,9.0,4.0,31.0,30.0,12.0,6.0,5.0,0.0,0.0,36.0
Punjab,2008.0,Cruelty by Husband and Relatives,06. Cruelty by Husband and Relatives,286.0,148.0,721.0,1.0,65.0,115.0,869.0,0.0,764.0,764.0,3039.0,2670.0,984.0,721.0,351.0,0.0,0.0,3391.0
Rajasthan,2008.0,Cruelty by Husband and Relatives,06. Cruelty by Husband and Relatives,1512.0,0.0,4953.0,525.0,1197.0,3086.0,4953.0,0.0,312.0,238.0,18539.0,16820.0,8113.0,4953.0,2709.0,0.0,0.0,21773.0
Sikkim,2008.0,Cruelty by Husband and Relatives,06. Cruelty by Husband and Relatives,0.0,0.0,8.0,0.0,0.0,0.0,8.0,0.0,6.0,9.0,8.0,0.0,5.0,8.0,0.0,0.0,0.0,8.0
Tamil Nadu,2008.0,Cruelty by Husband and Relatives,06. Cruelty by Husband and Relatives,818.0,121.0,1477.0,10.0,307.0,150.0,1598.0,0.0,429.0,529.0,3806.0,3464.0,1648.0,1477.0,1125.0,0.0,0.0,4941.0
Tripura,2008.0,Cruelty by Husband and Relatives,06. Cruelty by Husband and Relatives,271.0,29.0,694.0,25.0,49.0,2.0,723.0,0.0,62.0,52.0,1386.0,1037.0,735.0,694.0,320.0,0.0,0.0,1731.0
Uttar Pradesh,2008.0,Cruelty by Husband and Relatives,06. Cruelty by Husband and Relatives,2065.0,1739.0,5837.0,730.0,2345.0,716.0,7576.0,0.0,883.0,863.0,13681.0,12984.0,8312.0,5837.0,4410.0,0.0,0.0,18821.0
Uttarakhand,2008.0,Cruelty by Husband and Relatives,06. Cruelty by Husband and Relatives,83.0,65.0,258.0,38.0,106.0,42.0,323.0,0.0,77.0,102.0,852.0,821.0,340.0,258.0,189.0,0.0,0.0,1079.0
West Bengal,2008.0,Cruelty by Husband and Relatives,06. Cruelty by Husband and Relatives,2381.0,279.0,10225.0,35.0,196.0,23.0,10504.0,5.0,6550.0,3420.0,53101.0,45488.0,13663.0,10225.0,2577.0,0.0,1.0,55713.0
Andaman & Nicobar Islands,2009.0,Cruelty by Husband and Relatives,06. Cruelty by Husband and Relatives,3.0,7.0,16.0,0.0,0.0,0.0,23.0,0.0,7.0,9.0,58.0,45.0,21.0,16.0,3.0,0.0,0.0,61.0
Andhra Pradesh,2009.0,Cruelty by Husband and Relatives,06. Cruelty by Husband and Relatives,4674.0,291.0,8981.0,2869.0,561.0,1185.0,9272.0,0.0,4558.0,3718.0,17321.0,16444.0,11297.0,8981.0,5235.0,0.0,0.0,25425.0
Arunachal Pradesh,2009.0,Cruelty by Husband and Relatives,06. Cruelty by Husband and Relatives,3.0,0.0,14.0,0.0,3.0,0.0,14.0,0.0,2.0,3.0,81.0,73.0,13.0,14.0,6.0,0.0,0.0,87.0
Assam,2009.0,Cruelty by Husband and Relatives,06. Cruelty by Husband and Relatives,1101.0,878.0,2632.0,212.0,281.0,276.0,3510.0,9.0,3093.0,2490.0,5570.0,4532.0,4398.0,2632.0,1382.0,0.0,0.0,7164.0
Bihar,2009.0,Cruelty by Husband and Relatives,06. Cruelty by Husband and Relatives,1139.0,415.0,1649.0,143.0,169.0,198.0,2064.0,0.0,2714.0,2444.0,5356.0,5158.0,2532.0,1649.0,1308.0,0.0,0.0,6807.0
Chandigarh,2009.0,Cruelty by Husband and Relatives,06. Cruelty by Husband and Relatives,17.0,1.0,7.0,0.0,7.0,30.0,8.0,0.0,93.0,80.0,287.0,304.0,51.0,7.0,24.0,0.0,0.0,311.0
Chhattisgarh,2009.0,Cruelty by Husband and Relatives,06. Cruelty by Husband and Relatives,387.0,5.0,903.0,64.0,59.0,7.0,908.0,0.0,61.0,83.0,4484.0,4091.0,893.0,903.0,446.0,0.0,0.0,4994.0
Dadra & Nagar Haveli,2009.0,Cruelty by Husband and Relatives,06. Cruelty by Husband and Relatives,2.0,0.0,0.0,0.0,0.0,0.0,0.0,0.0,4.0,1.0,16.0,18.0,3.0,0.0,2.0,0.0,0.0,18.0
Daman & Diu,2009.0,Cruelty by Husband and Relatives,06. Cruelty by Husband and Relatives,4.0,0.0,2.0,0.0,0.0,0.0,2.0,0.0,2.0,1.0,12.0,14.0,3.0,2.0,4.0,0.0,0.0,16.0
Delhi,2009.0,Cruelty by Husband and Relatives,06. Cruelty by Husband and Relatives,218.0,116.0,1046.0,0.0,78.0,46.0,1162.0,7.0,4332.0,4301.0,2612.0,1862.0,1283.0,1046.0,296.0,0.0,37.0,2908.0
Goa,2009.0,Cruelty by Husband and Relatives,06. Cruelty by Husband and Relatives,17.0,4.0,12.0,0.0,0.0,0.0,16.0,0.0,19.0,14.0,49.0,54.0,21.0,12.0,17.0,0.0,0.0,66.0
Gujarat,2009.0,Cruelty by Husband and Relatives,06. Cruelty by Husband and Relatives,2909.0,38.0,5392.0,211.0,106.0,17.0,5430.0,7.0,632.0,580.0,34468.0,32302.0,5506.0,5392.0,3015.0,0.0,0.0,37694.0
Haryana,2009.0,Cruelty by Husband and Relatives,06. Cruelty by Husband and Relatives,1005.0,201.0,1536.0,14.0,122.0,729.0,1737.0,0.0,660.0,509.0,6129.0,5734.0,2617.0,1536.0,1127.0,0.0,0.0,7270.0
Himachal Pradesh,2009.0,Cruelty by Husband and Relatives,06. Cruelty by Husband and Relatives,149.0,3.0,301.0,60.0,9.0,35.0,304.0,0.0,50.0,105.0,1220.0,1137.0,284.0,301.0,158.0,0.0,0.0,1438.0
Jammu & Kashmir,2009.0,Cruelty by Husband and Relatives,06. Cruelty by Husband and Relatives,19.0,0.0,169.0,49.0,2.0,30.0,169.0,0.0,89.0,92.0,414.0,315.0,196.0,169.0,21.0,0.0,0.0,484.0
Jharkhand,2009.0,Cruelty by Husband and Relatives,06. Cruelty by Husband and Relatives,413.0,130.0,809.0,86.0,304.0,17.0,939.0,0.0,783.0,1029.0,1020.0,1014.0,710.0,809.0,717.0,0.0,0.0,1823.0
Karnataka,2009.0,Cruelty by Husband and Relatives,06. Cruelty by Husband and Relatives,1510.0,70.0,2620.0,238.0,80.0,249.0,2690.0,44.0,733.0,537.0,6009.0,5217.0,3185.0,2620.0,1590.0,0.0,6.0,7837.0
Kerala,2009.0,Cruelty by Husband and Relatives,06. Cruelty by Husband and Relatives,2303.0,73.0,3923.0,183.0,181.0,188.0,3996.0,2.0,951.0,1130.0,14506.0,13250.0,4007.0,3923.0,2484.0,0.0,0.0,17173.0
Lakshadweep,2009.0,Cruelty by Husband and Relatives,06. Cruelty by Husband and Relatives,1.0,1.0,2.0,0.0,0.0,0.0,3.0,0.0,1.0,4.0,2.0,1.0,0.0,2.0,1.0,0.0,0.0,3.0
Madhya Pradesh,2009.0,Cruelty by Husband and Relatives,06. Cruelty by Husband and Relatives,1626.0,20.0,4031.0,858.0,918.0,3.0,4051.0,0.0,136.0,207.0,11672.0,11043.0,3983.0,4031.0,2544.0,0.0,0.0,15074.0
Maharashtra,2009.0,Cruelty by Husband and Relatives,06. Cruelty by Husband and Relatives,4003.0,93.0,7390.0,582.0,119.0,180.0,7483.0,1.0,1888.0,1871.0,51449.0,48763.0,7681.0,7390.0,4122.0,0.0,0.0,56153.0
Manipur,2009.0,Cruelty by Husband and Relatives,06. Cruelty by Husband and Relatives,0.0,8.0,0.0,0.0,0.0,0.0,8.0,0.0,79.0,62.0,4.0,4.0,25.0,0.0,0.0,0.0,0.0,4.0
Meghalaya,2009.0,Cruelty by Husband and Relatives,06. Cruelty by Husband and Relatives,2.0,6.0,10.0,0.0,1.0,0.0,16.0,0.0,44.0,36.0,20.0,13.0,24.0,10.0,3.0,0.0,0.0,23.0
Mizoram,2009.0,Cruelty by Husband and Relatives,06. Cruelty by Husband and Relatives,0.0,0.0,5.0,0.0,10.0,0.0,5.0,0.0,0.0,1.0,0.0,5.0,4.0,5.0,10.0,0.0,0.0,10.0
Nagaland,2009.0,Cruelty by Husband and Relatives,06. Cruelty by Husband and Relatives,0.0,0.0,0.0,0.0,2.0,0.0,0.0,0.0,0.0,0.0,1.0,3.0,0.0,0.0,2.0,0.0,0.0,3.0
Odisha,2009.0,Cruelty by Husband and Relatives,06. Cruelty by Husband and Relatives,663.0,14.0,1427.0,0.0,121.0,63.0,1441.0,0.0,1075.0,532.0,6563.0,5920.0,2047.0,1427.0,784.0,0.0,0.0,7347.0
Puducherry,2009.0,Cruelty by Husband and Relatives,06. Cruelty by Husband and Relatives,14.0,0.0,17.0,0.0,1.0,1.0,17.0,0.0,1.0,9.0,33.0,31.0,10.0,17.0,15.0,0.0,0.0,48.0
Punjab,2009.0,Cruelty by Husband and Relatives,06. Cruelty by Husband and Relatives,363.0,151.0,796.0,8.0,209.0,124.0,947.0,0.0,754.0,764.0,3255.0,3039.0,1061.0,796.0,572.0,0.0,0.0,3835.0
Rajasthan,2009.0,Cruelty by Husband and Relatives,06. Cruelty by Husband and Relatives,1558.0,260.0,5985.0,593.0,1275.0,4115.0,6245.0,0.0,323.0,312.0,21098.0,18539.0,10371.0,5985.0,2833.0,0.0,0.0,24524.0
Sikkim,2009.0,Cruelty by Husband and Relatives,06. Cruelty by Husband and Relatives,0.0,1.0,8.0,1.0,6.0,0.0,9.0,0.0,3.0,6.0,9.0,8.0,6.0,8.0,6.0,0.0,0.0,16.0
Tamil Nadu,2009.0,Cruelty by Husband and Relatives,06. Cruelty by Husband and Relatives,904.0,207.0,1112.0,1.0,238.0,114.0,1319.0,0.0,456.0,429.0,3775.0,3806.0,1460.0,1112.0,1142.0,0.0,0.0,4918.0
Tripura,2009.0,Cruelty by Husband and Relatives,06. Cruelty by Husband and Relatives,293.0,29.0,778.0,32.0,34.0,0.0,807.0,0.0,70.0,62.0,1805.0,1386.0,815.0,778.0,327.0,0.0,0.0,2164.0
Uttar Pradesh,2009.0,Cruelty by Husband and Relatives,06. Cruelty by Husband and Relatives,2184.0,1604.0,6082.0,854.0,2268.0,747.0,7686.0,0.0,1016.0,883.0,14457.0,13681.0,8566.0,6082.0,4452.0,0.0,0.0,19763.0
Uttarakhand,2009.0,Cruelty by Husband and Relatives,06. Cruelty by Husband and Relatives,51.0,68.0,294.0,25.0,82.0,16.0,362.0,0.0,60.0,77.0,988.0,852.0,361.0,294.0,133.0,0.0,0.0,1146.0
West Bengal,2009.0,Cruelty by Husband and Relatives,06. Cruelty by Husband and Relatives,2408.0,407.0,13647.0,28.0,134.0,22.0,14054.0,3.0,8583.0,6550.0,64178.0,53101.0,16112.0,13647.0,2542.0,0.0,0.0,66748.0
Andaman & Nicobar Islands,2010.0,Cruelty by Husband and Relatives,06. Cruelty by Husband and Relatives,2.0,5.0,9.0,0.0,0.0,0.0,14.0,0.0,2.0,7.0,65.0,58.0,9.0,9.0,2.0,0.0,0.0,67.0
Andhra Pradesh,2010.0,Cruelty by Husband and Relatives,06. Cruelty by Husband and Relatives,5343.0,225.0,11459.0,3235.0,756.0,1277.0,11684.0,7.0,3670.0,4558.0,19445.0,17321.0,12080.0,11459.0,6099.0,1.0,0.0,28779.0
Arunachal Pradesh,2010.0,Cruelty by Husband and Relatives,06. Cruelty by Husband and Relatives,2.0,1.0,8.0,0.0,1.0,0.0,9.0,0.0,5.0,2.0,86.0,81.0,12.0,8.0,3.0,0.0,0.0,89.0
Assam,2010.0,Cruelty by Husband and Relatives,06. Cruelty by Husband and Relatives,1302.0,883.0,3155.0,113.0,227.0,467.0,4038.0,8.0,3990.0,3093.0,7083.0,5570.0,5410.0,3155.0,1529.0,0.0,0.0,8725.0
Bihar,2010.0,Cruelty by Husband and Relatives,06. Cruelty by Husband and Relatives,1062.0,274.0,1465.0,172.0,182.0,235.0,1739.0,0.0,3011.0,2714.0,5405.0,5356.0,2271.0,1465.0,1244.0,0.0,0.0,6821.0
Chandigarh,2010.0,Cruelty by Husband and Relatives,06. Cruelty by Husband and Relatives,60.0,19.0,27.0,0.0,7.0,31.0,46.0,0.0,57.0,93.0,247.0,287.0,41.0,27.0,67.0,0.0,0.0,314.0
Chhattisgarh,2010.0,Cruelty by Husband and Relatives,06. Cruelty by Husband and Relatives,476.0,10.0,834.0,132.0,142.0,6.0,844.0,0.0,72.0,61.0,4568.0,4484.0,861.0,834.0,618.0,0.0,0.0,5318.0
Dadra & Nagar Haveli,2010.0,Cruelty by Husband and Relatives,06. Cruelty by Husband and Relatives,0.0,0.0,3.0,0.0,2.0,0.0,3.0,0.0,4.0,4.0,17.0,16.0,3.0,3.0,2.0,0.0,0.0,19.0
Daman & Diu,2010.0,Cruelty by Husband and Relatives,06. Cruelty by Husband and Relatives,2.0,0.0,2.0,0.0,0.0,0.0,2.0,0.0,3.0,2.0,12.0,12.0,3.0,2.0,2.0,0.0,0.0,14.0
Delhi,2010.0,Cruelty by Husband and Relatives,06. Cruelty by Husband and Relatives,352.0,41.0,838.0,0.0,83.0,43.0,879.0,3.0,4771.0,4332.0,3015.0,2612.0,1404.0,838.0,435.0,0.0,40.0,3450.0
Goa,2010.0,Cruelty by Husband and Relatives,06. Cruelty by Husband and Relatives,8.0,2.0,14.0,0.0,0.0,1.0,16.0,0.0,19.0,19.0,55.0,49.0,17.0,14.0,8.0,0.0,0.0,63.0
Gujarat,2010.0,Cruelty by Husband and Relatives,06. Cruelty by Husband and Relatives,3091.0,61.0,5447.0,185.0,110.0,16.0,5508.0,2.0,706.0,632.0,36529.0,34468.0,5600.0,5447.0,3201.0,0.0,0.0,39915.0
Haryana,2010.0,Cruelty by Husband and Relatives,06. Cruelty by Husband and Relatives,1251.0,186.0,1684.0,18.0,131.0,712.0,1870.0,0.0,798.0,660.0,6413.0,6129.0,2720.0,1684.0,1382.0,0.0,0.0,7813.0
Himachal Pradesh,2010.0,Cruelty by Husband and Relatives,06. Cruelty by Husband and Relatives,102.0,1.0,235.0,51.0,7.0,30.0,236.0,0.0,59.0,50.0,1295.0,1220.0,275.0,235.0,109.0,0.0,0.0,1455.0
Jammu & Kashmir,2010.0,Cruelty by Husband and Relatives,06. Cruelty by Husband and Relatives,25.0,1.0,157.0,57.0,8.0,40.0,158.0,0.0,102.0,89.0,481.0,414.0,211.0,157.0,33.0,0.0,0.0,571.0
Jharkhand,2010.0,Cruelty by Husband and Relatives,06. Cruelty by Husband and Relatives,491.0,84.0,618.0,33.0,177.0,35.0,702.0,0.0,696.0,783.0,937.0,1020.0,650.0,618.0,668.0,0.0,0.0,1638.0
Karnataka,2010.0,Cruelty by Husband and Relatives,06. Cruelty by Husband and Relatives,1708.0,99.0,2994.0,69.0,75.0,297.0,3093.0,41.0,736.0,733.0,7150.0,6009.0,3441.0,2994.0,1783.0,1.0,7.0,9002.0
Kerala,2010.0,Cruelty by Husband and Relatives,06. Cruelty by Husband and Relatives,2436.0,54.0,4461.0,79.0,127.0,194.0,4515.0,6.0,1033.0,951.0,16325.0,14506.0,4797.0,4461.0,2563.0,0.0,0.0,18967.0
Lakshadweep,2010.0,Cruelty by Husband and Relatives,06. Cruelty by Husband and Relatives,0.0,0.0,0.0,0.0,0.0,0.0,0.0,0.0,1.0,1.0,2.0,2.0,0.0,0.0,0.0,0.0,0.0,2.0
Madhya Pradesh,2010.0,Cruelty by Husband and Relatives,06. Cruelty by Husband and Relatives,1390.0,23.0,3669.0,649.0,871.0,3.0,3692.0,0.0,197.0,136.0,12430.0,11672.0,3756.0,3669.0,2261.0,1.0,0.0,15340.0
Maharashtra,2010.0,Cruelty by Husband and Relatives,06. Cruelty by Husband and Relatives,4896.0,74.0,7354.0,615.0,104.0,104.0,7428.0,0.0,1789.0,1888.0,53187.0,51449.0,7434.0,7354.0,5000.0,1.0,1.0,58802.0
Manipur,2010.0,Cruelty by Husband and Relatives,06. Cruelty by Husband and Relatives,0.0,4.0,0.0,0.0,0.0,0.0,4.0,0.0,93.0,79.0,4.0,4.0,18.0,0.0,0.0,0.0,0.0,4.0
Meghalaya,2010.0,Cruelty by Husband and Relatives,06. Cruelty by Husband and Relatives,2.0,0.0,10.0,3.0,0.0,0.0,10.0,0.0,58.0,44.0,25.0,20.0,24.0,10.0,2.0,0.0,0.0,30.0
Mizoram,2010.0,Cruelty by Husband and Relatives,06. Cruelty by Husband and Relatives,0.0,0.0,3.0,0.0,2.0,0.0,3.0,0.0,0.0,0.0,1.0,0.0,3.0,3.0,2.0,0.0,0.0,3.0
Nagaland,2010.0,Cruelty by Husband and Relatives,06. Cruelty by Husband and Relatives,0.0,0.0,1.0,0.0,2.0,0.0,1.0,0.0,0.0,0.0,0.0,1.0,1.0,1.0,2.0,0.0,0.0,2.0
Odisha,2010.0,Cruelty by Husband and Relatives,06. Cruelty by Husband and Relatives,1039.0,22.0,2164.0,0.0,99.0,56.0,2186.0,0.0,900.0,1075.0,7589.0,6563.0,2067.0,2164.0,1138.0,0.0,0.0,8727.0
Puducherry,2010.0,Cruelty by Husband and Relatives,06. Cruelty by Husband and Relatives,8.0,0.0,7.0,0.0,0.0,0.0,7.0,0.0,1.0,1.0,32.0,33.0,7.0,7.0,8.0,0.0,0.0,40.0
Punjab,2010.0,Cruelty by Husband and Relatives,06. Cruelty by Husband and Relatives,409.0,189.0,845.0,11.0,123.0,157.0,1034.0,0.0,683.0,711.0,3393.0,3091.0,1163.0,845.0,532.0,0.0,0.0,3936.0
Rajasthan,2010.0,Cruelty by Husband and Relatives,06. Cruelty by Husband and Relatives,1375.0,160.0,6192.0,795.0,1042.0,4755.0,6352.0,1.0,360.0,323.0,24078.0,21098.0,11145.0,6192.0,2417.0,0.0,0.0,27290.0
Sikkim,2010.0,Cruelty by Husband and Relatives,06. Cruelty by Husband and Relatives,0.0,0.0,3.0,0.0,0.0,0.0,3.0,0.0,3.0,3.0,12.0,9.0,3.0,3.0,0.0,0.0,0.0,12.0
Tamil Nadu,2010.0,Cruelty by Husband and Relatives,06. Cruelty by Husband and Relatives,830.0,165.0,1165.0,2.0,211.0,154.0,1330.0,0.0,542.0,456.0,3897.0,3775.0,1570.0,1165.0,1041.0,0.0,0.0,4940.0
Tripura,2010.0,Cruelty by Husband and Relatives,06. Cruelty by Husband and Relatives,397.0,42.0,781.0,50.0,39.0,4.0,823.0,0.0,180.0,70.0,2100.0,1805.0,937.0,781.0,436.0,0.0,0.0,2586.0
Uttar Pradesh,2010.0,Cruelty by Husband and Relatives,06. Cruelty by Husband and Relatives,2461.0,1676.0,5776.0,259.0,3024.0,561.0,7452.0,0.0,981.0,1016.0,14489.0,14457.0,7978.0,5776.0,5485.0,0.0,0.0,20233.0
Uttarakhand,2010.0,Cruelty by Husband and Relatives,06. Cruelty by Husband and Relatives,110.0,70.0,264.0,15.0,64.0,14.0,334.0,0.0,46.0,60.0,1063.0,988.0,334.0,264.0,174.0,0.0,0.0,1252.0
West Bengal,2010.0,Cruelty by Husband and Relatives,06. Cruelty by Husband and Relatives,2357.0,461.0,16946.0,58.0,148.0,35.0,17407.0,3.0,8934.0,8583.0,78561.0,64178.0,17796.0,16946.0,2505.0,0.0,0.0,81124.0
Andaman & Nicobar Islands,2001.0,Importation of Girls,07. Importation of Girls,0.0,0.0,0.0,0.0,0.0,0.0,0.0,0.0,0.0,0.0,0.0,0.0,0.0,0.0,0.0,0.0,0.0,0.0
Andhra Pradesh,2001.0,Importation of Girls,07. Importation of Girls,0.0,1.0,2.0,0.0,0.0,3.0,3.0,0.0,1.0,0.0,2.0,0.0,7.0,2.0,0.0,0.0,0.0,2.0
Arunachal Pradesh,2001.0,Importation of Girls,07. Importation of Girls,0.0,0.0,0.0,0.0,0.0,0.0,0.0,0.0,0.0,0.0,0.0,0.0,0.0,0.0,0.0,0.0,0.0,0.0
Assam,2001.0,Importation of Girls,07. Importation of Girls,0.0,0.0,0.0,0.0,0.0,0.0,0.0,0.0,0.0,0.0,0.0,0.0,0.0,0.0,0.0,0.0,0.0,0.0
Bihar,2001.0,Importation of Girls,07. Importation of Girls,5.0,2.0,42.0,0.0,1.0,2.0,44.0,0.0,47.0,10.0,60.0,24.0,83.0,42.0,6.0,0.0,0.0,66.0
Chandigarh,2001.0,Importation of Girls,07. Importation of Girls,0.0,0.0,0.0,0.0,0.0,0.0,0.0,0.0,0.0,0.0,0.0,0.0,0.0,0.0,0.0,0.0,0.0,0.0
Chhattisgarh,2001.0,Importation of Girls,07. Importation of Girls,0.0,0.0,0.0,0.0,0.0,0.0,0.0,0.0,0.0,0.0,0.0,0.0,0.0,0.0,0.0,0.0,0.0,0.0
Dadra & Nagar Haveli,2001.0,Importation of Girls,07. Importation of Girls,0.0,0.0,0.0,0.0,0.0,0.0,0.0,0.0,0.0,0.0,0.0,0.0,0.0,0.0,0.0,0.0,0.0,0.0
Daman & Diu,2001.0,Importation of Girls,07. Importation of Girls,0.0,0.0,0.0,0.0,0.0,0.0,0.0,0.0,0.0,0.0,0.0,0.0,0.0,0.0,0.0,0.0,0.0,0.0
Delhi,2001.0,Importation of Girls,07. Importation of Girls,0.0,0.0,0.0,0.0,0.0,0.0,0.0,0.0,0.0,0.0,0.0,0.0,0.0,0.0,0.0,0.0,0.0,0.0
Goa,2001.0,Importation of Girls,07. Importation of Girls,0.0,0.0,0.0,0.0,0.0,0.0,0.0,0.0,0.0,0.0,0.0,0.0,0.0,0.0,0.0,0.0,0.0,0.0
Gujarat,2001.0,Importation of Girls,07. Importation of Girls,0.0,0.0,0.0,0.0,0.0,0.0,0.0,0.0,0.0,0.0,0.0,0.0,0.0,0.0,0.0,0.0,0.0,0.0
Haryana,2001.0,Importation of Girls,07. Importation of Girls,0.0,0.0,0.0,0.0,0.0,0.0,0.0,0.0,0.0,0.0,0.0,0.0,0.0,0.0,0.0,0.0,0.0,0.0
Himachal Pradesh,2001.0,Importation of Girls,07. Importation of Girls,0.0,0.0,0.0,0.0,0.0,0.0,0.0,0.0,0.0,0.0,0.0,0.0,0.0,0.0,0.0,0.0,0.0,0.0
Jammu & Kashmir,2001.0,Importation of Girls,07. Importation of Girls,0.0,0.0,0.0,0.0,0.0,0.0,0.0,0.0,0.0,0.0,0.0,0.0,0.0,0.0,0.0,0.0,0.0,0.0
Jharkhand,2001.0,Importation of Girls,07. Importation of Girls,1.0,0.0,2.0,0.0,2.0,0.0,2.0,0.0,0.0,0.0,9.0,10.0,2.0,2.0,3.0,0.0,0.0,12.0
Karnataka,2001.0,Importation of Girls,07. Importation of Girls,0.0,0.0,0.0,0.0,0.0,0.0,0.0,0.0,0.0,0.0,0.0,0.0,0.0,0.0,0.0,0.0,0.0,0.0
Kerala,2001.0,Importation of Girls,07. Importation of Girls,0.0,0.0,0.0,0.0,0.0,0.0,0.0,0.0,0.0,0.0,0.0,0.0,0.0,0.0,0.0,0.0,0.0,0.0
Lakshadweep,2001.0,Importation of Girls,07. Importation of Girls,0.0,0.0,0.0,0.0,0.0,0.0,0.0,0.0,0.0,0.0,0.0,0.0,0.0,0.0,0.0,0.0,0.0,0.0
Madhya Pradesh,2001.0,Importation of Girls,07. Importation of Girls,0.0,0.0,0.0,0.0,0.0,0.0,0.0,0.0,0.0,0.0,0.0,0.0,0.0,0.0,0.0,0.0,0.0,0.0
Maharashtra,2001.0,Importation of Girls,07. Importation of Girls,0.0,0.0,1.0,0.0,0.0,0.0,1.0,0.0,0.0,0.0,1.0,0.0,1.0,1.0,0.0,0.0,0.0,1.0
Manipur,2001.0,Importation of Girls,07. Importation of Girls,0.0,0.0,0.0,0.0,0.0,0.0,0.0,0.0,0.0,0.0,0.0,0.0,0.0,0.0,0.0,0.0,0.0,0.0
Meghalaya,2001.0,Importation of Girls,07. Importation of Girls,0.0,0.0,0.0,0.0,0.0,0.0,0.0,0.0,0.0,0.0,0.0,0.0,0.0,0.0,0.0,0.0,0.0,0.0
Mizoram,2001.0,Importation of Girls,07. Importation of Girls,0.0,0.0,0.0,0.0,0.0,0.0,0.0,0.0,3.0,0.0,0.0,0.0,3.0,0.0,0.0,0.0,0.0,0.0
Nagaland,2001.0,Importation of Girls,07. Importation of Girls,0.0,0.0,0.0,0.0,0.0,0.0,0.0,0.0,0.0,0.0,0.0,0.0,0.0,0.0,0.0,0.0,0.0,0.0
Odisha,2001.0,Importation of Girls,07. Importation of Girls,0.0,0.0,2.0,0.0,0.0,0.0,2.0,0.0,0.0,2.0,2.0,0.0,0.0,2.0,0.0,0.0,0.0,2.0
Puducherry,2001.0,Importation of Girls,07. Importation of Girls,0.0,0.0,0.0,0.0,0.0,0.0,0.0,0.0,0.0,0.0,0.0,0.0,0.0,0.0,0.0,0.0,0.0,0.0
Punjab,2001.0,Importation of Girls,07. Importation of Girls,0.0,0.0,0.0,0.0,0.0,0.0,0.0,0.0,0.0,0.0,0.0,0.0,0.0,0.0,0.0,0.0,0.0,0.0
Rajasthan,2001.0,Importation of Girls,07. Importation of Girls,0.0,0.0,1.0,0.0,0.0,0.0,1.0,0.0,0.0,0.0,1.0,0.0,1.0,1.0,0.0,0.0,0.0,1.0
Sikkim,2001.0,Importation of Girls,07. Importation of Girls,0.0,0.0,0.0,0.0,0.0,0.0,0.0,0.0,0.0,0.0,0.0,0.0,0.0,0.0,0.0,0.0,0.0,0.0
Tamil Nadu,2001.0,Importation of Girls,07. Importation of Girls,5.0,2.0,9.0,5.0,0.0,0.0,11.0,0.0,3.0,0.0,3.0,4.0,14.0,9.0,5.0,0.0,0.0,13.0
Tripura,2001.0,Importation of Girls,07. Importation of Girls,0.0,0.0,0.0,0.0,0.0,0.0,0.0,0.0,0.0,0.0,0.0,0.0,0.0,0.0,0.0,0.0,0.0,0.0
Uttar Pradesh,2001.0,Importation of Girls,07. Importation of Girls,0.0,0.0,0.0,0.0,0.0,0.0,0.0,0.0,0.0,0.0,0.0,0.0,0.0,0.0,0.0,0.0,0.0,0.0
Uttarakhand,2001.0,Importation of Girls,07. Importation of Girls,7.0,0.0,0.0,0.0,2.0,0.0,0.0,0.0,0.0,0.0,0.0,9.0,0.0,0.0,9.0,0.0,0.0,9.0
West Bengal,2001.0,Importation of Girls,07. Importation of Girls,0.0,0.0,1.0,0.0,0.0,0.0,1.0,0.0,2.0,0.0,3.0,2.0,3.0,1.0,0.0,0.0,0.0,3.0
Andaman & Nicobar Islands,2002.0,Importation of Girls,07. Importation of Girls,0.0,0.0,0.0,0.0,0.0,0.0,0.0,0.0,0.0,0.0,0.0,0.0,0.0,0.0,0.0,0.0,0.0,0.0
Andhra Pradesh,2002.0,Importation of Girls,07. Importation of Girls,0.0,0.0,1.0,0.0,0.0,0.0,1.0,0.0,0.0,1.0,3.0,2.0,0.0,1.0,0.0,0.0,0.0,3.0
Arunachal Pradesh,2002.0,Importation of Girls,07. Importation of Girls,0.0,0.0,0.0,0.0,0.0,0.0,0.0,0.0,0.0,0.0,0.0,0.0,0.0,0.0,0.0,0.0,0.0,0.0
Assam,2002.0,Importation of Girls,07. Importation of Girls,0.0,0.0,0.0,0.0,0.0,0.0,0.0,0.0,0.0,0.0,0.0,0.0,0.0,0.0,0.0,0.0,0.0,0.0
Bihar,2002.0,Importation of Girls,07. Importation of Girls,5.0,6.0,30.0,0.0,0.0,1.0,36.0,0.0,48.0,47.0,85.0,60.0,38.0,30.0,5.0,0.0,0.0,90.0
Chandigarh,2002.0,Importation of Girls,07. Importation of Girls,0.0,0.0,0.0,0.0,0.0,0.0,0.0,0.0,0.0,0.0,0.0,0.0,0.0,0.0,0.0,0.0,0.0,0.0
Chhattisgarh,2002.0,Importation of Girls,07. Importation of Girls,0.0,0.0,0.0,0.0,0.0,0.0,0.0,0.0,0.0,0.0,0.0,0.0,0.0,0.0,0.0,0.0,0.0,0.0
Dadra & Nagar Haveli,2002.0,Importation of Girls,07. Importation of Girls,0.0,0.0,0.0,0.0,0.0,0.0,0.0,0.0,0.0,0.0,0.0,0.0,0.0,0.0,0.0,0.0,0.0,0.0
Daman & Diu,2002.0,Importation of Girls,07. Importation of Girls,0.0,0.0,0.0,0.0,0.0,0.0,0.0,0.0,0.0,0.0,0.0,0.0,0.0,0.0,0.0,0.0,0.0,0.0
Delhi,2002.0,Importation of Girls,07. Importation of Girls,0.0,0.0,0.0,0.0,0.0,0.0,0.0,0.0,0.0,0.0,0.0,0.0,0.0,0.0,0.0,0.0,0.0,0.0
Goa,2002.0,Importation of Girls,07. Importation of Girls,0.0,0.0,0.0,0.0,0.0,0.0,0.0,0.0,0.0,0.0,0.0,0.0,0.0,0.0,0.0,0.0,0.0,0.0
Gujarat,2002.0,Importation of Girls,07. Importation of Girls,0.0,0.0,0.0,0.0,0.0,0.0,0.0,0.0,0.0,0.0,0.0,0.0,0.0,0.0,0.0,0.0,0.0,0.0
Haryana,2002.0,Importation of Girls,07. Importation of Girls,0.0,0.0,0.0,0.0,0.0,0.0,0.0,0.0,0.0,0.0,0.0,0.0,0.0,0.0,0.0,0.0,0.0,0.0
Himachal Pradesh,2002.0,Importation of Girls,07. Importation of Girls,0.0,0.0,0.0,0.0,0.0,0.0,0.0,0.0,0.0,0.0,0.0,0.0,0.0,0.0,0.0,0.0,0.0,0.0
Jammu & Kashmir,2002.0,Importation of Girls,07. Importation of Girls,0.0,0.0,0.0,0.0,0.0,0.0,0.0,0.0,0.0,0.0,0.0,0.0,0.0,0.0,0.0,0.0,0.0,0.0
Jharkhand,2002.0,Importation of Girls,07. Importation of Girls,23.0,6.0,29.0,0.0,7.0,0.0,35.0,0.0,1.0,0.0,8.0,9.0,36.0,29.0,30.0,0.0,0.0,38.0
Karnataka,2002.0,Importation of Girls,07. Importation of Girls,0.0,0.0,0.0,0.0,0.0,0.0,0.0,0.0,0.0,0.0,0.0,0.0,0.0,0.0,0.0,0.0,0.0,0.0
Kerala,2002.0,Importation of Girls,07. Importation of Girls,0.0,0.0,0.0,0.0,0.0,0.0,0.0,0.0,0.0,0.0,0.0,0.0,0.0,0.0,0.0,0.0,0.0,0.0
Lakshadweep,2002.0,Importation of Girls,07. Importation of Girls,0.0,0.0,0.0,0.0,0.0,0.0,0.0,0.0,0.0,0.0,0.0,0.0,0.0,0.0,0.0,0.0,0.0,0.0
Madhya Pradesh,2002.0,Importation of Girls,07. Importation of Girls,0.0,0.0,0.0,0.0,0.0,0.0,0.0,0.0,0.0,0.0,0.0,0.0,0.0,0.0,0.0,0.0,0.0,0.0
Maharashtra,2002.0,Importation of Girls,07. Importation of Girls,1.0,0.0,0.0,0.0,0.0,0.0,0.0,0.0,0.0,0.0,0.0,1.0,0.0,0.0,1.0,0.0,0.0,1.0
Manipur,2002.0,Importation of Girls,07. Importation of Girls,0.0,0.0,0.0,0.0,0.0,0.0,0.0,0.0,0.0,0.0,0.0,0.0,0.0,0.0,0.0,0.0,0.0,0.0
Meghalaya,2002.0,Importation of Girls,07. Importation of Girls,0.0,0.0,0.0,0.0,0.0,0.0,0.0,0.0,0.0,0.0,0.0,0.0,0.0,0.0,0.0,0.0,0.0,0.0
Mizoram,2002.0,Importation of Girls,07. Importation of Girls,0.0,0.0,0.0,0.0,0.0,0.0,0.0,0.0,0.0,0.0,0.0,0.0,0.0,0.0,0.0,0.0,0.0,0.0
Nagaland,2002.0,Importation of Girls,07. Importation of Girls,0.0,0.0,0.0,0.0,0.0,0.0,0.0,0.0,0.0,0.0,0.0,0.0,0.0,0.0,0.0,0.0,0.0,0.0
Odisha,2002.0,Importation of Girls,07. Importation of Girls,0.0,0.0,0.0,0.0,0.0,0.0,0.0,0.0,0.0,0.0,2.0,2.0,0.0,0.0,0.0,0.0,0.0,2.0
Puducherry,2002.0,Importation of Girls,07. Importation of Girls,0.0,0.0,0.0,0.0,0.0,0.0,0.0,0.0,0.0,0.0,0.0,0.0,0.0,0.0,0.0,0.0,0.0,0.0
Punjab,2002.0,Importation of Girls,07. Importation of Girls,0.0,0.0,0.0,0.0,0.0,0.0,0.0,0.0,0.0,0.0,0.0,0.0,0.0,0.0,0.0,0.0,0.0,0.0
Rajasthan,2002.0,Importation of Girls,07. Importation of Girls,1.0,0.0,0.0,0.0,0.0,0.0,0.0,0.0,0.0,0.0,0.0,1.0,0.0,0.0,1.0,0.0,0.0,1.0
Sikkim,2002.0,Importation of Girls,07. Importation of Girls,0.0,0.0,0.0,0.0,0.0,0.0,0.0,0.0,0.0,0.0,0.0,0.0,0.0,0.0,0.0,0.0,0.0,0.0
Tamil Nadu,2002.0,Importation of Girls,07. Importation of Girls,3.0,2.0,1.0,0.0,1.0,0.0,3.0,0.0,0.0,3.0,0.0,3.0,0.0,1.0,4.0,0.0,0.0,4.0
Tripura,2002.0,Importation of Girls,07. Importation of Girls,0.0,0.0,0.0,0.0,0.0,0.0,0.0,0.0,0.0,0.0,0.0,0.0,0.0,0.0,0.0,0.0,0.0,0.0
Uttar Pradesh,2002.0,Importation of Girls,07. Importation of Girls,0.0,0.0,0.0,0.0,0.0,0.0,0.0,0.0,0.0,0.0,0.0,0.0,0.0,0.0,0.0,0.0,0.0,0.0
Uttarakhand,2002.0,Importation of Girls,07. Importation of Girls,0.0,0.0,1.0,0.0,1.0,0.0,1.0,0.0,0.0,0.0,0.0,0.0,1.0,1.0,1.0,0.0,0.0,1.0
West Bengal,2002.0,Importation of Girls,07. Importation of Girls,0.0,0.0,1.0,0.0,0.0,0.0,1.0,0.0,2.0,2.0,4.0,3.0,1.0,1.0,0.0,0.0,0.0,4.0
Andaman & Nicobar Islands,2003.0,Importation of Girls,07. Importation of Girls,0.0,0.0,0.0,0.0,0.0,0.0,0.0,0.0,0.0,0.0,0.0,0.0,0.0,0.0,0.0,0.0,0.0,0.0
Andhra Pradesh,2003.0,Importation of Girls,07. Importation of Girls,2.0,0.0,5.0,0.0,1.0,0.0,5.0,0.0,0.0,0.0,5.0,3.0,5.0,5.0,3.0,0.0,0.0,8.0
Arunachal Pradesh,2003.0,Importation of Girls,07. Importation of Girls,0.0,0.0,0.0,0.0,0.0,0.0,0.0,0.0,0.0,0.0,0.0,0.0,0.0,0.0,0.0,0.0,0.0,0.0
Assam,2003.0,Importation of Girls,07. Importation of Girls,0.0,0.0,0.0,0.0,0.0,0.0,0.0,0.0,0.0,0.0,0.0,0.0,0.0,0.0,0.0,0.0,0.0,0.0
Bihar,2003.0,Importation of Girls,07. Importation of Girls,6.0,4.0,38.0,0.0,0.0,3.0,42.0,0.0,40.0,48.0,117.0,85.0,37.0,38.0,6.0,0.0,0.0,123.0
Chandigarh,2003.0,Importation of Girls,07. Importation of Girls,0.0,0.0,0.0,0.0,0.0,0.0,0.0,0.0,0.0,0.0,0.0,0.0,0.0,0.0,0.0,0.0,0.0,0.0
Chhattisgarh,2003.0,Importation of Girls,07. Importation of Girls,0.0,0.0,0.0,0.0,0.0,0.0,0.0,0.0,0.0,0.0,0.0,0.0,0.0,0.0,0.0,0.0,0.0,0.0
Dadra & Nagar Haveli,2003.0,Importation of Girls,07. Importation of Girls,0.0,0.0,0.0,0.0,0.0,0.0,0.0,0.0,0.0,0.0,0.0,0.0,0.0,0.0,0.0,0.0,0.0,0.0
Daman & Diu,2003.0,Importation of Girls,07. Importation of Girls,0.0,0.0,0.0,0.0,0.0,0.0,0.0,0.0,0.0,0.0,0.0,0.0,0.0,0.0,0.0,0.0,0.0,0.0
Delhi,2003.0,Importation of Girls,07. Importation of Girls,0.0,0.0,0.0,0.0,0.0,0.0,0.0,0.0,0.0,0.0,0.0,0.0,0.0,0.0,0.0,0.0,0.0,0.0
Goa,2003.0,Importation of Girls,07. Importation of Girls,0.0,0.0,0.0,0.0,0.0,0.0,0.0,0.0,0.0,0.0,0.0,0.0,0.0,0.0,0.0,0.0,0.0,0.0
Gujarat,2003.0,Importation of Girls,07. Importation of Girls,0.0,0.0,0.0,0.0,0.0,0.0,0.0,0.0,0.0,0.0,0.0,0.0,0.0,0.0,0.0,0.0,0.0,0.0
Haryana,2003.0,Importation of Girls,07. Importation of Girls,0.0,0.0,0.0,0.0,0.0,0.0,0.0,0.0,0.0,0.0,0.0,0.0,0.0,0.0,0.0,0.0,0.0,0.0
Himachal Pradesh,2003.0,Importation of Girls,07. Importation of Girls,0.0,0.0,0.0,0.0,0.0,0.0,0.0,0.0,0.0,0.0,0.0,0.0,0.0,0.0,0.0,0.0,0.0,0.0
Jammu & Kashmir,2003.0,Importation of Girls,07. Importation of Girls,0.0,0.0,0.0,0.0,0.0,0.0,0.0,0.0,0.0,0.0,0.0,0.0,0.0,0.0,0.0,0.0,0.0,0.0
Jharkhand,2003.0,Importation of Girls,07. Importation of Girls,0.0,0.0,0.0,0.0,0.0,0.0,0.0,0.0,1.0,1.0,8.0,8.0,0.0,0.0,0.0,0.0,0.0,8.0
Karnataka,2003.0,Importation of Girls,07. Importation of Girls,0.0,0.0,0.0,0.0,0.0,0.0,0.0,0.0,0.0,0.0,0.0,0.0,0.0,0.0,0.0,0.0,0.0,0.0
Kerala,2003.0,Importation of Girls,07. Importation of Girls,0.0,0.0,0.0,0.0,0.0,0.0,0.0,0.0,0.0,0.0,0.0,0.0,0.0,0.0,0.0,0.0,0.0,0.0
Lakshadweep,2003.0,Importation of Girls,07. Importation of Girls,0.0,0.0,0.0,0.0,0.0,0.0,0.0,0.0,0.0,0.0,0.0,0.0,0.0,0.0,0.0,0.0,0.0,0.0
Madhya Pradesh,2003.0,Importation of Girls,07. Importation of Girls,0.0,0.0,0.0,0.0,0.0,0.0,0.0,0.0,0.0,0.0,0.0,0.0,0.0,0.0,0.0,0.0,0.0,0.0
Maharashtra,2003.0,Importation of Girls,07. Importation of Girls,0.0,0.0,0.0,0.0,0.0,0.0,0.0,0.0,0.0,0.0,0.0,0.0,0.0,0.0,0.0,0.0,0.0,0.0
Manipur,2003.0,Importation of Girls,07. Importation of Girls,0.0,0.0,0.0,0.0,0.0,0.0,0.0,0.0,0.0,0.0,0.0,0.0,0.0,0.0,0.0,0.0,0.0,0.0
Meghalaya,2003.0,Importation of Girls,07. Importation of Girls,0.0,0.0,0.0,0.0,0.0,0.0,0.0,0.0,0.0,0.0,0.0,0.0,0.0,0.0,0.0,0.0,0.0,0.0
Mizoram,2003.0,Importation of Girls,07. Importation of Girls,0.0,0.0,0.0,0.0,0.0,0.0,0.0,0.0,0.0,0.0,0.0,0.0,0.0,0.0,0.0,0.0,0.0,0.0
Nagaland,2003.0,Importation of Girls,07. Importation of Girls,0.0,0.0,0.0,0.0,0.0,0.0,0.0,0.0,1.0,0.0,0.0,0.0,1.0,0.0,0.0,0.0,0.0,0.0
Odisha,2003.0,Importation of Girls,07. Importation of Girls,0.0,0.0,0.0,0.0,0.0,0.0,0.0,0.0,0.0,0.0,2.0,2.0,0.0,0.0,0.0,0.0,0.0,2.0
Puducherry,2003.0,Importation of Girls,07. Importation of Girls,0.0,0.0,0.0,0.0,0.0,0.0,0.0,0.0,0.0,0.0,0.0,0.0,0.0,0.0,0.0,0.0,0.0,0.0
Punjab,2003.0,Importation of Girls,07. Importation of Girls,0.0,0.0,0.0,0.0,0.0,0.0,0.0,0.0,0.0,0.0,0.0,0.0,0.0,0.0,0.0,0.0,0.0,0.0
Rajasthan,2003.0,Importation of Girls,07. Importation of Girls,0.0,0.0,1.0,0.0,0.0,0.0,1.0,0.0,0.0,0.0,1.0,0.0,1.0,1.0,0.0,0.0,0.0,1.0
Sikkim,2003.0,Importation of Girls,07. Importation of Girls,0.0,0.0,0.0,0.0,0.0,0.0,0.0,0.0,0.0,0.0,0.0,0.0,0.0,0.0,0.0,0.0,0.0,0.0
Tamil Nadu,2003.0,Importation of Girls,07. Importation of Girls,0.0,0.0,0.0,0.0,0.0,0.0,0.0,0.0,1.0,0.0,0.0,0.0,1.0,0.0,0.0,0.0,0.0,0.0
Tripura,2003.0,Importation of Girls,07. Importation of Girls,0.0,0.0,0.0,0.0,0.0,0.0,0.0,0.0,0.0,0.0,0.0,0.0,0.0,0.0,0.0,0.0,0.0,0.0
Uttar Pradesh,2003.0,Importation of Girls,07. Importation of Girls,0.0,0.0,0.0,0.0,0.0,0.0,0.0,0.0,0.0,0.0,0.0,0.0,0.0,0.0,0.0,0.0,0.0,0.0
Uttarakhand,2003.0,Importation of Girls,07. Importation of Girls,0.0,0.0,0.0,0.0,0.0,0.0,0.0,0.0,0.0,0.0,0.0,0.0,0.0,0.0,0.0,0.0,0.0,0.0
West Bengal,2003.0,Importation of Girls,07. Importation of Girls,0.0,0.0,0.0,0.0,0.0,0.0,0.0,0.0,3.0,2.0,4.0,4.0,1.0,0.0,0.0,0.0,0.0,4.0
Andaman & Nicobar Islands,2004.0,Importation of Girls,07. Importation of Girls,0.0,0.0,0.0,0.0,0.0,0.0,0.0,0.0,0.0,0.0,0.0,0.0,0.0,0.0,0.0,0.0,0.0,0.0
Andhra Pradesh,2004.0,Importation of Girls,07. Importation of Girls,5.0,0.0,2.0,0.0,0.0,0.0,2.0,0.0,0.0,0.0,2.0,5.0,2.0,2.0,5.0,0.0,0.0,7.0
Arunachal Pradesh,2004.0,Importation of Girls,07. Importation of Girls,0.0,0.0,0.0,0.0,0.0,0.0,0.0,0.0,0.0,0.0,0.0,0.0,0.0,0.0,0.0,0.0,0.0,0.0
Assam,2004.0,Importation of Girls,07. Importation of Girls,0.0,0.0,0.0,0.0,0.0,0.0,0.0,0.0,0.0,0.0,0.0,0.0,0.0,0.0,0.0,0.0,0.0,0.0
Bihar,2004.0,Importation of Girls,07. Importation of Girls,6.0,2.0,33.0,0.0,0.0,4.0,35.0,0.0,36.0,40.0,144.0,117.0,35.0,33.0,6.0,0.0,0.0,150.0
Chandigarh,2004.0,Importation of Girls,07. Importation of Girls,0.0,0.0,0.0,0.0,0.0,0.0,0.0,0.0,0.0,0.0,0.0,0.0,0.0,0.0,0.0,0.0,0.0,0.0
Chhattisgarh,2004.0,Importation of Girls,07. Importation of Girls,0.0,0.0,0.0,0.0,0.0,0.0,0.0,0.0,0.0,0.0,0.0,0.0,0.0,0.0,0.0,0.0,0.0,0.0
Dadra & Nagar Haveli,2004.0,Importation of Girls,07. Importation of Girls,0.0,0.0,0.0,0.0,0.0,0.0,0.0,0.0,0.0,0.0,0.0,0.0,0.0,0.0,0.0,0.0,0.0,0.0
Daman & Diu,2004.0,Importation of Girls,07. Importation of Girls,0.0,0.0,0.0,0.0,0.0,0.0,0.0,0.0,0.0,0.0,0.0,0.0,0.0,0.0,0.0,0.0,0.0,0.0
Delhi,2004.0,Importation of Girls,07. Importation of Girls,0.0,0.0,0.0,0.0,0.0,0.0,0.0,0.0,0.0,0.0,0.0,0.0,0.0,0.0,0.0,0.0,0.0,0.0
Goa,2004.0,Importation of Girls,07. Importation of Girls,0.0,0.0,0.0,0.0,0.0,0.0,0.0,0.0,0.0,0.0,0.0,0.0,0.0,0.0,0.0,0.0,0.0,0.0
Gujarat,2004.0,Importation of Girls,07. Importation of Girls,0.0,0.0,0.0,0.0,0.0,0.0,0.0,0.0,0.0,0.0,0.0,0.0,0.0,0.0,0.0,0.0,0.0,0.0
Haryana,2004.0,Importation of Girls,07. Importation of Girls,0.0,0.0,0.0,0.0,0.0,0.0,0.0,0.0,0.0,0.0,0.0,0.0,0.0,0.0,0.0,0.0,0.0,0.0
Himachal Pradesh,2004.0,Importation of Girls,07. Importation of Girls,0.0,0.0,0.0,0.0,0.0,0.0,0.0,0.0,0.0,0.0,0.0,0.0,0.0,0.0,0.0,0.0,0.0,0.0
Jammu & Kashmir,2004.0,Importation of Girls,07. Importation of Girls,0.0,0.0,0.0,0.0,0.0,0.0,0.0,0.0,0.0,0.0,0.0,0.0,0.0,0.0,0.0,0.0,0.0,0.0
Jharkhand,2004.0,Importation of Girls,07. Importation of Girls,0.0,0.0,0.0,0.0,0.0,0.0,0.0,0.0,37.0,1.0,8.0,8.0,36.0,0.0,0.0,0.0,0.0,8.0
Karnataka,2004.0,Importation of Girls,07. Importation of Girls,0.0,0.0,0.0,0.0,0.0,0.0,0.0,0.0,0.0,0.0,0.0,0.0,0.0,0.0,0.0,0.0,0.0,0.0
Kerala,2004.0,Importation of Girls,07. Importation of Girls,0.0,0.0,0.0,0.0,0.0,0.0,0.0,0.0,0.0,0.0,0.0,0.0,0.0,0.0,0.0,0.0,0.0,0.0
Lakshadweep,2004.0,Importation of Girls,07. Importation of Girls,0.0,0.0,0.0,0.0,0.0,0.0,0.0,0.0,0.0,0.0,0.0,0.0,0.0,0.0,0.0,0.0,0.0,0.0
Madhya Pradesh,2004.0,Importation of Girls,07. Importation of Girls,0.0,0.0,0.0,0.0,0.0,0.0,0.0,0.0,0.0,0.0,0.0,0.0,0.0,0.0,0.0,0.0,0.0,0.0
Maharashtra,2004.0,Importation of Girls,07. Importation of Girls,0.0,0.0,0.0,0.0,0.0,0.0,0.0,0.0,0.0,0.0,0.0,0.0,0.0,0.0,0.0,0.0,0.0,0.0
Manipur,2004.0,Importation of Girls,07. Importation of Girls,0.0,0.0,0.0,0.0,0.0,0.0,0.0,0.0,0.0,0.0,0.0,0.0,0.0,0.0,0.0,0.0,0.0,0.0
Meghalaya,2004.0,Importation of Girls,07. Importation of Girls,0.0,0.0,0.0,0.0,0.0,0.0,0.0,0.0,0.0,0.0,0.0,0.0,0.0,0.0,0.0,0.0,0.0,0.0
Mizoram,2004.0,Importation of Girls,07. Importation of Girls,0.0,0.0,0.0,0.0,0.0,0.0,0.0,0.0,0.0,0.0,0.0,0.0,0.0,0.0,0.0,0.0,0.0,0.0
Nagaland,2004.0,Importation of Girls,07. Importation of Girls,0.0,0.0,1.0,0.0,1.0,0.0,1.0,0.0,0.0,1.0,0.0,0.0,0.0,1.0,1.0,0.0,0.0,1.0
Odisha,2004.0,Importation of Girls,07. Importation of Girls,2.0,0.0,0.0,0.0,0.0,0.0,0.0,0.0,0.0,0.0,0.0,2.0,0.0,0.0,2.0,0.0,0.0,2.0
Puducherry,2004.0,Importation of Girls,07. Importation of Girls,0.0,0.0,0.0,0.0,0.0,0.0,0.0,0.0,0.0,0.0,0.0,0.0,0.0,0.0,0.0,0.0,0.0,0.0
Punjab,2004.0,Importation of Girls,07. Importation of Girls,0.0,0.0,0.0,0.0,0.0,0.0,0.0,0.0,0.0,0.0,0.0,0.0,0.0,0.0,0.0,0.0,0.0,0.0
Rajasthan,2004.0,Importation of Girls,07. Importation of Girls,1.0,0.0,1.0,0.0,0.0,0.0,1.0,0.0,0.0,0.0,1.0,1.0,1.0,1.0,1.0,0.0,0.0,2.0
Sikkim,2004.0,Importation of Girls,07. Importation of Girls,0.0,0.0,0.0,0.0,0.0,0.0,0.0,0.0,0.0,0.0,0.0,0.0,0.0,0.0,0.0,0.0,0.0,0.0
Tamil Nadu,2004.0,Importation of Girls,07. Importation of Girls,0.0,0.0,0.0,0.0,0.0,1.0,0.0,0.0,0.0,1.0,0.0,0.0,0.0,0.0,0.0,0.0,0.0,0.0
Tripura,2004.0,Importation of Girls,07. Importation of Girls,0.0,0.0,0.0,0.0,0.0,0.0,0.0,0.0,0.0,0.0,0.0,0.0,0.0,0.0,0.0,0.0,0.0,0.0
Uttar Pradesh,2004.0,Importation of Girls,07. Importation of Girls,0.0,1.0,2.0,0.0,0.0,0.0,3.0,0.0,0.0,0.0,2.0,0.0,3.0,2.0,0.0,0.0,0.0,2.0
Uttarakhand,2004.0,Importation of Girls,07. Importation of Girls,0.0,0.0,0.0,0.0,0.0,0.0,0.0,0.0,0.0,0.0,0.0,0.0,0.0,0.0,0.0,0.0,0.0,0.0
West Bengal,2004.0,Importation of Girls,07. Importation of Girls,1.0,0.0,1.0,0.0,0.0,0.0,1.0,0.0,14.0,3.0,4.0,4.0,12.0,1.0,1.0,0.0,0.0,5.0
Andaman & Nicobar Islands,2005.0,Importation of Girls,07. Importation of Girls,0.0,0.0,0.0,0.0,0.0,0.0,0.0,0.0,0.0,0.0,0.0,0.0,0.0,0.0,0.0,0.0,0.0,0.0
Andhra Pradesh,2005.0,Importation of Girls,07. Importation of Girls,1.0,0.0,2.0,0.0,0.0,0.0,2.0,0.0,1.0,0.0,3.0,2.0,3.0,2.0,1.0,0.0,0.0,4.0
Arunachal Pradesh,2005.0,Importation of Girls,07. Importation of Girls,0.0,0.0,0.0,0.0,0.0,0.0,0.0,0.0,0.0,0.0,0.0,0.0,0.0,0.0,0.0,0.0,0.0,0.0
Assam,2005.0,Importation of Girls,07. Importation of Girls,0.0,0.0,3.0,0.0,0.0,0.0,3.0,0.0,0.0,0.0,3.0,0.0,3.0,3.0,0.0,0.0,0.0,3.0
Bihar,2005.0,Importation of Girls,07. Importation of Girls,10.0,4.0,42.0,0.0,7.0,5.0,46.0,0.0,59.0,36.0,169.0,144.0,74.0,42.0,17.0,0.0,0.0,186.0
Chandigarh,2005.0,Importation of Girls,07. Importation of Girls,0.0,0.0,0.0,0.0,0.0,0.0,0.0,0.0,0.0,0.0,0.0,0.0,0.0,0.0,0.0,0.0,0.0,0.0
Chhattisgarh,2005.0,Importation of Girls,07. Importation of Girls,0.0,0.0,0.0,0.0,0.0,0.0,0.0,0.0,0.0,0.0,0.0,0.0,0.0,0.0,0.0,0.0,0.0,0.0
Dadra & Nagar Haveli,2005.0,Importation of Girls,07. Importation of Girls,0.0,0.0,0.0,0.0,0.0,0.0,0.0,0.0,0.0,0.0,0.0,0.0,0.0,0.0,0.0,0.0,0.0,0.0
Daman & Diu,2005.0,Importation of Girls,07. Importation of Girls,0.0,0.0,0.0,0.0,0.0,0.0,0.0,0.0,0.0,0.0,0.0,0.0,0.0,0.0,0.0,0.0,0.0,0.0
Delhi,2005.0,Importation of Girls,07. Importation of Girls,0.0,0.0,0.0,0.0,0.0,0.0,0.0,0.0,1.0,0.0,0.0,0.0,1.0,0.0,0.0,0.0,0.0,0.0
Goa,2005.0,Importation of Girls,07. Importation of Girls,0.0,0.0,0.0,0.0,0.0,0.0,0.0,0.0,0.0,0.0,0.0,0.0,0.0,0.0,0.0,0.0,0.0,0.0
Gujarat,2005.0,Importation of Girls,07. Importation of Girls,0.0,0.0,0.0,0.0,0.0,0.0,0.0,0.0,0.0,0.0,0.0,0.0,0.0,0.0,0.0,0.0,0.0,0.0
Haryana,2005.0,Importation of Girls,07. Importation of Girls,0.0,0.0,0.0,0.0,0.0,0.0,0.0,0.0,0.0,0.0,0.0,0.0,0.0,0.0,0.0,0.0,0.0,0.0
Himachal Pradesh,2005.0,Importation of Girls,07. Importation of Girls,0.0,0.0,0.0,0.0,0.0,0.0,0.0,0.0,0.0,0.0,0.0,0.0,0.0,0.0,0.0,0.0,0.0,0.0
Jammu & Kashmir,2005.0,Importation of Girls,07. Importation of Girls,0.0,0.0,0.0,0.0,0.0,0.0,0.0,0.0,0.0,0.0,0.0,0.0,0.0,0.0,0.0,0.0,0.0,0.0
Jharkhand,2005.0,Importation of Girls,07. Importation of Girls,3.0,3.0,1.0,0.0,0.0,0.0,4.0,0.0,37.0,37.0,6.0,8.0,4.0,1.0,3.0,0.0,0.0,9.0
Karnataka,2005.0,Importation of Girls,07. Importation of Girls,0.0,0.0,0.0,0.0,0.0,0.0,0.0,0.0,0.0,0.0,0.0,0.0,0.0,0.0,0.0,0.0,0.0,0.0
Kerala,2005.0,Importation of Girls,07. Importation of Girls,0.0,0.0,0.0,0.0,0.0,0.0,0.0,0.0,0.0,0.0,0.0,0.0,0.0,0.0,0.0,0.0,0.0,0.0
Lakshadweep,2005.0,Importation of Girls,07. Importation of Girls,0.0,0.0,0.0,0.0,0.0,0.0,0.0,0.0,0.0,0.0,0.0,0.0,0.0,0.0,0.0,0.0,0.0,0.0
Madhya Pradesh,2005.0,Importation of Girls,07. Importation of Girls,0.0,0.0,3.0,0.0,0.0,0.0,3.0,0.0,0.0,0.0,3.0,0.0,3.0,3.0,0.0,0.0,0.0,3.0
Maharashtra,2005.0,Importation of Girls,07. Importation of Girls,0.0,0.0,0.0,0.0,0.0,0.0,0.0,0.0,0.0,0.0,0.0,0.0,0.0,0.0,0.0,0.0,0.0,0.0
Manipur,2005.0,Importation of Girls,07. Importation of Girls,0.0,0.0,0.0,0.0,0.0,0.0,0.0,0.0,0.0,0.0,0.0,0.0,0.0,0.0,0.0,0.0,0.0,0.0
Meghalaya,2005.0,Importation of Girls,07. Importation of Girls,0.0,0.0,0.0,0.0,0.0,0.0,0.0,0.0,0.0,0.0,0.0,0.0,0.0,0.0,0.0,0.0,0.0,0.0
Mizoram,2005.0,Importation of Girls,07. Importation of Girls,0.0,0.0,0.0,0.0,0.0,0.0,0.0,0.0,0.0,0.0,0.0,0.0,0.0,0.0,0.0,0.0,0.0,0.0
Nagaland,2005.0,Importation of Girls,07. Importation of Girls,0.0,0.0,0.0,0.0,0.0,0.0,0.0,0.0,0.0,0.0,0.0,0.0,0.0,0.0,0.0,0.0,0.0,0.0
Odisha,2005.0,Importation of Girls,07. Importation of Girls,0.0,0.0,0.0,0.0,0.0,0.0,0.0,0.0,0.0,0.0,0.0,0.0,0.0,0.0,0.0,0.0,0.0,0.0
Puducherry,2005.0,Importation of Girls,07. Importation of Girls,0.0,0.0,0.0,0.0,0.0,0.0,0.0,0.0,0.0,0.0,0.0,0.0,0.0,0.0,0.0,0.0,0.0,0.0
Punjab,2005.0,Importation of Girls,07. Importation of Girls,0.0,0.0,0.0,0.0,0.0,0.0,0.0,0.0,0.0,0.0,0.0,0.0,0.0,0.0,0.0,0.0,0.0,0.0
Rajasthan,2005.0,Importation of Girls,07. Importation of Girls,0.0,0.0,0.0,0.0,1.0,0.0,0.0,0.0,0.0,0.0,0.0,1.0,0.0,0.0,1.0,0.0,0.0,1.0
Sikkim,2005.0,Importation of Girls,07. Importation of Girls,0.0,0.0,0.0,0.0,0.0,0.0,0.0,0.0,0.0,0.0,0.0,0.0,0.0,0.0,0.0,0.0,0.0,0.0
Tamil Nadu,2005.0,Importation of Girls,07. Importation of Girls,0.0,0.0,0.0,0.0,0.0,0.0,0.0,0.0,0.0,0.0,0.0,0.0,0.0,0.0,0.0,0.0,0.0,0.0
Tripura,2005.0,Importation of Girls,07. Importation of Girls,0.0,0.0,0.0,0.0,0.0,0.0,0.0,0.0,0.0,0.0,0.0,0.0,0.0,0.0,0.0,0.0,0.0,0.0
Uttar Pradesh,2005.0,Importation of Girls,07. Importation of Girls,0.0,0.0,0.0,2.0,0.0,0.0,0.0,0.0,0.0,0.0,0.0,2.0,0.0,0.0,0.0,0.0,0.0,2.0
Uttarakhand,2005.0,Importation of Girls,07. Importation of Girls,0.0,0.0,0.0,0.0,0.0,0.0,0.0,0.0,0.0,0.0,0.0,0.0,0.0,0.0,0.0,0.0,0.0,0.0
West Bengal,2005.0,Importation of Girls,07. Importation of Girls,1.0,1.0,2.0,0.0,0.0,0.0,3.0,0.0,72.0,14.0,5.0,4.0,61.0,2.0,1.0,0.0,0.0,6.0
Andaman & Nicobar Islands,2006.0,Importation of Girls,07. Importation of Girls,0.0,0.0,0.0,0.0,0.0,0.0,0.0,0.0,0.0,0.0,0.0,0.0,0.0,0.0,0.0,0.0,0.0,0.0
Andhra Pradesh,2006.0,Importation of Girls,07. Importation of Girls,2.0,1.0,0.0,0.0,0.0,0.0,1.0,0.0,0.0,1.0,1.0,3.0,0.0,0.0,2.0,0.0,0.0,3.0
Arunachal Pradesh,2006.0,Importation of Girls,07. Importation of Girls,0.0,0.0,0.0,0.0,0.0,0.0,0.0,0.0,0.0,0.0,0.0,0.0,0.0,0.0,0.0,0.0,0.0,0.0
Assam,2006.0,Importation of Girls,07. Importation of Girls,0.0,0.0,0.0,0.0,0.0,0.0,0.0,0.0,0.0,0.0,3.0,3.0,0.0,0.0,0.0,0.0,0.0,3.0
Bihar,2006.0,Importation of Girls,07. Importation of Girls,16.0,1.0,36.0,0.0,8.0,5.0,37.0,0.0,59.0,59.0,181.0,169.0,42.0,36.0,24.0,0.0,0.0,205.0
Chandigarh,2006.0,Importation of Girls,07. Importation of Girls,0.0,0.0,0.0,0.0,0.0,0.0,0.0,0.0,0.0,0.0,0.0,0.0,0.0,0.0,0.0,0.0,0.0,0.0
Chhattisgarh,2006.0,Importation of Girls,07. Importation of Girls,0.0,0.0,1.0,0.0,0.0,0.0,1.0,0.0,0.0,0.0,1.0,0.0,1.0,1.0,0.0,0.0,0.0,1.0
Dadra & Nagar Haveli,2006.0,Importation of Girls,07. Importation of Girls,0.0,0.0,0.0,0.0,0.0,0.0,0.0,0.0,0.0,0.0,0.0,0.0,0.0,0.0,0.0,0.0,0.0,0.0
Daman & Diu,2006.0,Importation of Girls,07. Importation of Girls,0.0,0.0,0.0,0.0,0.0,0.0,0.0,0.0,0.0,0.0,0.0,0.0,0.0,0.0,0.0,0.0,0.0,0.0
Delhi,2006.0,Importation of Girls,07. Importation of Girls,0.0,0.0,0.0,0.0,0.0,0.0,0.0,0.0,1.0,1.0,0.0,0.0,0.0,0.0,0.0,0.0,0.0,0.0
Goa,2006.0,Importation of Girls,07. Importation of Girls,0.0,0.0,0.0,0.0,0.0,0.0,0.0,0.0,0.0,0.0,0.0,0.0,0.0,0.0,0.0,0.0,0.0,0.0
Gujarat,2006.0,Importation of Girls,07. Importation of Girls,0.0,0.0,0.0,0.0,0.0,0.0,0.0,0.0,0.0,0.0,0.0,0.0,0.0,0.0,0.0,0.0,0.0,0.0
Haryana,2006.0,Importation of Girls,07. Importation of Girls,0.0,0.0,0.0,0.0,0.0,0.0,0.0,0.0,0.0,0.0,0.0,0.0,0.0,0.0,0.0,0.0,0.0,0.0
Himachal Pradesh,2006.0,Importation of Girls,07. Importation of Girls,0.0,0.0,0.0,0.0,0.0,0.0,0.0,0.0,0.0,0.0,0.0,0.0,0.0,0.0,0.0,0.0,0.0,0.0
Jammu & Kashmir,2006.0,Importation of Girls,07. Importation of Girls,0.0,0.0,0.0,0.0,0.0,0.0,0.0,0.0,0.0,0.0,0.0,0.0,0.0,0.0,0.0,0.0,0.0,0.0
Jharkhand,2006.0,Importation of Girls,07. Importation of Girls,0.0,0.0,2.0,0.0,0.0,0.0,2.0,0.0,40.0,37.0,8.0,6.0,5.0,2.0,0.0,0.0,0.0,8.0
Karnataka,2006.0,Importation of Girls,07. Importation of Girls,0.0,0.0,0.0,0.0,0.0,0.0,0.0,0.0,0.0,0.0,0.0,0.0,0.0,0.0,0.0,0.0,0.0,0.0
Kerala,2006.0,Importation of Girls,07. Importation of Girls,0.0,0.0,0.0,0.0,0.0,0.0,0.0,0.0,0.0,0.0,0.0,0.0,0.0,0.0,0.0,0.0,0.0,0.0
Lakshadweep,2006.0,Importation of Girls,07. Importation of Girls,0.0,0.0,0.0,0.0,0.0,0.0,0.0,0.0,0.0,0.0,0.0,0.0,0.0,0.0,0.0,0.0,0.0,0.0
Madhya Pradesh,2006.0,Importation of Girls,07. Importation of Girls,0.0,0.0,0.0,0.0,1.0,0.0,0.0,0.0,0.0,0.0,2.0,3.0,0.0,0.0,1.0,0.0,0.0,3.0
Maharashtra,2006.0,Importation of Girls,07. Importation of Girls,0.0,0.0,1.0,0.0,0.0,0.0,1.0,0.0,0.0,0.0,1.0,0.0,1.0,1.0,0.0,0.0,0.0,1.0
Manipur,2006.0,Importation of Girls,07. Importation of Girls,0.0,0.0,0.0,0.0,0.0,0.0,0.0,0.0,0.0,0.0,0.0,0.0,0.0,0.0,0.0,0.0,0.0,0.0
Meghalaya,2006.0,Importation of Girls,07. Importation of Girls,0.0,0.0,0.0,0.0,0.0,0.0,0.0,0.0,0.0,0.0,0.0,0.0,0.0,0.0,0.0,0.0,0.0,0.0
Mizoram,2006.0,Importation of Girls,07. Importation of Girls,0.0,0.0,0.0,0.0,0.0,0.0,0.0,0.0,0.0,0.0,0.0,0.0,0.0,0.0,0.0,0.0,0.0,0.0
Nagaland,2006.0,Importation of Girls,07. Importation of Girls,0.0,0.0,0.0,0.0,0.0,0.0,0.0,0.0,0.0,0.0,0.0,0.0,0.0,0.0,0.0,0.0,0.0,0.0
Odisha,2006.0,Importation of Girls,07. Importation of Girls,0.0,0.0,0.0,0.0,0.0,0.0,0.0,0.0,12.0,0.0,0.0,0.0,12.0,0.0,0.0,0.0,0.0,0.0
Puducherry,2006.0,Importation of Girls,07. Importation of Girls,0.0,0.0,0.0,0.0,0.0,0.0,0.0,0.0,0.0,0.0,0.0,0.0,0.0,0.0,0.0,0.0,0.0,0.0
Punjab,2006.0,Importation of Girls,07. Importation of Girls,0.0,0.0,0.0,0.0,0.0,0.0,0.0,0.0,2.0,0.0,0.0,0.0,2.0,0.0,0.0,0.0,0.0,0.0
Rajasthan,2006.0,Importation of Girls,07. Importation of Girls,1.0,0.0,3.0,0.0,0.0,0.0,3.0,0.0,0.0,0.0,2.0,0.0,3.0,3.0,1.0,0.0,0.0,3.0
Sikkim,2006.0,Importation of Girls,07. Importation of Girls,0.0,0.0,0.0,0.0,0.0,0.0,0.0,0.0,0.0,0.0,0.0,0.0,0.0,0.0,0.0,0.0,0.0,0.0
Tamil Nadu,2006.0,Importation of Girls,07. Importation of Girls,0.0,0.0,0.0,0.0,0.0,0.0,0.0,0.0,0.0,0.0,0.0,0.0,0.0,0.0,0.0,0.0,0.0,0.0
Tripura,2006.0,Importation of Girls,07. Importation of Girls,0.0,0.0,0.0,0.0,0.0,0.0,0.0,0.0,0.0,0.0,0.0,0.0,0.0,0.0,0.0,0.0,0.0,0.0
Uttar Pradesh,2006.0,Importation of Girls,07. Importation of Girls,0.0,0.0,0.0,0.0,0.0,0.0,0.0,0.0,0.0,0.0,0.0,0.0,0.0,0.0,0.0,0.0,0.0,0.0
Uttarakhand,2006.0,Importation of Girls,07. Importation of Girls,0.0,0.0,0.0,0.0,0.0,0.0,0.0,0.0,0.0,0.0,0.0,0.0,0.0,0.0,0.0,0.0,0.0,0.0
West Bengal,2006.0,Importation of Girls,07. Importation of Girls,1.0,19.0,11.0,0.0,1.0,0.0,30.0,0.0,43.0,72.0,14.0,5.0,1.0,11.0,2.0,0.0,0.0,16.0
Andaman & Nicobar Islands,2007.0,Importation of Girls,07. Importation of Girls,0.0,0.0,0.0,0.0,0.0,0.0,0.0,0.0,0.0,0.0,0.0,0.0,0.0,0.0,0.0,0.0,0.0,0.0
Andhra Pradesh,2007.0,Importation of Girls,07. Importation of Girls,0.0,0.0,0.0,0.0,0.0,0.0,0.0,0.0,0.0,0.0,1.0,1.0,0.0,0.0,0.0,0.0,0.0,1.0
Arunachal Pradesh,2007.0,Importation of Girls,07. Importation of Girls,0.0,0.0,0.0,0.0,0.0,0.0,0.0,0.0,0.0,0.0,0.0,0.0,0.0,0.0,0.0,0.0,0.0,0.0
Assam,2007.0,Importation of Girls,07. Importation of Girls,0.0,0.0,0.0,0.0,0.0,0.0,0.0,0.0,0.0,0.0,3.0,3.0,0.0,0.0,0.0,0.0,0.0,3.0
Bihar,2007.0,Importation of Girls,07. Importation of Girls,31.0,2.0,53.0,0.0,5.0,10.0,55.0,0.0,50.0,59.0,198.0,181.0,56.0,53.0,36.0,0.0,0.0,234.0
Chandigarh,2007.0,Importation of Girls,07. Importation of Girls,0.0,0.0,0.0,0.0,0.0,0.0,0.0,0.0,0.0,0.0,0.0,0.0,0.0,0.0,0.0,0.0,0.0,0.0
Chhattisgarh,2007.0,Importation of Girls,07. Importation of Girls,1.0,0.0,0.0,0.0,0.0,0.0,0.0,0.0,0.0,0.0,0.0,1.0,0.0,0.0,1.0,0.0,0.0,1.0
Dadra & Nagar Haveli,2007.0,Importation of Girls,07. Importation of Girls,0.0,0.0,0.0,0.0,0.0,0.0,0.0,0.0,0.0,0.0,0.0,0.0,0.0,0.0,0.0,0.0,0.0,0.0
Daman & Diu,2007.0,Importation of Girls,07. Importation of Girls,0.0,0.0,0.0,0.0,0.0,0.0,0.0,0.0,0.0,0.0,0.0,0.0,0.0,0.0,0.0,0.0,0.0,0.0
Delhi,2007.0,Importation of Girls,07. Importation of Girls,0.0,0.0,0.0,0.0,0.0,0.0,0.0,0.0,1.0,1.0,0.0,0.0,0.0,0.0,0.0,0.0,0.0,0.0
Goa,2007.0,Importation of Girls,07. Importation of Girls,0.0,0.0,0.0,0.0,0.0,0.0,0.0,0.0,0.0,0.0,0.0,0.0,0.0,0.0,0.0,0.0,0.0,0.0
Gujarat,2007.0,Importation of Girls,07. Importation of Girls,0.0,0.0,0.0,0.0,0.0,0.0,0.0,0.0,0.0,0.0,0.0,0.0,0.0,0.0,0.0,0.0,0.0,0.0
Haryana,2007.0,Importation of Girls,07. Importation of Girls,0.0,0.0,0.0,0.0,0.0,0.0,0.0,0.0,0.0,0.0,0.0,0.0,0.0,0.0,0.0,0.0,0.0,0.0
Himachal Pradesh,2007.0,Importation of Girls,07. Importation of Girls,0.0,0.0,0.0,0.0,0.0,0.0,0.0,0.0,0.0,0.0,0.0,0.0,0.0,0.0,0.0,0.0,0.0,0.0
Jammu & Kashmir,2007.0,Importation of Girls,07. Importation of Girls,0.0,0.0,0.0,0.0,0.0,0.0,0.0,0.0,0.0,0.0,0.0,0.0,0.0,0.0,0.0,0.0,0.0,0.0
Jharkhand,2007.0,Importation of Girls,07. Importation of Girls,0.0,1.0,0.0,2.0,0.0,23.0,1.0,2.0,14.0,40.0,6.0,8.0,0.0,0.0,0.0,0.0,0.0,8.0
Karnataka,2007.0,Importation of Girls,07. Importation of Girls,0.0,0.0,0.0,0.0,0.0,0.0,0.0,0.0,0.0,0.0,0.0,0.0,0.0,0.0,0.0,0.0,0.0,0.0
Kerala,2007.0,Importation of Girls,07. Importation of Girls,0.0,0.0,0.0,0.0,0.0,0.0,0.0,0.0,0.0,0.0,0.0,0.0,0.0,0.0,0.0,0.0,0.0,0.0
Lakshadweep,2007.0,Importation of Girls,07. Importation of Girls,0.0,0.0,0.0,0.0,0.0,0.0,0.0,0.0,0.0,0.0,0.0,0.0,0.0,0.0,0.0,0.0,0.0,0.0
Madhya Pradesh,2007.0,Importation of Girls,07. Importation of Girls,0.0,0.0,0.0,0.0,0.0,0.0,0.0,0.0,0.0,0.0,2.0,2.0,0.0,0.0,0.0,0.0,0.0,2.0
Maharashtra,2007.0,Importation of Girls,07. Importation of Girls,1.0,0.0,0.0,0.0,0.0,0.0,0.0,0.0,0.0,0.0,0.0,1.0,0.0,0.0,1.0,0.0,0.0,1.0
Manipur,2007.0,Importation of Girls,07. Importation of Girls,0.0,0.0,0.0,0.0,0.0,0.0,0.0,0.0,0.0,0.0,0.0,0.0,0.0,0.0,0.0,0.0,0.0,0.0
Meghalaya,2007.0,Importation of Girls,07. Importation of Girls,0.0,0.0,0.0,0.0,0.0,0.0,0.0,0.0,0.0,0.0,0.0,0.0,0.0,0.0,0.0,0.0,0.0,0.0
Mizoram,2007.0,Importation of Girls,07. Importation of Girls,0.0,0.0,0.0,0.0,0.0,0.0,0.0,0.0,0.0,0.0,0.0,0.0,0.0,0.0,0.0,0.0,0.0,0.0
Nagaland,2007.0,Importation of Girls,07. Importation of Girls,0.0,0.0,0.0,0.0,0.0,0.0,0.0,0.0,0.0,0.0,0.0,0.0,0.0,0.0,0.0,0.0,0.0,0.0
Odisha,2007.0,Importation of Girls,07. Importation of Girls,0.0,0.0,12.0,0.0,0.0,0.0,12.0,0.0,0.0,12.0,12.0,0.0,0.0,12.0,0.0,0.0,0.0,12.0
Puducherry,2007.0,Importation of Girls,07. Importation of Girls,0.0,0.0,0.0,0.0,0.0,0.0,0.0,0.0,0.0,0.0,0.0,0.0,0.0,0.0,0.0,0.0,0.0,0.0
Punjab,2007.0,Importation of Girls,07. Importation of Girls,0.0,0.0,0.0,0.0,0.0,0.0,0.0,0.0,2.0,2.0,0.0,0.0,0.0,0.0,0.0,0.0,0.0,0.0
Rajasthan,2007.0,Importation of Girls,07. Importation of Girls,0.0,0.0,0.0,0.0,0.0,0.0,0.0,0.0,0.0,0.0,2.0,2.0,0.0,0.0,0.0,0.0,0.0,2.0
Sikkim,2007.0,Importation of Girls,07. Importation of Girls,0.0,0.0,0.0,0.0,0.0,0.0,0.0,0.0,0.0,0.0,0.0,0.0,0.0,0.0,0.0,0.0,0.0,0.0
Tamil Nadu,2007.0,Importation of Girls,07. Importation of Girls,0.0,0.0,0.0,0.0,0.0,0.0,0.0,0.0,0.0,0.0,0.0,0.0,0.0,0.0,0.0,0.0,0.0,0.0
Tripura,2007.0,Importation of Girls,07. Importation of Girls,0.0,0.0,0.0,0.0,0.0,0.0,0.0,0.0,0.0,0.0,0.0,0.0,0.0,0.0,0.0,0.0,0.0,0.0
Uttar Pradesh,2007.0,Importation of Girls,07. Importation of Girls,0.0,0.0,0.0,0.0,0.0,0.0,0.0,0.0,0.0,0.0,0.0,0.0,0.0,0.0,0.0,0.0,0.0,0.0
Uttarakhand,2007.0,Importation of Girls,07. Importation of Girls,0.0,0.0,0.0,0.0,0.0,0.0,0.0,0.0,0.0,0.0,0.0,0.0,0.0,0.0,0.0,0.0,0.0,0.0
West Bengal,2007.0,Importation of Girls,07. Importation of Girls,4.0,4.0,17.0,0.0,0.0,0.0,21.0,0.0,27.0,43.0,27.0,14.0,5.0,17.0,4.0,0.0,0.0,31.0
Andaman & Nicobar Islands,2008.0,Importation of Girls,07. Importation of Girls,0.0,0.0,0.0,0.0,0.0,0.0,0.0,0.0,0.0,0.0,0.0,0.0,0.0,0.0,0.0,0.0,0.0,0.0
Andhra Pradesh,2008.0,Importation of Girls,07. Importation of Girls,0.0,0.0,0.0,0.0,0.0,0.0,0.0,0.0,0.0,0.0,1.0,1.0,0.0,0.0,0.0,0.0,0.0,1.0
Arunachal Pradesh,2008.0,Importation of Girls,07. Importation of Girls,0.0,0.0,0.0,0.0,0.0,0.0,0.0,0.0,0.0,0.0,0.0,0.0,0.0,0.0,0.0,0.0,0.0,0.0
Assam,2008.0,Importation of Girls,07. Importation of Girls,2.0,0.0,0.0,0.0,0.0,0.0,0.0,0.0,0.0,0.0,1.0,3.0,0.0,0.0,2.0,0.0,0.0,3.0
Bihar,2008.0,Importation of Girls,07. Importation of Girls,24.0,3.0,39.0,0.0,3.0,0.0,42.0,0.0,30.0,50.0,210.0,198.0,22.0,39.0,27.0,0.0,0.0,237.0
Chandigarh,2008.0,Importation of Girls,07. Importation of Girls,0.0,0.0,0.0,0.0,0.0,0.0,0.0,0.0,0.0,0.0,0.0,0.0,0.0,0.0,0.0,0.0,0.0,0.0
Chhattisgarh,2008.0,Importation of Girls,07. Importation of Girls,0.0,0.0,0.0,0.0,0.0,0.0,0.0,0.0,0.0,0.0,0.0,0.0,0.0,0.0,0.0,0.0,0.0,0.0
Dadra & Nagar Haveli,2008.0,Importation of Girls,07. Importation of Girls,0.0,0.0,0.0,0.0,0.0,0.0,0.0,0.0,0.0,0.0,0.0,0.0,0.0,0.0,0.0,0.0,0.0,0.0
Daman & Diu,2008.0,Importation of Girls,07. Importation of Girls,0.0,0.0,0.0,0.0,0.0,0.0,0.0,0.0,0.0,0.0,0.0,0.0,0.0,0.0,0.0,0.0,0.0,0.0
Delhi,2008.0,Importation of Girls,07. Importation of Girls,0.0,0.0,0.0,0.0,0.0,0.0,0.0,0.0,1.0,1.0,0.0,0.0,0.0,0.0,0.0,0.0,0.0,0.0
Goa,2008.0,Importation of Girls,07. Importation of Girls,0.0,0.0,0.0,0.0,0.0,0.0,0.0,0.0,0.0,0.0,0.0,0.0,0.0,0.0,0.0,0.0,0.0,0.0
Gujarat,2008.0,Importation of Girls,07. Importation of Girls,0.0,0.0,0.0,0.0,0.0,0.0,0.0,0.0,0.0,0.0,0.0,0.0,0.0,0.0,0.0,0.0,0.0,0.0
Haryana,2008.0,Importation of Girls,07. Importation of Girls,0.0,0.0,0.0,0.0,0.0,0.0,0.0,0.0,0.0,0.0,0.0,0.0,0.0,0.0,0.0,0.0,0.0,0.0
Himachal Pradesh,2008.0,Importation of Girls,07. Importation of Girls,0.0,0.0,0.0,0.0,0.0,0.0,0.0,0.0,0.0,0.0,0.0,0.0,0.0,0.0,0.0,0.0,0.0,0.0
Jammu & Kashmir,2008.0,Importation of Girls,07. Importation of Girls,0.0,0.0,0.0,0.0,0.0,0.0,0.0,0.0,0.0,0.0,0.0,0.0,0.0,0.0,0.0,0.0,0.0,0.0
Jharkhand,2008.0,Importation of Girls,07. Importation of Girls,19.0,11.0,26.0,2.0,4.0,8.0,37.0,0.0,8.0,14.0,7.0,6.0,39.0,26.0,23.0,0.0,0.0,32.0
Karnataka,2008.0,Importation of Girls,07. Importation of Girls,0.0,0.0,0.0,0.0,0.0,0.0,0.0,0.0,1.0,0.0,0.0,0.0,1.0,0.0,0.0,0.0,0.0,0.0
Kerala,2008.0,Importation of Girls,07. Importation of Girls,0.0,0.0,0.0,0.0,0.0,0.0,0.0,0.0,0.0,0.0,0.0,0.0,0.0,0.0,0.0,0.0,0.0,0.0
Lakshadweep,2008.0,Importation of Girls,07. Importation of Girls,0.0,0.0,0.0,0.0,0.0,0.0,0.0,0.0,0.0,0.0,0.0,0.0,0.0,0.0,0.0,0.0,0.0,0.0
Madhya Pradesh,2008.0,Importation of Girls,07. Importation of Girls,0.0,0.0,0.0,0.0,0.0,0.0,0.0,0.0,0.0,0.0,2.0,2.0,0.0,0.0,0.0,0.0,0.0,2.0
Maharashtra,2008.0,Importation of Girls,07. Importation of Girls,0.0,0.0,0.0,0.0,0.0,0.0,0.0,0.0,0.0,0.0,0.0,0.0,0.0,0.0,0.0,0.0,0.0,0.0
Manipur,2008.0,Importation of Girls,07. Importation of Girls,0.0,0.0,0.0,0.0,0.0,0.0,0.0,0.0,0.0,0.0,0.0,0.0,0.0,0.0,0.0,0.0,0.0,0.0
Meghalaya,2008.0,Importation of Girls,07. Importation of Girls,0.0,0.0,0.0,0.0,0.0,0.0,0.0,0.0,0.0,0.0,0.0,0.0,0.0,0.0,0.0,0.0,0.0,0.0
Mizoram,2008.0,Importation of Girls,07. Importation of Girls,0.0,0.0,0.0,0.0,0.0,0.0,0.0,0.0,0.0,0.0,0.0,0.0,0.0,0.0,0.0,0.0,0.0,0.0
Nagaland,2008.0,Importation of Girls,07. Importation of Girls,0.0,0.0,0.0,0.0,0.0,0.0,0.0,0.0,0.0,0.0,0.0,0.0,0.0,0.0,0.0,0.0,0.0,0.0
Odisha,2008.0,Importation of Girls,07. Importation of Girls,0.0,0.0,0.0,0.0,0.0,0.0,0.0,0.0,0.0,0.0,12.0,12.0,0.0,0.0,0.0,0.0,0.0,12.0
Puducherry,2008.0,Importation of Girls,07. Importation of Girls,0.0,0.0,0.0,0.0,0.0,0.0,0.0,0.0,0.0,0.0,0.0,0.0,0.0,0.0,0.0,0.0,0.0,0.0
Punjab,2008.0,Importation of Girls,07. Importation of Girls,0.0,2.0,0.0,0.0,0.0,0.0,2.0,0.0,0.0,2.0,0.0,0.0,0.0,0.0,0.0,0.0,0.0,0.0
Rajasthan,2008.0,Importation of Girls,07. Importation of Girls,1.0,0.0,0.0,0.0,0.0,0.0,0.0,0.0,0.0,0.0,1.0,2.0,0.0,0.0,1.0,0.0,0.0,2.0
Sikkim,2008.0,Importation of Girls,07. Importation of Girls,0.0,0.0,0.0,0.0,0.0,0.0,0.0,0.0,0.0,0.0,0.0,0.0,0.0,0.0,0.0,0.0,0.0,0.0
Tamil Nadu,2008.0,Importation of Girls,07. Importation of Girls,0.0,0.0,0.0,0.0,0.0,0.0,0.0,0.0,0.0,0.0,0.0,0.0,0.0,0.0,0.0,0.0,0.0,0.0
Tripura,2008.0,Importation of Girls,07. Importation of Girls,0.0,0.0,0.0,0.0,0.0,0.0,0.0,0.0,0.0,0.0,0.0,0.0,0.0,0.0,0.0,0.0,0.0,0.0
Uttar Pradesh,2008.0,Importation of Girls,07. Importation of Girls,0.0,0.0,0.0,0.0,0.0,0.0,0.0,0.0,0.0,0.0,0.0,0.0,0.0,0.0,0.0,0.0,0.0,0.0
Uttarakhand,2008.0,Importation of Girls,07. Importation of Girls,0.0,0.0,0.0,0.0,0.0,0.0,0.0,0.0,0.0,0.0,0.0,0.0,0.0,0.0,0.0,0.0,0.0,0.0
West Bengal,2008.0,Importation of Girls,07. Importation of Girls,11.0,11.0,5.0,0.0,1.0,0.0,16.0,0.0,16.0,27.0,20.0,27.0,5.0,5.0,12.0,0.0,0.0,32.0
Andaman & Nicobar Islands,2009.0,Importation of Girls,07. Importation of Girls,0.0,0.0,0.0,0.0,0.0,0.0,0.0,0.0,0.0,0.0,0.0,0.0,0.0,0.0,0.0,0.0,0.0,0.0
Andhra Pradesh,2009.0,Importation of Girls,07. Importation of Girls,0.0,0.0,0.0,0.0,0.0,0.0,0.0,0.0,0.0,0.0,1.0,1.0,0.0,0.0,0.0,0.0,0.0,1.0
Arunachal Pradesh,2009.0,Importation of Girls,07. Importation of Girls,0.0,0.0,0.0,0.0,0.0,0.0,0.0,0.0,0.0,0.0,0.0,0.0,0.0,0.0,0.0,0.0,0.0,0.0
Assam,2009.0,Importation of Girls,07. Importation of Girls,0.0,0.0,1.0,0.0,0.0,0.0,1.0,0.0,0.0,0.0,2.0,1.0,1.0,1.0,0.0,0.0,0.0,2.0
Bihar,2009.0,Importation of Girls,07. Importation of Girls,2.0,0.0,23.0,0.0,4.0,5.0,23.0,0.0,33.0,30.0,227.0,210.0,31.0,23.0,6.0,0.0,0.0,233.0
Chandigarh,2009.0,Importation of Girls,07. Importation of Girls,0.0,0.0,0.0,0.0,0.0,0.0,0.0,0.0,0.0,0.0,0.0,0.0,0.0,0.0,0.0,0.0,0.0,0.0
Chhattisgarh,2009.0,Importation of Girls,07. Importation of Girls,0.0,0.0,0.0,0.0,0.0,0.0,0.0,0.0,0.0,0.0,0.0,0.0,0.0,0.0,0.0,0.0,0.0,0.0
Dadra & Nagar Haveli,2009.0,Importation of Girls,07. Importation of Girls,0.0,0.0,0.0,0.0,0.0,0.0,0.0,0.0,0.0,0.0,0.0,0.0,0.0,0.0,0.0,0.0,0.0,0.0
Daman & Diu,2009.0,Importation of Girls,07. Importation of Girls,0.0,0.0,0.0,0.0,0.0,0.0,0.0,0.0,0.0,0.0,0.0,0.0,0.0,0.0,0.0,0.0,0.0,0.0
Delhi,2009.0,Importation of Girls,07. Importation of Girls,0.0,0.0,0.0,0.0,0.0,0.0,0.0,0.0,1.0,1.0,0.0,0.0,0.0,0.0,0.0,0.0,0.0,0.0
Goa,2009.0,Importation of Girls,07. Importation of Girls,0.0,0.0,0.0,0.0,0.0,0.0,0.0,0.0,0.0,0.0,0.0,0.0,0.0,0.0,0.0,0.0,0.0,0.0
Gujarat,2009.0,Importation of Girls,07. Importation of Girls,0.0,0.0,0.0,0.0,0.0,0.0,0.0,0.0,0.0,0.0,0.0,0.0,0.0,0.0,0.0,0.0,0.0,0.0
Haryana,2009.0,Importation of Girls,07. Importation of Girls,0.0,0.0,0.0,0.0,0.0,0.0,0.0,0.0,0.0,0.0,0.0,0.0,0.0,0.0,0.0,0.0,0.0,0.0
Himachal Pradesh,2009.0,Importation of Girls,07. Importation of Girls,0.0,0.0,0.0,0.0,0.0,0.0,0.0,0.0,0.0,0.0,0.0,0.0,0.0,0.0,0.0,0.0,0.0,0.0
Jammu & Kashmir,2009.0,Importation of Girls,07. Importation of Girls,0.0,0.0,0.0,0.0,0.0,0.0,0.0,0.0,0.0,0.0,0.0,0.0,0.0,0.0,0.0,0.0,0.0,0.0
Jharkhand,2009.0,Importation of Girls,07. Importation of Girls,2.0,3.0,7.0,0.0,2.0,0.0,10.0,0.0,4.0,8.0,10.0,7.0,6.0,7.0,4.0,0.0,0.0,14.0
Karnataka,2009.0,Importation of Girls,07. Importation of Girls,0.0,0.0,0.0,0.0,0.0,0.0,0.0,0.0,3.0,1.0,0.0,0.0,2.0,0.0,0.0,0.0,0.0,0.0
Kerala,2009.0,Importation of Girls,07. Importation of Girls,0.0,0.0,0.0,0.0,0.0,0.0,0.0,0.0,0.0,0.0,0.0,0.0,0.0,0.0,0.0,0.0,0.0,0.0
Lakshadweep,2009.0,Importation of Girls,07. Importation of Girls,0.0,0.0,0.0,0.0,0.0,0.0,0.0,0.0,0.0,0.0,0.0,0.0,0.0,0.0,0.0,0.0,0.0,0.0
Madhya Pradesh,2009.0,Importation of Girls,07. Importation of Girls,0.0,0.0,1.0,0.0,0.0,0.0,1.0,0.0,0.0,0.0,3.0,2.0,1.0,1.0,0.0,0.0,0.0,3.0
Maharashtra,2009.0,Importation of Girls,07. Importation of Girls,0.0,0.0,0.0,0.0,0.0,0.0,0.0,0.0,0.0,0.0,0.0,0.0,0.0,0.0,0.0,0.0,0.0,0.0
Manipur,2009.0,Importation of Girls,07. Importation of Girls,0.0,0.0,0.0,0.0,0.0,0.0,0.0,0.0,0.0,0.0,0.0,0.0,0.0,0.0,0.0,0.0,0.0,0.0
Meghalaya,2009.0,Importation of Girls,07. Importation of Girls,0.0,0.0,1.0,0.0,0.0,0.0,1.0,0.0,0.0,0.0,1.0,0.0,1.0,1.0,0.0,0.0,0.0,1.0
Mizoram,2009.0,Importation of Girls,07. Importation of Girls,0.0,0.0,0.0,0.0,0.0,0.0,0.0,0.0,0.0,0.0,0.0,0.0,0.0,0.0,0.0,0.0,0.0,0.0
Nagaland,2009.0,Importation of Girls,07. Importation of Girls,0.0,0.0,0.0,0.0,0.0,0.0,0.0,0.0,0.0,0.0,0.0,0.0,0.0,0.0,0.0,0.0,0.0,0.0
Odisha,2009.0,Importation of Girls,07. Importation of Girls,0.0,0.0,0.0,0.0,0.0,1.0,0.0,0.0,0.0,0.0,12.0,12.0,1.0,0.0,0.0,0.0,0.0,12.0
Puducherry,2009.0,Importation of Girls,07. Importation of Girls,0.0,0.0,0.0,0.0,0.0,0.0,0.0,0.0,0.0,0.0,0.0,0.0,0.0,0.0,0.0,0.0,0.0,0.0
Punjab,2009.0,Importation of Girls,07. Importation of Girls,0.0,0.0,0.0,0.0,0.0,0.0,0.0,0.0,0.0,0.0,0.0,0.0,0.0,0.0,0.0,0.0,0.0,0.0
Rajasthan,2009.0,Importation of Girls,07. Importation of Girls,0.0,0.0,0.0,0.0,0.0,0.0,0.0,0.0,0.0,0.0,1.0,1.0,0.0,0.0,0.0,0.0,0.0,1.0
Sikkim,2009.0,Importation of Girls,07. Importation of Girls,0.0,0.0,0.0,0.0,0.0,0.0,0.0,0.0,0.0,0.0,0.0,0.0,0.0,0.0,0.0,0.0,0.0,0.0
Tamil Nadu,2009.0,Importation of Girls,07. Importation of Girls,0.0,0.0,0.0,0.0,0.0,0.0,0.0,0.0,0.0,0.0,0.0,0.0,0.0,0.0,0.0,0.0,0.0,0.0
Tripura,2009.0,Importation of Girls,07. Importation of Girls,0.0,0.0,0.0,0.0,0.0,0.0,0.0,0.0,0.0,0.0,0.0,0.0,0.0,0.0,0.0,0.0,0.0,0.0
Uttar Pradesh,2009.0,Importation of Girls,07. Importation of Girls,0.0,0.0,0.0,0.0,0.0,0.0,0.0,0.0,0.0,0.0,0.0,0.0,0.0,0.0,0.0,0.0,0.0,0.0
Uttarakhand,2009.0,Importation of Girls,07. Importation of Girls,0.0,0.0,0.0,0.0,0.0,0.0,0.0,0.0,0.0,0.0,0.0,0.0,0.0,0.0,0.0,0.0,0.0,0.0
West Bengal,2009.0,Importation of Girls,07. Importation of Girls,11.0,2.0,9.0,0.0,0.0,0.0,11.0,0.0,10.0,16.0,18.0,20.0,5.0,9.0,11.0,0.0,0.0,29.0
Andaman & Nicobar Islands,2010.0,Importation of Girls,07. Importation of Girls,0.0,0.0,0.0,0.0,0.0,0.0,0.0,0.0,0.0,0.0,0.0,0.0,0.0,0.0,0.0,0.0,0.0,0.0
Andhra Pradesh,2010.0,Importation of Girls,07. Importation of Girls,0.0,0.0,0.0,0.0,0.0,0.0,0.0,0.0,0.0,0.0,1.0,1.0,0.0,0.0,0.0,0.0,0.0,1.0
Arunachal Pradesh,2010.0,Importation of Girls,07. Importation of Girls,0.0,0.0,0.0,0.0,0.0,0.0,0.0,0.0,0.0,0.0,0.0,0.0,0.0,0.0,0.0,0.0,0.0,0.0
Assam,2010.0,Importation of Girls,07. Importation of Girls,0.0,0.0,0.0,0.0,0.0,0.0,0.0,0.0,0.0,0.0,2.0,2.0,0.0,0.0,0.0,0.0,0.0,2.0
Bihar,2010.0,Importation of Girls,07. Importation of Girls,5.0,1.0,9.0,0.0,1.0,0.0,10.0,0.0,31.0,33.0,230.0,227.0,8.0,9.0,6.0,0.0,0.0,236.0
Chandigarh,2010.0,Importation of Girls,07. Importation of Girls,0.0,0.0,0.0,0.0,0.0,0.0,0.0,0.0,0.0,0.0,0.0,0.0,0.0,0.0,0.0,0.0,0.0,0.0
Chhattisgarh,2010.0,Importation of Girls,07. Importation of Girls,0.0,0.0,2.0,0.0,0.0,0.0,2.0,0.0,0.0,0.0,2.0,0.0,2.0,2.0,0.0,0.0,0.0,2.0
Dadra & Nagar Haveli,2010.0,Importation of Girls,07. Importation of Girls,0.0,0.0,0.0,0.0,0.0,0.0,0.0,0.0,0.0,0.0,0.0,0.0,0.0,0.0,0.0,0.0,0.0,0.0
Daman & Diu,2010.0,Importation of Girls,07. Importation of Girls,0.0,0.0,0.0,0.0,0.0,0.0,0.0,0.0,0.0,0.0,0.0,0.0,0.0,0.0,0.0,0.0,0.0,0.0
Delhi,2010.0,Importation of Girls,07. Importation of Girls,0.0,0.0,0.0,0.0,0.0,0.0,0.0,0.0,1.0,1.0,0.0,0.0,0.0,0.0,0.0,0.0,0.0,0.0
Goa,2010.0,Importation of Girls,07. Importation of Girls,0.0,0.0,0.0,0.0,0.0,0.0,0.0,0.0,0.0,0.0,0.0,0.0,0.0,0.0,0.0,0.0,0.0,0.0
Gujarat,2010.0,Importation of Girls,07. Importation of Girls,0.0,0.0,0.0,0.0,0.0,0.0,0.0,0.0,0.0,0.0,0.0,0.0,0.0,0.0,0.0,0.0,0.0,0.0
Haryana,2010.0,Importation of Girls,07. Importation of Girls,0.0,0.0,0.0,0.0,0.0,0.0,0.0,0.0,0.0,0.0,0.0,0.0,0.0,0.0,0.0,0.0,0.0,0.0
Himachal Pradesh,2010.0,Importation of Girls,07. Importation of Girls,0.0,0.0,0.0,0.0,0.0,0.0,0.0,0.0,0.0,0.0,0.0,0.0,0.0,0.0,0.0,0.0,0.0,0.0
Jammu & Kashmir,2010.0,Importation of Girls,07. Importation of Girls,0.0,0.0,0.0,0.0,0.0,0.0,0.0,0.0,0.0,0.0,0.0,0.0,0.0,0.0,0.0,0.0,0.0,0.0
Jharkhand,2010.0,Importation of Girls,07. Importation of Girls,1.0,2.0,3.0,0.0,3.0,0.0,5.0,0.0,7.0,4.0,9.0,10.0,8.0,3.0,4.0,0.0,0.0,13.0
Karnataka,2010.0,Importation of Girls,07. Importation of Girls,0.0,0.0,0.0,0.0,0.0,3.0,0.0,0.0,0.0,3.0,0.0,0.0,0.0,0.0,0.0,0.0,0.0,0.0
Kerala,2010.0,Importation of Girls,07. Importation of Girls,0.0,0.0,0.0,0.0,0.0,0.0,0.0,0.0,0.0,0.0,0.0,0.0,0.0,0.0,0.0,0.0,0.0,0.0
Lakshadweep,2010.0,Importation of Girls,07. Importation of Girls,0.0,0.0,0.0,0.0,0.0,0.0,0.0,0.0,0.0,0.0,0.0,0.0,0.0,0.0,0.0,0.0,0.0,0.0
Madhya Pradesh,2010.0,Importation of Girls,07. Importation of Girls,1.0,0.0,5.0,0.0,0.0,0.0,5.0,0.0,0.0,0.0,7.0,3.0,5.0,5.0,1.0,0.0,0.0,8.0
Maharashtra,2010.0,Importation of Girls,07. Importation of Girls,0.0,0.0,0.0,0.0,0.0,0.0,0.0,0.0,0.0,0.0,0.0,0.0,0.0,0.0,0.0,0.0,0.0,0.0
Manipur,2010.0,Importation of Girls,07. Importation of Girls,0.0,0.0,0.0,0.0,0.0,0.0,0.0,0.0,0.0,0.0,0.0,0.0,0.0,0.0,0.0,0.0,0.0,0.0
Meghalaya,2010.0,Importation of Girls,07. Importation of Girls,1.0,0.0,0.0,0.0,0.0,0.0,0.0,0.0,0.0,0.0,0.0,1.0,0.0,0.0,1.0,0.0,0.0,1.0
Mizoram,2010.0,Importation of Girls,07. Importation of Girls,0.0,0.0,0.0,0.0,0.0,0.0,0.0,0.0,0.0,0.0,0.0,0.0,0.0,0.0,0.0,0.0,0.0,0.0
Nagaland,2010.0,Importation of Girls,07. Importation of Girls,0.0,0.0,0.0,0.0,0.0,0.0,0.0,0.0,0.0,0.0,0.0,0.0,0.0,0.0,0.0,0.0,0.0,0.0
Odisha,2010.0,Importation of Girls,07. Importation of Girls,0.0,0.0,2.0,0.0,0.0,0.0,2.0,0.0,3.0,0.0,14.0,12.0,5.0,2.0,0.0,0.0,0.0,14.0
Puducherry,2010.0,Importation of Girls,07. Importation of Girls,0.0,0.0,0.0,0.0,0.0,0.0,0.0,0.0,0.0,0.0,0.0,0.0,0.0,0.0,0.0,0.0,0.0,0.0
Punjab,2010.0,Importation of Girls,07. Importation of Girls,0.0,0.0,0.0,0.0,0.0,0.0,0.0,0.0,0.0,0.0,0.0,0.0,0.0,0.0,0.0,0.0,0.0,0.0
Rajasthan,2010.0,Importation of Girls,07. Importation of Girls,0.0,0.0,0.0,0.0,0.0,0.0,0.0,0.0,0.0,0.0,1.0,1.0,0.0,0.0,0.0,0.0,0.0,1.0
Sikkim,2010.0,Importation of Girls,07. Importation of Girls,0.0,0.0,0.0,0.0,0.0,0.0,0.0,0.0,0.0,0.0,0.0,0.0,0.0,0.0,0.0,0.0,0.0,0.0
Tamil Nadu,2010.0,Importation of Girls,07. Importation of Girls,0.0,0.0,0.0,0.0,0.0,0.0,0.0,0.0,0.0,0.0,0.0,0.0,0.0,0.0,0.0,0.0,0.0,0.0
Tripura,2010.0,Importation of Girls,07. Importation of Girls,0.0,0.0,0.0,0.0,0.0,0.0,0.0,0.0,0.0,0.0,0.0,0.0,0.0,0.0,0.0,0.0,0.0,0.0
Uttar Pradesh,2010.0,Importation of Girls,07. Importation of Girls,0.0,0.0,0.0,0.0,0.0,0.0,0.0,0.0,0.0,0.0,0.0,0.0,0.0,0.0,0.0,0.0,0.0,0.0
Uttarakhand,2010.0,Importation of Girls,07. Importation of Girls,0.0,0.0,0.0,0.0,0.0,0.0,0.0,0.0,0.0,0.0,0.0,0.0,0.0,0.0,0.0,0.0,0.0,0.0
West Bengal,2010.0,Importation of Girls,07. Importation of Girls,8.0,0.0,8.0,0.0,0.0,0.0,8.0,0.0,10.0,10.0,18.0,18.0,8.0,8.0,8.0,0.0,0.0,26.0
Andaman & Nicobar Islands,2001.0,Immoral Traffic (Prevention) Act,08. Immoral Traffic Prevention Act,1956.0,0.0,0.0,0.0,0.0,0.0,0.0,0.0,0.0,0.0,0.0,5.0,5.0,0.0,0.0,0.0,0.0,0.0
Andhra Pradesh,2001.0,Immoral Traffic (Prevention) Act,08. Immoral Traffic Prevention Act,1956.0,240.0,0.0,1351.0,0.0,1092.0,5.0,1351.0,0.0,33.0,57.0,407.0,388.0,1332.0,1351.0,1332.0,0.0,0.0
Arunachal Pradesh,2001.0,Immoral Traffic (Prevention) Act,08. Immoral Traffic Prevention Act,1956.0,0.0,0.0,0.0,0.0,0.0,0.0,0.0,0.0,0.0,0.0,1.0,1.0,0.0,0.0,0.0,0.0,0.0
Assam,2001.0,Immoral Traffic (Prevention) Act,08. Immoral Traffic Prevention Act,1956.0,3.0,7.0,5.0,0.0,2.0,0.0,12.0,0.0,16.0,22.0,19.0,19.0,6.0,5.0,5.0,0.0,0.0
Bihar,2001.0,Immoral Traffic (Prevention) Act,08. Immoral Traffic Prevention Act,1956.0,10.0,0.0,28.0,0.0,2.0,1.0,28.0,0.0,9.0,9.0,70.0,54.0,29.0,28.0,12.0,0.0,0.0
Chandigarh,2001.0,Immoral Traffic (Prevention) Act,08. Immoral Traffic Prevention Act,1956.0,0.0,0.0,3.0,0.0,0.0,0.0,3.0,0.0,1.0,1.0,22.0,19.0,3.0,3.0,0.0,0.0,0.0
Chhattisgarh,2001.0,Immoral Traffic (Prevention) Act,08. Immoral Traffic Prevention Act,1956.0,2.0,0.0,11.0,0.0,4.0,0.0,11.0,0.0,1.0,0.0,19.0,14.0,12.0,11.0,6.0,0.0,0.0
Dadra & Nagar Haveli,2001.0,Immoral Traffic (Prevention) Act,08. Immoral Traffic Prevention Act,1956.0,0.0,0.0,0.0,0.0,0.0,0.0,0.0,0.0,0.0,0.0,0.0,0.0,0.0,0.0,0.0,0.0,0.0
Daman & Diu,2001.0,Immoral Traffic (Prevention) Act,08. Immoral Traffic Prevention Act,1956.0,0.0,0.0,3.0,0.0,0.0,0.0,3.0,0.0,0.0,0.0,3.0,0.0,3.0,3.0,0.0,0.0,0.0
Delhi,2001.0,Immoral Traffic (Prevention) Act,08. Immoral Traffic Prevention Act,1956.0,3.0,0.0,96.0,0.0,44.0,0.0,96.0,0.0,78.0,79.0,665.0,616.0,95.0,96.0,47.0,0.0,0.0
Goa,2001.0,Immoral Traffic (Prevention) Act,08. Immoral Traffic Prevention Act,1956.0,2.0,0.0,28.0,0.0,64.0,0.0,28.0,0.0,0.0,0.0,24.0,62.0,28.0,28.0,66.0,0.0,0.0
Gujarat,2001.0,Immoral Traffic (Prevention) Act,08. Immoral Traffic Prevention Act,1956.0,2.0,0.0,68.0,0.0,7.0,0.0,68.0,0.0,0.0,7.0,177.0,118.0,61.0,68.0,9.0,0.0,0.0
Haryana,2001.0,Immoral Traffic (Prevention) Act,08. Immoral Traffic Prevention Act,1956.0,8.0,0.0,21.0,0.0,1.0,0.0,21.0,0.0,2.0,2.0,42.0,30.0,21.0,21.0,9.0,0.0,0.0
Himachal Pradesh,2001.0,Immoral Traffic (Prevention) Act,08. Immoral Traffic Prevention Act,1956.0,0.0,0.0,1.0,0.0,0.0,0.0,1.0,0.0,1.0,1.0,2.0,1.0,1.0,1.0,0.0,0.0,0.0
Jammu & Kashmir,2001.0,Immoral Traffic (Prevention) Act,08. Immoral Traffic Prevention Act,1956.0,1.0,1.0,2.0,0.0,0.0,2.0,3.0,0.0,2.0,0.0,9.0,8.0,7.0,2.0,1.0,0.0,0.0
Jharkhand,2001.0,Immoral Traffic (Prevention) Act,08. Immoral Traffic Prevention Act,1956.0,2.0,1.0,2.0,0.0,1.0,0.0,3.0,0.0,2.0,2.0,8.0,9.0,3.0,2.0,3.0,0.0,0.0
Karnataka,2001.0,Immoral Traffic (Prevention) Act,08. Immoral Traffic Prevention Act,1956.0,137.0,1.0,1359.0,1.0,1255.0,0.0,1360.0,0.0,8.0,12.0,674.0,708.0,1356.0,1359.0,1392.0,0.0,0.0
Kerala,2001.0,Immoral Traffic (Prevention) Act,08. Immoral Traffic Prevention Act,1956.0,61.0,0.0,130.0,0.0,24.0,0.0,130.0,0.0,25.0,23.0,276.0,231.0,132.0,130.0,85.0,0.0,0.0
Lakshadweep,2001.0,Immoral Traffic (Prevention) Act,08. Immoral Traffic Prevention Act,1956.0,0.0,0.0,0.0,0.0,0.0,0.0,0.0,0.0,0.0,0.0,0.0,0.0,0.0,0.0,0.0,0.0,0.0
Madhya Pradesh,2001.0,Immoral Traffic (Prevention) Act,08. Immoral Traffic Prevention Act,1956.0,15.0,0.0,14.0,0.0,17.0,0.0,14.0,0.0,1.0,0.0,52.0,70.0,15.0,14.0,32.0,0.0,0.0
Maharashtra,2001.0,Immoral Traffic (Prevention) Act,08. Immoral Traffic Prevention Act,1956.0,33.0,0.0,232.0,1.0,55.0,0.0,232.0,0.0,471.0,470.0,2071.0,1928.0,233.0,232.0,88.0,0.0,0.0
Manipur,2001.0,Immoral Traffic (Prevention) Act,08. Immoral Traffic Prevention Act,1956.0,0.0,0.0,4.0,0.0,7.0,0.0,4.0,0.0,0.0,0.0,0.0,3.0,4.0,4.0,7.0,0.0,0.0
Meghalaya,2001.0,Immoral Traffic (Prevention) Act,08. Immoral Traffic Prevention Act,1956.0,0.0,0.0,0.0,0.0,0.0,0.0,0.0,0.0,1.0,1.0,2.0,2.0,0.0,0.0,0.0,0.0,0.0
Mizoram,2001.0,Immoral Traffic (Prevention) Act,08. Immoral Traffic Prevention Act,1956.0,0.0,0.0,2.0,0.0,4.0,0.0,2.0,0.0,0.0,0.0,0.0,2.0,2.0,2.0,4.0,0.0,0.0
Nagaland,2001.0,Immoral Traffic (Prevention) Act,08. Immoral Traffic Prevention Act,1956.0,0.0,0.0,1.0,0.0,1.0,0.0,1.0,0.0,0.0,0.0,1.0,1.0,1.0,1.0,1.0,0.0,0.0
Odisha,2001.0,Immoral Traffic (Prevention) Act,08. Immoral Traffic Prevention Act,1956.0,10.0,0.0,26.0,0.0,3.0,0.0,26.0,0.0,9.0,11.0,68.0,55.0,24.0,26.0,13.0,0.0,0.0
Puducherry,2001.0,Immoral Traffic (Prevention) Act,08. Immoral Traffic Prevention Act,1956.0,0.0,0.0,39.0,0.0,43.0,0.0,39.0,0.0,0.0,0.0,5.0,9.0,39.0,39.0,43.0,0.0,0.0
Punjab,2001.0,Immoral Traffic (Prevention) Act,08. Immoral Traffic Prevention Act,1956.0,2.0,4.0,18.0,0.0,2.0,1.0,22.0,0.0,22.0,13.0,43.0,29.0,32.0,18.0,4.0,0.0,0.0
Rajasthan,2001.0,Immoral Traffic (Prevention) Act,08. Immoral Traffic Prevention Act,1956.0,16.0,0.0,68.0,0.0,32.0,0.0,68.0,0.0,0.0,0.0,325.0,305.0,68.0,68.0,48.0,0.0,0.0
Sikkim,2001.0,Immoral Traffic (Prevention) Act,08. Immoral Traffic Prevention Act,1956.0,0.0,0.0,0.0,0.0,0.0,0.0,0.0,0.0,0.0,0.0,0.0,0.0,0.0,0.0,0.0,0.0,0.0
Tamil Nadu,2001.0,Immoral Traffic (Prevention) Act,08. Immoral Traffic Prevention Act,1956.0,22.0,0.0,5231.0,2.0,5056.0,0.0,5231.0,0.0,2.0,1.0,459.0,308.0,5232.0,5231.0,5078.0,0.0,0.0
Tripura,2001.0,Immoral Traffic (Prevention) Act,08. Immoral Traffic Prevention Act,1956.0,0.0,0.0,0.0,0.0,0.0,0.0,0.0,0.0,0.0,0.0,0.0,0.0,0.0,0.0,0.0,0.0,0.0
Uttar Pradesh,2001.0,Immoral Traffic (Prevention) Act,08. Immoral Traffic Prevention Act,1956.0,5.0,0.0,23.0,0.0,39.0,0.0,23.0,0.0,4.0,1.0,103.0,124.0,26.0,23.0,44.0,0.0,0.0
Uttarakhand,2001.0,Immoral Traffic (Prevention) Act,08. Immoral Traffic Prevention Act,1956.0,0.0,0.0,0.0,0.0,3.0,0.0,0.0,0.0,0.0,0.0,0.0,3.0,0.0,0.0,3.0,0.0,0.0
West Bengal,2001.0,Immoral Traffic (Prevention) Act,08. Immoral Traffic Prevention Act,1956.0,2.0,0.0,51.0,0.0,0.0,0.0,51.0,0.0,55.0,75.0,110.0,61.0,31.0,51.0,2.0,0.0,0.0
Andaman & Nicobar Islands,2002.0,Immoral Traffic (Prevention) Act,08. Immoral Traffic Prevention Act,1956.0,0.0,0.0,0.0,0.0,0.0,0.0,0.0,0.0,0.0,0.0,5.0,5.0,0.0,0.0,0.0,0.0,0.0
Andhra Pradesh,2002.0,Immoral Traffic (Prevention) Act,08. Immoral Traffic Prevention Act,1956.0,133.0,0.0,853.0,0.0,629.0,2.0,853.0,0.0,49.0,33.0,498.0,407.0,871.0,853.0,762.0,0.0,0.0
Arunachal Pradesh,2002.0,Immoral Traffic (Prevention) Act,08. Immoral Traffic Prevention Act,1956.0,0.0,0.0,0.0,0.0,0.0,0.0,0.0,0.0,0.0,0.0,1.0,1.0,0.0,0.0,0.0,0.0,0.0
Assam,2002.0,Immoral Traffic (Prevention) Act,08. Immoral Traffic Prevention Act,1956.0,6.0,4.0,8.0,1.0,1.0,0.0,12.0,0.0,28.0,16.0,19.0,19.0,24.0,8.0,7.0,0.0,0.0
Bihar,2002.0,Immoral Traffic (Prevention) Act,08. Immoral Traffic Prevention Act,1956.0,12.0,0.0,7.0,0.0,2.0,0.0,7.0,0.0,12.0,9.0,74.0,81.0,10.0,7.0,14.0,0.0,0.0
Chandigarh,2002.0,Immoral Traffic (Prevention) Act,08. Immoral Traffic Prevention Act,1956.0,0.0,0.0,4.0,0.0,0.0,0.0,4.0,0.0,0.0,1.0,26.0,22.0,3.0,4.0,0.0,0.0,0.0
Chhattisgarh,2002.0,Immoral Traffic (Prevention) Act,08. Immoral Traffic Prevention Act,1956.0,4.0,0.0,12.0,0.0,2.0,0.0,12.0,0.0,1.0,1.0,25.0,19.0,12.0,12.0,6.0,0.0,0.0
Dadra & Nagar Haveli,2002.0,Immoral Traffic (Prevention) Act,08. Immoral Traffic Prevention Act,1956.0,0.0,0.0,0.0,0.0,0.0,0.0,0.0,0.0,0.0,0.0,0.0,0.0,0.0,0.0,0.0,0.0,0.0
Daman & Diu,2002.0,Immoral Traffic (Prevention) Act,08. Immoral Traffic Prevention Act,1956.0,2.0,0.0,3.0,0.0,0.0,0.0,3.0,0.0,0.0,0.0,4.0,3.0,3.0,3.0,2.0,0.0,0.0
Delhi,2002.0,Immoral Traffic (Prevention) Act,08. Immoral Traffic Prevention Act,1956.0,27.0,1.0,64.0,0.0,34.0,0.0,65.0,0.0,82.0,78.0,668.0,665.0,69.0,64.0,61.0,0.0,0.0
Goa,2002.0,Immoral Traffic (Prevention) Act,08. Immoral Traffic Prevention Act,1956.0,6.0,0.0,25.0,0.0,28.0,0.0,25.0,0.0,0.0,0.0,15.0,24.0,25.0,25.0,34.0,0.0,0.0
Gujarat,2002.0,Immoral Traffic (Prevention) Act,08. Immoral Traffic Prevention Act,1956.0,1.0,0.0,54.0,0.0,0.0,0.0,54.0,0.0,3.0,0.0,230.0,177.0,57.0,54.0,1.0,0.0,0.0
Haryana,2002.0,Immoral Traffic (Prevention) Act,08. Immoral Traffic Prevention Act,1956.0,6.0,0.0,31.0,0.0,1.0,0.0,31.0,0.0,3.0,2.0,66.0,42.0,32.0,31.0,7.0,0.0,0.0
Himachal Pradesh,2002.0,Immoral Traffic (Prevention) Act,08. Immoral Traffic Prevention Act,1956.0,0.0,0.0,2.0,1.0,0.0,0.0,2.0,0.0,1.0,1.0,3.0,2.0,2.0,2.0,0.0,0.0,0.0
Jammu & Kashmir,2002.0,Immoral Traffic (Prevention) Act,08. Immoral Traffic Prevention Act,1956.0,0.0,0.0,4.0,0.0,0.0,0.0,4.0,0.0,1.0,2.0,13.0,9.0,3.0,4.0,0.0,0.0,0.0
Jharkhand,2002.0,Immoral Traffic (Prevention) Act,08. Immoral Traffic Prevention Act,1956.0,1.0,0.0,1.0,0.0,0.0,0.0,1.0,0.0,3.0,1.0,14.0,14.0,3.0,1.0,1.0,0.0,0.0
Karnataka,2002.0,Immoral Traffic (Prevention) Act,08. Immoral Traffic Prevention Act,1956.0,129.0,0.0,1381.0,2.0,1212.0,0.0,1381.0,0.0,15.0,8.0,712.0,674.0,1388.0,1381.0,1341.0,0.0,0.0
Kerala,2002.0,Immoral Traffic (Prevention) Act,08. Immoral Traffic Prevention Act,1956.0,21.0,1.0,126.0,4.0,38.0,0.0,127.0,0.0,30.0,25.0,339.0,276.0,132.0,126.0,59.0,0.0,0.0
Lakshadweep,2002.0,Immoral Traffic (Prevention) Act,08. Immoral Traffic Prevention Act,1956.0,0.0,0.0,0.0,0.0,0.0,0.0,0.0,0.0,0.0,0.0,0.0,0.0,0.0,0.0,0.0,0.0,0.0
Madhya Pradesh,2002.0,Immoral Traffic (Prevention) Act,08. Immoral Traffic Prevention Act,1956.0,0.0,0.0,15.0,0.0,6.0,0.0,15.0,0.0,0.0,1.0,61.0,52.0,14.0,15.0,6.0,0.0,0.0
Maharashtra,2002.0,Immoral Traffic (Prevention) Act,08. Immoral Traffic Prevention Act,1956.0,41.0,0.0,151.0,4.0,35.0,0.0,151.0,0.0,502.0,471.0,2142.0,2071.0,182.0,151.0,76.0,0.0,0.0
Manipur,2002.0,Immoral Traffic (Prevention) Act,08. Immoral Traffic Prevention Act,1956.0,0.0,0.0,6.0,0.0,6.0,0.0,6.0,0.0,0.0,0.0,0.0,0.0,6.0,6.0,6.0,0.0,0.0
Meghalaya,2002.0,Immoral Traffic (Prevention) Act,08. Immoral Traffic Prevention Act,1956.0,1.0,1.0,0.0,0.0,0.0,0.0,1.0,0.0,0.0,1.0,1.0,2.0,0.0,0.0,1.0,0.0,0.0
Mizoram,2002.0,Immoral Traffic (Prevention) Act,08. Immoral Traffic Prevention Act,1956.0,0.0,0.0,0.0,0.0,0.0,0.0,0.0,0.0,0.0,0.0,0.0,0.0,0.0,0.0,0.0,0.0,0.0
Nagaland,2002.0,Immoral Traffic (Prevention) Act,08. Immoral Traffic Prevention Act,1956.0,0.0,0.0,3.0,0.0,0.0,0.0,3.0,0.0,1.0,0.0,3.0,1.0,4.0,3.0,0.0,1.0,0.0
Odisha,2002.0,Immoral Traffic (Prevention) Act,08. Immoral Traffic Prevention Act,1956.0,12.0,0.0,18.0,0.0,3.0,0.0,18.0,0.0,15.0,9.0,71.0,68.0,24.0,18.0,15.0,0.0,0.0
Puducherry,2002.0,Immoral Traffic (Prevention) Act,08. Immoral Traffic Prevention Act,1956.0,2.0,0.0,27.0,0.0,27.0,0.0,27.0,0.0,0.0,0.0,3.0,5.0,27.0,27.0,29.0,0.0,0.0
Punjab,2002.0,Immoral Traffic (Prevention) Act,08. Immoral Traffic Prevention Act,1956.0,8.0,1.0,33.0,0.0,1.0,2.0,34.0,0.0,24.0,22.0,67.0,43.0,38.0,33.0,9.0,0.0,0.0
Rajasthan,2002.0,Immoral Traffic (Prevention) Act,08. Immoral Traffic Prevention Act,1956.0,23.0,0.0,54.0,0.0,18.0,0.0,54.0,0.0,1.0,0.0,338.0,325.0,55.0,54.0,41.0,0.0,0.0
Sikkim,2002.0,Immoral Traffic (Prevention) Act,08. Immoral Traffic Prevention Act,1956.0,0.0,0.0,0.0,0.0,0.0,0.0,0.0,0.0,0.0,0.0,0.0,0.0,0.0,0.0,0.0,0.0,0.0
Tamil Nadu,2002.0,Immoral Traffic (Prevention) Act,08. Immoral Traffic Prevention Act,1956.0,23.0,1.0,3508.0,3.0,3464.0,1.0,3509.0,0.0,13.0,2.0,477.0,459.0,3530.0,3508.0,3487.0,0.0,9.0
Tripura,2002.0,Immoral Traffic (Prevention) Act,08. Immoral Traffic Prevention Act,1956.0,0.0,0.0,0.0,0.0,0.0,0.0,0.0,0.0,0.0,0.0,0.0,0.0,0.0,0.0,0.0,0.0,0.0
Uttar Pradesh,2002.0,Immoral Traffic (Prevention) Act,08. Immoral Traffic Prevention Act,1956.0,8.0,0.0,45.0,0.0,20.0,0.0,45.0,0.0,1.0,4.0,120.0,103.0,42.0,45.0,28.0,0.0,0.0
Uttarakhand,2002.0,Immoral Traffic (Prevention) Act,08. Immoral Traffic Prevention Act,1956.0,0.0,0.0,0.0,0.0,0.0,0.0,0.0,0.0,0.0,0.0,0.0,0.0,0.0,0.0,0.0,0.0,0.0
West Bengal,2002.0,Immoral Traffic (Prevention) Act,08. Immoral Traffic Prevention Act,1956.0,3.0,2.0,18.0,0.0,5.0,0.0,20.0,0.0,77.0,55.0,120.0,110.0,42.0,18.0,8.0,0.0,0.0
Andaman & Nicobar Islands,2003.0,Immoral Traffic (Prevention) Act,08. Immoral Traffic Prevention Act,1956.0,0.0,0.0,0.0,0.0,0.0,0.0,0.0,0.0,0.0,0.0,5.0,5.0,0.0,0.0,0.0,0.0,0.0
Andhra Pradesh,2003.0,Immoral Traffic (Prevention) Act,08. Immoral Traffic Prevention Act,1956.0,163.0,0.0,331.0,4.0,111.0,0.0,331.0,0.0,67.0,49.0,551.0,498.0,349.0,331.0,274.0,0.0,0.0
Arunachal Pradesh,2003.0,Immoral Traffic (Prevention) Act,08. Immoral Traffic Prevention Act,1956.0,0.0,0.0,0.0,0.0,0.0,0.0,0.0,0.0,0.0,0.0,1.0,1.0,0.0,0.0,0.0,0.0,0.0
Assam,2003.0,Immoral Traffic (Prevention) Act,08. Immoral Traffic Prevention Act,1956.0,3.0,3.0,13.0,0.0,1.0,0.0,16.0,0.0,34.0,28.0,28.0,19.0,22.0,13.0,4.0,0.0,0.0
Bihar,2003.0,Immoral Traffic (Prevention) Act,08. Immoral Traffic Prevention Act,1956.0,5.0,0.0,7.0,0.0,3.0,0.0,7.0,0.0,14.0,12.0,73.0,74.0,9.0,7.0,8.0,0.0,0.0
Chandigarh,2003.0,Immoral Traffic (Prevention) Act,08. Immoral Traffic Prevention Act,1956.0,0.0,0.0,2.0,0.0,0.0,0.0,2.0,0.0,2.0,0.0,28.0,26.0,4.0,2.0,0.0,0.0,0.0
Chhattisgarh,2003.0,Immoral Traffic (Prevention) Act,08. Immoral Traffic Prevention Act,1956.0,5.0,0.0,8.0,0.0,0.0,0.0,8.0,0.0,0.0,1.0,28.0,25.0,7.0,8.0,5.0,0.0,0.0
Dadra & Nagar Haveli,2003.0,Immoral Traffic (Prevention) Act,08. Immoral Traffic Prevention Act,1956.0,0.0,0.0,2.0,0.0,0.0,0.0,2.0,0.0,0.0,0.0,2.0,0.0,2.0,2.0,0.0,0.0,0.0
Daman & Diu,2003.0,Immoral Traffic (Prevention) Act,08. Immoral Traffic Prevention Act,1956.0,0.0,0.0,0.0,0.0,0.0,0.0,0.0,0.0,0.0,0.0,0.0,0.0,0.0,0.0,0.0,0.0,0.0
Delhi,2003.0,Immoral Traffic (Prevention) Act,08. Immoral Traffic Prevention Act,1956.0,22.0,0.0,52.0,0.0,40.0,0.0,52.0,0.0,76.0,82.0,658.0,668.0,46.0,52.0,62.0,0.0,0.0
Goa,2003.0,Immoral Traffic (Prevention) Act,08. Immoral Traffic Prevention Act,1956.0,1.0,0.0,24.0,0.0,24.0,0.0,24.0,0.0,1.0,0.0,14.0,15.0,25.0,24.0,25.0,0.0,0.0
Gujarat,2003.0,Immoral Traffic (Prevention) Act,08. Immoral Traffic Prevention Act,1956.0,5.0,0.0,77.0,0.0,0.0,0.0,77.0,0.0,0.0,3.0,302.0,230.0,74.0,77.0,5.0,0.0,0.0
Haryana,2003.0,Immoral Traffic (Prevention) Act,08. Immoral Traffic Prevention Act,1956.0,2.0,1.0,59.0,0.0,0.0,0.0,60.0,0.0,0.0,3.0,123.0,66.0,57.0,59.0,2.0,0.0,0.0
Himachal Pradesh,2003.0,Immoral Traffic (Prevention) Act,08. Immoral Traffic Prevention Act,1956.0,0.0,0.0,6.0,0.0,0.0,0.0,6.0,0.0,0.0,1.0,9.0,3.0,5.0,6.0,0.0,0.0,0.0
Jammu & Kashmir,2003.0,Immoral Traffic (Prevention) Act,08. Immoral Traffic Prevention Act,1956.0,1.0,0.0,1.0,0.0,0.0,0.0,1.0,0.0,2.0,1.0,13.0,13.0,2.0,1.0,1.0,0.0,0.0
Jharkhand,2003.0,Immoral Traffic (Prevention) Act,08. Immoral Traffic Prevention Act,1956.0,1.0,0.0,7.0,0.0,1.0,0.0,7.0,0.0,2.0,3.0,19.0,14.0,6.0,7.0,2.0,0.0,0.0
Karnataka,2003.0,Immoral Traffic (Prevention) Act,08. Immoral Traffic Prevention Act,1956.0,75.0,3.0,1350.0,2.0,1215.0,0.0,1353.0,1.0,22.0,15.0,770.0,712.0,1361.0,1350.0,1290.0,0.0,0.0
Kerala,2003.0,Immoral Traffic (Prevention) Act,08. Immoral Traffic Prevention Act,1956.0,21.0,4.0,149.0,6.0,84.0,0.0,153.0,1.0,35.0,30.0,377.0,339.0,159.0,149.0,105.0,0.0,0.0
Lakshadweep,2003.0,Immoral Traffic (Prevention) Act,08. Immoral Traffic Prevention Act,1956.0,0.0,0.0,0.0,0.0,0.0,0.0,0.0,0.0,0.0,0.0,0.0,0.0,0.0,0.0,0.0,0.0,0.0
Madhya Pradesh,2003.0,Immoral Traffic (Prevention) Act,08. Immoral Traffic Prevention Act,1956.0,4.0,0.0,33.0,0.0,11.0,0.0,33.0,0.0,0.0,0.0,76.0,58.0,33.0,33.0,15.0,0.0,0.0
Maharashtra,2003.0,Immoral Traffic (Prevention) Act,08. Immoral Traffic Prevention Act,1956.0,73.0,1.0,177.0,1.0,19.0,0.0,178.0,0.0,503.0,502.0,2226.0,2142.0,179.0,177.0,92.0,0.0,0.0
Manipur,2003.0,Immoral Traffic (Prevention) Act,08. Immoral Traffic Prevention Act,1956.0,0.0,0.0,0.0,0.0,0.0,0.0,0.0,0.0,0.0,0.0,0.0,0.0,0.0,0.0,0.0,0.0,0.0
Meghalaya,2003.0,Immoral Traffic (Prevention) Act,08. Immoral Traffic Prevention Act,1956.0,0.0,0.0,0.0,0.0,0.0,0.0,0.0,0.0,1.0,0.0,1.0,1.0,1.0,0.0,0.0,0.0,0.0
Mizoram,2003.0,Immoral Traffic (Prevention) Act,08. Immoral Traffic Prevention Act,1956.0,0.0,0.0,0.0,0.0,0.0,0.0,0.0,0.0,0.0,0.0,0.0,0.0,0.0,0.0,0.0,0.0,0.0
Nagaland,2003.0,Immoral Traffic (Prevention) Act,08. Immoral Traffic Prevention Act,1956.0,0.0,0.0,0.0,0.0,0.0,0.0,0.0,0.0,2.0,1.0,3.0,3.0,1.0,0.0,0.0,0.0,0.0
Odisha,2003.0,Immoral Traffic (Prevention) Act,08. Immoral Traffic Prevention Act,1956.0,15.0,0.0,17.0,0.0,5.0,0.0,17.0,0.0,9.0,15.0,68.0,71.0,11.0,17.0,20.0,0.0,0.0
Puducherry,2003.0,Immoral Traffic (Prevention) Act,08. Immoral Traffic Prevention Act,1956.0,1.0,0.0,13.0,0.0,11.0,0.0,13.0,0.0,0.0,0.0,4.0,3.0,13.0,13.0,12.0,0.0,0.0
Punjab,2003.0,Immoral Traffic (Prevention) Act,08. Immoral Traffic Prevention Act,1956.0,16.0,0.0,46.0,0.0,3.0,0.0,46.0,0.0,32.0,24.0,94.0,67.0,54.0,46.0,19.0,0.0,0.0
Rajasthan,2003.0,Immoral Traffic (Prevention) Act,08. Immoral Traffic Prevention Act,1956.0,20.0,0.0,51.0,0.0,17.0,0.0,51.0,0.0,1.0,1.0,352.0,338.0,51.0,51.0,37.0,0.0,0.0
Sikkim,2003.0,Immoral Traffic (Prevention) Act,08. Immoral Traffic Prevention Act,1956.0,0.0,1.0,0.0,0.0,0.0,0.0,1.0,0.0,0.0,0.0,0.0,0.0,1.0,0.0,0.0,0.0,0.0
Tamil Nadu,2003.0,Immoral Traffic (Prevention) Act,08. Immoral Traffic Prevention Act,1956.0,152.0,2.0,2609.0,0.0,2408.0,0.0,2611.0,0.0,240.0,12.0,526.0,477.0,2839.0,2609.0,2560.0,0.0,0.0
Tripura,2003.0,Immoral Traffic (Prevention) Act,08. Immoral Traffic Prevention Act,1956.0,0.0,0.0,0.0,0.0,0.0,0.0,0.0,0.0,0.0,0.0,0.0,0.0,0.0,0.0,0.0,0.0,0.0
Uttar Pradesh,2003.0,Immoral Traffic (Prevention) Act,08. Immoral Traffic Prevention Act,1956.0,10.0,1.0,46.0,0.0,32.0,0.0,47.0,0.0,1.0,1.0,124.0,120.0,47.0,46.0,42.0,0.0,0.0
Uttarakhand,2003.0,Immoral Traffic (Prevention) Act,08. Immoral Traffic Prevention Act,1956.0,0.0,0.0,0.0,0.0,0.0,0.0,0.0,0.0,0.0,0.0,0.0,0.0,0.0,0.0,0.0,0.0,0.0
West Bengal,2003.0,Immoral Traffic (Prevention) Act,08. Immoral Traffic Prevention Act,1956.0,26.0,1.0,110.0,0.0,72.0,0.0,111.0,0.0,118.0,77.0,132.0,120.0,152.0,110.0,98.0,0.0,0.0
Andaman & Nicobar Islands,2004.0,Immoral Traffic (Prevention) Act,08. Immoral Traffic Prevention Act,1956.0,0.0,0.0,0.0,0.0,0.0,0.0,0.0,0.0,0.0,0.0,5.0,5.0,0.0,0.0,0.0,0.0,0.0
Andhra Pradesh,2004.0,Immoral Traffic (Prevention) Act,08. Immoral Traffic Prevention Act,1956.0,183.0,0.0,391.0,0.0,106.0,1.0,391.0,0.0,80.0,67.0,653.0,551.0,405.0,391.0,289.0,0.0,0.0
Arunachal Pradesh,2004.0,Immoral Traffic (Prevention) Act,08. Immoral Traffic Prevention Act,1956.0,0.0,0.0,0.0,0.0,0.0,0.0,0.0,0.0,0.0,0.0,1.0,1.0,0.0,0.0,0.0,0.0,0.0
Assam,2004.0,Immoral Traffic (Prevention) Act,08. Immoral Traffic Prevention Act,1956.0,7.0,5.0,10.0,0.0,3.0,0.0,15.0,0.0,47.0,34.0,28.0,28.0,28.0,10.0,10.0,0.0,0.0
Bihar,2004.0,Immoral Traffic (Prevention) Act,08. Immoral Traffic Prevention Act,1956.0,2.0,0.0,14.0,0.0,5.0,0.0,14.0,0.0,24.0,14.0,80.0,73.0,24.0,14.0,7.0,0.0,0.0
Chandigarh,2004.0,Immoral Traffic (Prevention) Act,08. Immoral Traffic Prevention Act,1956.0,1.0,0.0,11.0,0.0,3.0,0.0,11.0,0.0,0.0,2.0,35.0,28.0,9.0,11.0,4.0,0.0,0.0
Chhattisgarh,2004.0,Immoral Traffic (Prevention) Act,08. Immoral Traffic Prevention Act,1956.0,0.0,0.0,9.0,0.0,0.0,0.0,9.0,0.0,0.0,0.0,37.0,28.0,9.0,9.0,0.0,0.0,0.0
Dadra & Nagar Haveli,2004.0,Immoral Traffic (Prevention) Act,08. Immoral Traffic Prevention Act,1956.0,0.0,0.0,0.0,0.0,0.0,0.0,0.0,0.0,0.0,0.0,0.0,0.0,0.0,0.0,0.0,0.0,0.0
Daman & Diu,2004.0,Immoral Traffic (Prevention) Act,08. Immoral Traffic Prevention Act,1956.0,0.0,0.0,1.0,0.0,0.0,0.0,1.0,0.0,0.0,0.0,4.0,3.0,1.0,1.0,0.0,0.0,0.0
Delhi,2004.0,Immoral Traffic (Prevention) Act,08. Immoral Traffic Prevention Act,1956.0,117.0,0.0,90.0,0.0,162.0,0.0,90.0,0.0,109.0,76.0,469.0,658.0,123.0,90.0,279.0,0.0,0.0
Goa,2004.0,Immoral Traffic (Prevention) Act,08. Immoral Traffic Prevention Act,1956.0,2.0,0.0,27.0,0.0,19.0,0.0,27.0,0.0,2.0,1.0,20.0,14.0,28.0,27.0,21.0,0.0,0.0
Gujarat,2004.0,Immoral Traffic (Prevention) Act,08. Immoral Traffic Prevention Act,1956.0,3.0,0.0,31.0,0.0,0.0,0.0,31.0,0.0,2.0,0.0,330.0,302.0,33.0,31.0,3.0,0.0,0.0
Haryana,2004.0,Immoral Traffic (Prevention) Act,08. Immoral Traffic Prevention Act,1956.0,42.0,0.0,59.0,0.0,3.0,0.0,59.0,0.0,3.0,0.0,137.0,123.0,62.0,59.0,45.0,0.0,0.0
Himachal Pradesh,2004.0,Immoral Traffic (Prevention) Act,08. Immoral Traffic Prevention Act,1956.0,1.0,0.0,2.0,0.0,1.0,0.0,2.0,0.0,2.0,0.0,9.0,9.0,4.0,2.0,2.0,0.0,0.0
Jammu & Kashmir,2004.0,Immoral Traffic (Prevention) Act,08. Immoral Traffic Prevention Act,1956.0,2.0,0.0,5.0,0.0,0.0,0.0,5.0,0.0,8.0,2.0,16.0,13.0,11.0,5.0,2.0,0.0,0.0
Jharkhand,2004.0,Immoral Traffic (Prevention) Act,08. Immoral Traffic Prevention Act,1956.0,1.0,0.0,5.0,0.0,1.0,0.0,5.0,0.0,0.0,2.0,22.0,19.0,3.0,5.0,2.0,0.0,0.0
Karnataka,2004.0,Immoral Traffic (Prevention) Act,08. Immoral Traffic Prevention Act,1956.0,107.0,2.0,1183.0,0.0,1067.0,0.0,1185.0,0.0,7.0,22.0,779.0,770.0,1170.0,1183.0,1174.0,0.0,0.0
Kerala,2004.0,Immoral Traffic (Prevention) Act,08. Immoral Traffic Prevention Act,1956.0,23.0,1.0,167.0,8.0,89.0,1.0,168.0,0.0,34.0,35.0,424.0,377.0,168.0,167.0,112.0,0.0,0.0
Lakshadweep,2004.0,Immoral Traffic (Prevention) Act,08. Immoral Traffic Prevention Act,1956.0,0.0,0.0,0.0,0.0,0.0,0.0,0.0,0.0,0.0,0.0,0.0,0.0,0.0,0.0,0.0,0.0,0.0
Madhya Pradesh,2004.0,Immoral Traffic (Prevention) Act,08. Immoral Traffic Prevention Act,1956.0,8.0,0.0,23.0,0.0,2.0,0.0,23.0,0.0,0.0,0.0,89.0,76.0,23.0,23.0,10.0,0.0,0.0
Maharashtra,2004.0,Immoral Traffic (Prevention) Act,08. Immoral Traffic Prevention Act,1956.0,74.0,1.0,195.0,26.0,8.0,0.0,196.0,0.0,616.0,503.0,2313.0,2226.0,309.0,195.0,82.0,0.0,0.0
Manipur,2004.0,Immoral Traffic (Prevention) Act,08. Immoral Traffic Prevention Act,1956.0,0.0,0.0,0.0,0.0,0.0,0.0,0.0,0.0,0.0,0.0,0.0,0.0,0.0,0.0,0.0,0.0,0.0
Meghalaya,2004.0,Immoral Traffic (Prevention) Act,08. Immoral Traffic Prevention Act,1956.0,0.0,1.0,0.0,0.0,0.0,0.0,1.0,0.0,0.0,1.0,1.0,1.0,0.0,0.0,0.0,0.0,0.0
Mizoram,2004.0,Immoral Traffic (Prevention) Act,08. Immoral Traffic Prevention Act,1956.0,1.0,2.0,3.0,0.0,1.0,0.0,5.0,0.0,0.0,0.0,1.0,0.0,5.0,3.0,2.0,0.0,0.0
Nagaland,2004.0,Immoral Traffic (Prevention) Act,08. Immoral Traffic Prevention Act,1956.0,0.0,0.0,4.0,0.0,6.0,0.0,4.0,0.0,2.0,2.0,1.0,3.0,4.0,4.0,6.0,0.0,0.0
Odisha,2004.0,Immoral Traffic (Prevention) Act,08. Immoral Traffic Prevention Act,1956.0,18.0,0.0,20.0,0.0,4.0,0.0,20.0,0.0,11.0,9.0,66.0,68.0,22.0,20.0,22.0,0.0,0.0
Puducherry,2004.0,Immoral Traffic (Prevention) Act,08. Immoral Traffic Prevention Act,1956.0,1.0,0.0,4.0,0.0,5.0,0.0,4.0,0.0,0.0,0.0,2.0,4.0,4.0,4.0,6.0,0.0,0.0
Punjab,2004.0,Immoral Traffic (Prevention) Act,08. Immoral Traffic Prevention Act,1956.0,16.0,0.0,35.0,0.0,12.0,2.0,35.0,0.0,27.0,32.0,101.0,94.0,32.0,35.0,28.0,0.0,0.0
Rajasthan,2004.0,Immoral Traffic (Prevention) Act,08. Immoral Traffic Prevention Act,1956.0,27.0,0.0,78.0,0.0,40.0,0.0,78.0,0.0,2.0,1.0,363.0,352.0,79.0,78.0,67.0,0.0,0.0
Sikkim,2004.0,Immoral Traffic (Prevention) Act,08. Immoral Traffic Prevention Act,1956.0,0.0,0.0,0.0,0.0,0.0,0.0,0.0,0.0,1.0,0.0,0.0,0.0,1.0,0.0,0.0,0.0,0.0
Tamil Nadu,2004.0,Immoral Traffic (Prevention) Act,08. Immoral Traffic Prevention Act,1956.0,82.0,62.0,3021.0,0.0,2791.0,0.0,3083.0,0.0,179.0,240.0,674.0,526.0,3022.0,3021.0,2873.0,0.0,0.0
Tripura,2004.0,Immoral Traffic (Prevention) Act,08. Immoral Traffic Prevention Act,1956.0,0.0,0.0,0.0,0.0,0.0,0.0,0.0,0.0,0.0,0.0,0.0,0.0,0.0,0.0,0.0,0.0,0.0
Uttar Pradesh,2004.0,Immoral Traffic (Prevention) Act,08. Immoral Traffic Prevention Act,1956.0,18.0,0.0,38.0,0.0,22.0,0.0,38.0,0.0,7.0,1.0,122.0,124.0,44.0,38.0,40.0,0.0,0.0
Uttarakhand,2004.0,Immoral Traffic (Prevention) Act,08. Immoral Traffic Prevention Act,1956.0,0.0,0.0,4.0,0.0,0.0,0.0,4.0,0.0,0.0,0.0,4.0,0.0,4.0,4.0,0.0,0.0,0.0
West Bengal,2004.0,Immoral Traffic (Prevention) Act,08. Immoral Traffic Prevention Act,1956.0,47.0,1.0,90.0,0.0,18.0,1.0,91.0,0.0,147.0,118.0,157.0,132.0,121.0,90.0,65.0,0.0,0.0
Andaman & Nicobar Islands,2005.0,Immoral Traffic (Prevention) Act,08. Immoral Traffic Prevention Act,1956.0,0.0,0.0,0.0,0.0,0.0,0.0,0.0,0.0,0.0,0.0,5.0,5.0,0.0,0.0,0.0,0.0,0.0
Andhra Pradesh,2005.0,Immoral Traffic (Prevention) Act,08. Immoral Traffic Prevention Act,1956.0,237.0,0.0,646.0,1.0,288.0,0.0,646.0,0.0,115.0,80.0,773.0,653.0,681.0,646.0,525.0,0.0,0.0
Arunachal Pradesh,2005.0,Immoral Traffic (Prevention) Act,08. Immoral Traffic Prevention Act,1956.0,0.0,0.0,0.0,0.0,0.0,0.0,0.0,0.0,0.0,0.0,1.0,1.0,0.0,0.0,0.0,0.0,0.0
Assam,2005.0,Immoral Traffic (Prevention) Act,08. Immoral Traffic Prevention Act,1956.0,17.0,7.0,17.0,0.0,1.0,1.0,24.0,0.0,47.0,47.0,27.0,28.0,25.0,17.0,18.0,0.0,0.0
Bihar,2005.0,Immoral Traffic (Prevention) Act,08. Immoral Traffic Prevention Act,1956.0,11.0,3.0,16.0,0.0,2.0,0.0,19.0,0.0,33.0,24.0,83.0,80.0,28.0,16.0,13.0,0.0,0.0
Chandigarh,2005.0,Immoral Traffic (Prevention) Act,08. Immoral Traffic Prevention Act,1956.0,0.0,0.0,4.0,0.0,0.0,0.0,4.0,0.0,5.0,0.0,39.0,35.0,9.0,4.0,0.0,0.0,0.0
Chhattisgarh,2005.0,Immoral Traffic (Prevention) Act,08. Immoral Traffic Prevention Act,1956.0,3.0,0.0,6.0,0.0,6.0,0.0,6.0,0.0,0.0,0.0,34.0,37.0,6.0,6.0,9.0,0.0,0.0
Dadra & Nagar Haveli,2005.0,Immoral Traffic (Prevention) Act,08. Immoral Traffic Prevention Act,1956.0,0.0,0.0,0.0,0.0,0.0,0.0,0.0,0.0,0.0,0.0,2.0,2.0,0.0,0.0,0.0,0.0,0.0
Daman & Diu,2005.0,Immoral Traffic (Prevention) Act,08. Immoral Traffic Prevention Act,1956.0,0.0,0.0,1.0,0.0,0.0,0.0,1.0,0.0,0.0,0.0,5.0,4.0,1.0,1.0,0.0,0.0,0.0
Delhi,2005.0,Immoral Traffic (Prevention) Act,08. Immoral Traffic Prevention Act,1956.0,85.0,0.0,117.0,0.0,97.0,0.0,117.0,0.0,143.0,109.0,404.0,469.0,151.0,117.0,182.0,0.0,0.0
Goa,2005.0,Immoral Traffic (Prevention) Act,08. Immoral Traffic Prevention Act,1956.0,0.0,0.0,36.0,0.0,36.0,0.0,36.0,0.0,4.0,2.0,20.0,20.0,38.0,36.0,36.0,0.0,0.0
Gujarat,2005.0,Immoral Traffic (Prevention) Act,08. Immoral Traffic Prevention Act,1956.0,6.0,0.0,56.0,0.0,0.0,0.0,56.0,0.0,5.0,2.0,380.0,330.0,59.0,56.0,6.0,0.0,0.0
Haryana,2005.0,Immoral Traffic (Prevention) Act,08. Immoral Traffic Prevention Act,1956.0,14.0,0.0,86.0,0.0,5.0,0.0,86.0,0.0,2.0,3.0,204.0,137.0,85.0,86.0,19.0,0.0,0.0
Himachal Pradesh,2005.0,Immoral Traffic (Prevention) Act,08. Immoral Traffic Prevention Act,1956.0,0.0,0.0,5.0,0.0,0.0,0.0,5.0,0.0,1.0,2.0,14.0,9.0,4.0,5.0,0.0,0.0,0.0
Jammu & Kashmir,2005.0,Immoral Traffic (Prevention) Act,08. Immoral Traffic Prevention Act,1956.0,0.0,0.0,2.0,0.0,0.0,0.0,2.0,0.0,9.0,8.0,18.0,16.0,3.0,2.0,0.0,0.0,0.0
Jharkhand,2005.0,Immoral Traffic (Prevention) Act,08. Immoral Traffic Prevention Act,1956.0,1.0,3.0,7.0,0.0,3.0,0.0,10.0,0.0,3.0,0.0,25.0,22.0,13.0,7.0,4.0,0.0,0.0
Karnataka,2005.0,Immoral Traffic (Prevention) Act,08. Immoral Traffic Prevention Act,1956.0,159.0,0.0,1244.0,3.0,935.0,0.0,1244.0,0.0,4.0,7.0,926.0,779.0,1241.0,1244.0,1094.0,0.0,0.0
Kerala,2005.0,Immoral Traffic (Prevention) Act,08. Immoral Traffic Prevention Act,1956.0,59.0,1.0,219.0,3.0,59.0,0.0,220.0,0.0,39.0,34.0,522.0,424.0,225.0,219.0,118.0,0.0,0.0
Lakshadweep,2005.0,Immoral Traffic (Prevention) Act,08. Immoral Traffic Prevention Act,1956.0,0.0,0.0,0.0,0.0,0.0,0.0,0.0,0.0,0.0,0.0,0.0,0.0,0.0,0.0,0.0,0.0,0.0
Madhya Pradesh,2005.0,Immoral Traffic (Prevention) Act,08. Immoral Traffic Prevention Act,1956.0,10.0,0.0,17.0,0.0,1.0,0.0,17.0,0.0,2.0,0.0,95.0,89.0,19.0,17.0,11.0,0.0,0.0
Maharashtra,2005.0,Immoral Traffic (Prevention) Act,08. Immoral Traffic Prevention Act,1956.0,144.0,2.0,245.0,4.0,15.0,0.0,247.0,0.0,591.0,616.0,2395.0,2313.0,222.0,245.0,159.0,0.0,0.0
Manipur,2005.0,Immoral Traffic (Prevention) Act,08. Immoral Traffic Prevention Act,1956.0,0.0,0.0,0.0,0.0,0.0,1.0,0.0,0.0,0.0,0.0,0.0,0.0,1.0,0.0,0.0,0.0,0.0
Meghalaya,2005.0,Immoral Traffic (Prevention) Act,08. Immoral Traffic Prevention Act,1956.0,0.0,0.0,0.0,0.0,0.0,0.0,0.0,0.0,1.0,0.0,1.0,1.0,1.0,0.0,0.0,0.0,0.0
Mizoram,2005.0,Immoral Traffic (Prevention) Act,08. Immoral Traffic Prevention Act,1956.0,0.0,0.0,1.0,0.0,1.0,0.0,1.0,0.0,0.0,0.0,1.0,1.0,1.0,1.0,1.0,0.0,0.0
Nagaland,2005.0,Immoral Traffic (Prevention) Act,08. Immoral Traffic Prevention Act,1956.0,1.0,0.0,4.0,0.0,0.0,0.0,4.0,0.0,0.0,2.0,4.0,1.0,4.0,4.0,1.0,0.0,2.0
Odisha,2005.0,Immoral Traffic (Prevention) Act,08. Immoral Traffic Prevention Act,1956.0,14.0,0.0,26.0,0.0,2.0,0.0,26.0,0.0,14.0,11.0,76.0,66.0,29.0,26.0,16.0,0.0,0.0
Puducherry,2005.0,Immoral Traffic (Prevention) Act,08. Immoral Traffic Prevention Act,1956.0,1.0,0.0,5.0,0.0,6.0,0.0,5.0,0.0,0.0,0.0,0.0,2.0,5.0,5.0,7.0,0.0,0.0
Punjab,2005.0,Immoral Traffic (Prevention) Act,08. Immoral Traffic Prevention Act,1956.0,13.0,0.0,48.0,0.0,13.0,4.0,48.0,0.0,33.0,27.0,123.0,101.0,58.0,48.0,26.0,0.0,0.0
Rajasthan,2005.0,Immoral Traffic (Prevention) Act,08. Immoral Traffic Prevention Act,1956.0,13.0,0.0,116.0,0.0,48.0,0.0,116.0,0.0,1.0,2.0,418.0,363.0,115.0,116.0,61.0,0.0,0.0
Sikkim,2005.0,Immoral Traffic (Prevention) Act,08. Immoral Traffic Prevention Act,1956.0,0.0,0.0,0.0,0.0,0.0,0.0,0.0,0.0,1.0,1.0,0.0,0.0,0.0,0.0,0.0,0.0,0.0
Tamil Nadu,2005.0,Immoral Traffic (Prevention) Act,08. Immoral Traffic Prevention Act,1956.0,137.0,1.0,2907.0,13.0,2854.0,3.0,2908.0,0.0,45.0,179.0,577.0,674.0,2777.0,2907.0,2991.0,0.0,0.0
Tripura,2005.0,Immoral Traffic (Prevention) Act,08. Immoral Traffic Prevention Act,1956.0,0.0,0.0,0.0,0.0,0.0,0.0,0.0,0.0,0.0,0.0,0.0,0.0,0.0,0.0,0.0,0.0,0.0
Uttar Pradesh,2005.0,Immoral Traffic (Prevention) Act,08. Immoral Traffic Prevention Act,1956.0,16.0,0.0,34.0,0.0,32.0,0.0,34.0,0.0,4.0,7.0,108.0,122.0,31.0,34.0,48.0,0.0,0.0
Uttarakhand,2005.0,Immoral Traffic (Prevention) Act,08. Immoral Traffic Prevention Act,1956.0,0.0,0.0,2.0,0.0,4.0,0.0,2.0,0.0,0.0,0.0,2.0,4.0,2.0,2.0,4.0,0.0,0.0
West Bengal,2005.0,Immoral Traffic (Prevention) Act,08. Immoral Traffic Prevention Act,1956.0,24.0,4.0,101.0,0.0,48.0,0.0,105.0,0.0,116.0,147.0,186.0,157.0,74.0,101.0,72.0,0.0,0.0
Andaman & Nicobar Islands,2006.0,Immoral Traffic (Prevention) Act,08. Immoral Traffic Prevention Act,1956.0,0.0,0.0,0.0,0.0,0.0,0.0,0.0,0.0,0.0,0.0,5.0,5.0,0.0,0.0,0.0,0.0,0.0
Andhra Pradesh,2006.0,Immoral Traffic (Prevention) Act,08. Immoral Traffic Prevention Act,1956.0,184.0,1.0,617.0,0.0,263.0,0.0,618.0,0.0,154.0,115.0,943.0,773.0,657.0,617.0,447.0,0.0,0.0
Arunachal Pradesh,2006.0,Immoral Traffic (Prevention) Act,08. Immoral Traffic Prevention Act,1956.0,0.0,0.0,0.0,0.0,0.0,0.0,0.0,0.0,0.0,0.0,1.0,1.0,0.0,0.0,0.0,0.0,0.0
Assam,2006.0,Immoral Traffic (Prevention) Act,08. Immoral Traffic Prevention Act,1956.0,16.0,22.0,30.0,2.0,8.0,0.0,52.0,0.0,24.0,47.0,31.0,27.0,29.0,30.0,24.0,0.0,0.0
Bihar,2006.0,Immoral Traffic (Prevention) Act,08. Immoral Traffic Prevention Act,1956.0,5.0,0.0,15.0,0.0,0.0,0.0,15.0,0.0,31.0,33.0,93.0,83.0,13.0,15.0,5.0,0.0,0.0
Chandigarh,2006.0,Immoral Traffic (Prevention) Act,08. Immoral Traffic Prevention Act,1956.0,1.0,0.0,6.0,0.0,1.0,0.0,6.0,0.0,2.0,5.0,43.0,39.0,3.0,6.0,2.0,0.0,0.0
Chhattisgarh,2006.0,Immoral Traffic (Prevention) Act,08. Immoral Traffic Prevention Act,1956.0,5.0,0.0,12.0,9.0,2.0,0.0,12.0,0.0,1.0,0.0,30.0,34.0,13.0,12.0,7.0,0.0,0.0
Dadra & Nagar Haveli,2006.0,Immoral Traffic (Prevention) Act,08. Immoral Traffic Prevention Act,1956.0,0.0,0.0,0.0,0.0,0.0,0.0,0.0,0.0,0.0,0.0,2.0,2.0,0.0,0.0,0.0,0.0,0.0
Daman & Diu,2006.0,Immoral Traffic (Prevention) Act,08. Immoral Traffic Prevention Act,1956.0,0.0,0.0,1.0,0.0,0.0,0.0,1.0,0.0,0.0,0.0,6.0,5.0,1.0,1.0,0.0,0.0,0.0
Delhi,2006.0,Immoral Traffic (Prevention) Act,08. Immoral Traffic Prevention Act,1956.0,61.0,0.0,185.0,0.0,89.0,0.0,185.0,0.0,70.0,143.0,439.0,404.0,112.0,185.0,150.0,0.0,0.0
Goa,2006.0,Immoral Traffic (Prevention) Act,08. Immoral Traffic Prevention Act,1956.0,2.0,0.0,24.0,0.0,25.0,0.0,24.0,0.0,6.0,4.0,17.0,20.0,26.0,24.0,27.0,0.0,0.0
Gujarat,2006.0,Immoral Traffic (Prevention) Act,08. Immoral Traffic Prevention Act,1956.0,5.0,0.0,70.0,0.0,7.0,0.0,70.0,0.0,13.0,5.0,438.0,380.0,78.0,70.0,12.0,0.0,0.0
Haryana,2006.0,Immoral Traffic (Prevention) Act,08. Immoral Traffic Prevention Act,1956.0,13.0,0.0,77.0,0.0,13.0,0.0,77.0,0.0,10.0,2.0,255.0,204.0,85.0,77.0,26.0,0.0,0.0
Himachal Pradesh,2006.0,Immoral Traffic (Prevention) Act,08. Immoral Traffic Prevention Act,1956.0,1.0,0.0,1.0,0.0,0.0,0.0,1.0,0.0,0.0,1.0,14.0,14.0,0.0,1.0,1.0,0.0,0.0
Jammu & Kashmir,2006.0,Immoral Traffic (Prevention) Act,08. Immoral Traffic Prevention Act,1956.0,0.0,0.0,4.0,0.0,0.0,0.0,4.0,0.0,10.0,9.0,22.0,18.0,5.0,4.0,0.0,0.0,0.0
Jharkhand,2006.0,Immoral Traffic (Prevention) Act,08. Immoral Traffic Prevention Act,1956.0,2.0,0.0,10.0,0.0,1.0,0.0,10.0,0.0,4.0,3.0,32.0,25.0,11.0,10.0,3.0,0.0,0.0
Karnataka,2006.0,Immoral Traffic (Prevention) Act,08. Immoral Traffic Prevention Act,1956.0,146.0,1.0,740.0,1.0,409.0,1.0,741.0,0.0,47.0,4.0,1110.0,926.0,786.0,740.0,555.0,0.0,1.0
Kerala,2006.0,Immoral Traffic (Prevention) Act,08. Immoral Traffic Prevention Act,1956.0,28.0,2.0,174.0,2.0,47.0,0.0,176.0,0.0,52.0,39.0,619.0,522.0,189.0,174.0,75.0,0.0,0.0
Lakshadweep,2006.0,Immoral Traffic (Prevention) Act,08. Immoral Traffic Prevention Act,1956.0,0.0,0.0,0.0,0.0,0.0,0.0,0.0,0.0,0.0,0.0,0.0,0.0,0.0,0.0,0.0,0.0,0.0
Madhya Pradesh,2006.0,Immoral Traffic (Prevention) Act,08. Immoral Traffic Prevention Act,1956.0,14.0,0.0,14.0,0.0,2.0,0.0,14.0,0.0,0.0,2.0,93.0,95.0,12.0,14.0,16.0,0.0,0.0
Maharashtra,2006.0,Immoral Traffic (Prevention) Act,08. Immoral Traffic Prevention Act,1956.0,95.0,0.0,284.0,6.0,14.0,0.0,284.0,0.0,685.0,591.0,2564.0,2395.0,378.0,284.0,109.0,0.0,0.0
Manipur,2006.0,Immoral Traffic (Prevention) Act,08. Immoral Traffic Prevention Act,1956.0,0.0,0.0,0.0,0.0,0.0,0.0,0.0,0.0,0.0,0.0,0.0,0.0,0.0,0.0,0.0,0.0,0.0
Meghalaya,2006.0,Immoral Traffic (Prevention) Act,08. Immoral Traffic Prevention Act,1956.0,1.0,0.0,0.0,0.0,0.0,0.0,0.0,0.0,2.0,1.0,0.0,1.0,1.0,0.0,1.0,0.0,0.0
Mizoram,2006.0,Immoral Traffic (Prevention) Act,08. Immoral Traffic Prevention Act,1956.0,0.0,0.0,0.0,0.0,1.0,0.0,0.0,0.0,0.0,0.0,0.0,1.0,0.0,0.0,1.0,0.0,0.0
Nagaland,2006.0,Immoral Traffic (Prevention) Act,08. Immoral Traffic Prevention Act,1956.0,0.0,0.0,7.0,0.0,7.0,0.0,7.0,0.0,2.0,0.0,4.0,4.0,9.0,7.0,7.0,0.0,0.0
Odisha,2006.0,Immoral Traffic (Prevention) Act,08. Immoral Traffic Prevention Act,1956.0,14.0,0.0,38.0,0.0,3.0,0.0,38.0,0.0,20.0,14.0,97.0,76.0,44.0,38.0,17.0,0.0,0.0
Puducherry,2006.0,Immoral Traffic (Prevention) Act,08. Immoral Traffic Prevention Act,1956.0,0.0,0.0,8.0,0.0,3.0,0.0,8.0,0.0,0.0,0.0,5.0,0.0,8.0,8.0,3.0,0.0,0.0
Punjab,2006.0,Immoral Traffic (Prevention) Act,08. Immoral Traffic Prevention Act,1956.0,20.0,3.0,45.0,0.0,6.0,1.0,48.0,1.0,50.0,33.0,142.0,123.0,67.0,45.0,26.0,0.0,0.0
Rajasthan,2006.0,Immoral Traffic (Prevention) Act,08. Immoral Traffic Prevention Act,1956.0,12.0,0.0,141.0,0.0,52.0,0.0,141.0,0.0,3.0,1.0,495.0,418.0,143.0,141.0,64.0,0.0,0.0
Sikkim,2006.0,Immoral Traffic (Prevention) Act,08. Immoral Traffic Prevention Act,1956.0,0.0,0.0,1.0,0.0,0.0,0.0,1.0,0.0,0.0,1.0,1.0,0.0,0.0,1.0,0.0,0.0,0.0
Tamil Nadu,2006.0,Immoral Traffic (Prevention) Act,08. Immoral Traffic Prevention Act,1956.0,96.0,0.0,1696.0,0.0,1631.0,0.0,1696.0,0.0,81.0,45.0,546.0,577.0,1732.0,1696.0,1727.0,0.0,0.0
Tripura,2006.0,Immoral Traffic (Prevention) Act,08. Immoral Traffic Prevention Act,1956.0,0.0,0.0,0.0,0.0,0.0,0.0,0.0,0.0,0.0,0.0,0.0,0.0,0.0,0.0,0.0,0.0,0.0
Uttar Pradesh,2006.0,Immoral Traffic (Prevention) Act,08. Immoral Traffic Prevention Act,1956.0,6.0,0.0,70.0,0.0,26.0,0.0,70.0,0.0,4.0,4.0,146.0,108.0,70.0,70.0,32.0,0.0,0.0
Uttarakhand,2006.0,Immoral Traffic (Prevention) Act,08. Immoral Traffic Prevention Act,1956.0,0.0,0.0,3.0,0.0,0.0,0.0,3.0,0.0,0.0,0.0,5.0,2.0,3.0,3.0,0.0,0.0,0.0
West Bengal,2006.0,Immoral Traffic (Prevention) Act,08. Immoral Traffic Prevention Act,1956.0,23.0,25.0,59.0,0.0,72.0,0.0,84.0,0.0,98.0,116.0,150.0,186.0,66.0,59.0,95.0,0.0,0.0
Andaman & Nicobar Islands,2007.0,Immoral Traffic (Prevention) Act,08. Immoral Traffic Prevention Act,1956.0,0.0,0.0,0.0,0.0,0.0,0.0,0.0,0.0,1.0,0.0,5.0,5.0,1.0,0.0,0.0,0.0,0.0
Andhra Pradesh,2007.0,Immoral Traffic (Prevention) Act,08. Immoral Traffic Prevention Act,1956.0,321.0,1.0,614.0,1.0,141.0,6.0,615.0,0.0,145.0,154.0,1094.0,943.0,612.0,614.0,462.0,0.0,0.0
Arunachal Pradesh,2007.0,Immoral Traffic (Prevention) Act,08. Immoral Traffic Prevention Act,1956.0,0.0,0.0,0.0,0.0,0.0,0.0,0.0,0.0,0.0,0.0,1.0,1.0,0.0,0.0,0.0,0.0,0.0
Assam,2007.0,Immoral Traffic (Prevention) Act,08. Immoral Traffic Prevention Act,1956.0,6.0,6.0,20.0,0.0,4.0,0.0,26.0,0.0,19.0,24.0,41.0,31.0,21.0,20.0,10.0,0.0,0.0
Bihar,2007.0,Immoral Traffic (Prevention) Act,08. Immoral Traffic Prevention Act,1956.0,8.0,2.0,19.0,0.0,3.0,0.0,21.0,0.0,37.0,31.0,101.0,93.0,27.0,19.0,11.0,0.0,0.0
Chandigarh,2007.0,Immoral Traffic (Prevention) Act,08. Immoral Traffic Prevention Act,1956.0,2.0,0.0,7.0,0.0,1.0,0.0,7.0,0.0,0.0,2.0,47.0,43.0,5.0,7.0,3.0,0.0,0.0
Chhattisgarh,2007.0,Immoral Traffic (Prevention) Act,08. Immoral Traffic Prevention Act,1956.0,5.0,0.0,15.0,0.0,1.0,0.0,15.0,0.0,0.0,1.0,39.0,30.0,14.0,15.0,6.0,0.0,0.0
Dadra & Nagar Haveli,2007.0,Immoral Traffic (Prevention) Act,08. Immoral Traffic Prevention Act,1956.0,0.0,0.0,0.0,0.0,0.0,0.0,0.0,0.0,2.0,0.0,2.0,2.0,2.0,0.0,0.0,0.0,0.0
Daman & Diu,2007.0,Immoral Traffic (Prevention) Act,08. Immoral Traffic Prevention Act,1956.0,2.0,0.0,0.0,0.0,0.0,0.0,0.0,0.0,5.0,0.0,4.0,6.0,5.0,0.0,2.0,0.0,0.0
Delhi,2007.0,Immoral Traffic (Prevention) Act,08. Immoral Traffic Prevention Act,1956.0,52.0,0.0,97.0,0.0,76.0,0.0,97.0,0.0,36.0,70.0,408.0,439.0,63.0,97.0,128.0,0.0,0.0
Goa,2007.0,Immoral Traffic (Prevention) Act,08. Immoral Traffic Prevention Act,1956.0,0.0,0.0,7.0,0.0,3.0,0.0,7.0,0.0,9.0,6.0,21.0,17.0,10.0,7.0,3.0,0.0,0.0
Gujarat,2007.0,Immoral Traffic (Prevention) Act,08. Immoral Traffic Prevention Act,1956.0,12.0,0.0,53.0,0.0,0.0,0.0,53.0,0.0,4.0,13.0,479.0,438.0,44.0,53.0,12.0,0.0,0.0
Haryana,2007.0,Immoral Traffic (Prevention) Act,08. Immoral Traffic Prevention Act,1956.0,12.0,0.0,91.0,0.0,15.0,0.0,91.0,0.0,7.0,10.0,319.0,255.0,88.0,91.0,27.0,0.0,0.0
Himachal Pradesh,2007.0,Immoral Traffic (Prevention) Act,08. Immoral Traffic Prevention Act,1956.0,0.0,0.0,0.0,1.0,0.0,0.0,0.0,0.0,0.0,0.0,13.0,14.0,0.0,0.0,0.0,0.0,0.0
Jammu & Kashmir,2007.0,Immoral Traffic (Prevention) Act,08. Immoral Traffic Prevention Act,1956.0,1.0,3.0,2.0,0.0,0.0,0.0,5.0,0.0,6.0,10.0,23.0,22.0,1.0,2.0,1.0,0.0,0.0
Jharkhand,2007.0,Immoral Traffic (Prevention) Act,08. Immoral Traffic Prevention Act,1956.0,4.0,2.0,12.0,0.0,1.0,0.0,14.0,0.0,4.0,4.0,39.0,32.0,14.0,12.0,5.0,0.0,0.0
Karnataka,2007.0,Immoral Traffic (Prevention) Act,08. Immoral Traffic Prevention Act,1956.0,144.0,1.0,617.0,0.0,395.0,0.0,618.0,1.0,40.0,47.0,1188.0,1110.0,612.0,617.0,539.0,0.0,0.0
Kerala,2007.0,Immoral Traffic (Prevention) Act,08. Immoral Traffic Prevention Act,1956.0,33.0,0.0,184.0,0.0,47.0,0.0,184.0,0.0,69.0,52.0,723.0,619.0,201.0,184.0,80.0,0.0,0.0
Lakshadweep,2007.0,Immoral Traffic (Prevention) Act,08. Immoral Traffic Prevention Act,1956.0,0.0,0.0,0.0,0.0,0.0,0.0,0.0,0.0,0.0,0.0,0.0,0.0,0.0,0.0,0.0,0.0,0.0
Madhya Pradesh,2007.0,Immoral Traffic (Prevention) Act,08. Immoral Traffic Prevention Act,1956.0,17.0,0.0,19.0,0.0,4.0,0.0,19.0,0.0,0.0,0.0,91.0,93.0,19.0,19.0,21.0,0.0,0.0
Maharashtra,2007.0,Immoral Traffic (Prevention) Act,08. Immoral Traffic Prevention Act,1956.0,45.0,2.0,326.0,1.0,35.0,0.0,328.0,0.0,679.0,685.0,2809.0,2564.0,322.0,326.0,80.0,0.0,0.0
Manipur,2007.0,Immoral Traffic (Prevention) Act,08. Immoral Traffic Prevention Act,1956.0,0.0,0.0,0.0,0.0,0.0,0.0,0.0,0.0,0.0,0.0,0.0,0.0,0.0,0.0,0.0,0.0,0.0
Meghalaya,2007.0,Immoral Traffic (Prevention) Act,08. Immoral Traffic Prevention Act,1956.0,0.0,0.0,1.0,0.0,0.0,0.0,1.0,0.0,2.0,2.0,1.0,0.0,1.0,1.0,0.0,0.0,0.0
Mizoram,2007.0,Immoral Traffic (Prevention) Act,08. Immoral Traffic Prevention Act,1956.0,0.0,0.0,0.0,0.0,0.0,0.0,0.0,0.0,0.0,0.0,0.0,0.0,0.0,0.0,0.0,0.0,0.0
Nagaland,2007.0,Immoral Traffic (Prevention) Act,08. Immoral Traffic Prevention Act,1956.0,0.0,0.0,3.0,0.0,5.0,0.0,3.0,0.0,3.0,2.0,2.0,4.0,4.0,3.0,5.0,0.0,0.0
Odisha,2007.0,Immoral Traffic (Prevention) Act,08. Immoral Traffic Prevention Act,1956.0,16.0,0.0,39.0,0.0,3.0,0.0,39.0,0.0,21.0,20.0,117.0,97.0,40.0,39.0,19.0,0.0,0.0
Puducherry,2007.0,Immoral Traffic (Prevention) Act,08. Immoral Traffic Prevention Act,1956.0,1.0,0.0,5.0,0.0,5.0,0.0,5.0,0.0,0.0,0.0,4.0,5.0,5.0,5.0,6.0,0.0,0.0
Punjab,2007.0,Immoral Traffic (Prevention) Act,08. Immoral Traffic Prevention Act,1956.0,29.0,2.0,49.0,0.0,11.0,3.0,51.0,0.0,41.0,50.0,151.0,142.0,45.0,49.0,40.0,0.0,0.0
Rajasthan,2007.0,Immoral Traffic (Prevention) Act,08. Immoral Traffic Prevention Act,1956.0,15.0,0.0,91.0,0.0,13.0,1.0,91.0,0.0,2.0,3.0,558.0,495.0,91.0,91.0,28.0,0.0,0.0
Sikkim,2007.0,Immoral Traffic (Prevention) Act,08. Immoral Traffic Prevention Act,1956.0,0.0,1.0,1.0,0.0,0.0,0.0,2.0,0.0,0.0,0.0,2.0,1.0,2.0,1.0,0.0,0.0,0.0
Tamil Nadu,2007.0,Immoral Traffic (Prevention) Act,08. Immoral Traffic Prevention Act,1956.0,45.0,0.0,1050.0,0.0,893.0,6.0,1050.0,0.0,224.0,81.0,658.0,546.0,1199.0,1050.0,938.0,0.0,0.0
Tripura,2007.0,Immoral Traffic (Prevention) Act,08. Immoral Traffic Prevention Act,1956.0,0.0,0.0,0.0,0.0,0.0,0.0,0.0,0.0,0.0,0.0,0.0,0.0,0.0,0.0,0.0,0.0,0.0
Uttar Pradesh,2007.0,Immoral Traffic (Prevention) Act,08. Immoral Traffic Prevention Act,1956.0,14.0,0.0,48.0,0.0,21.0,0.0,48.0,0.0,5.0,4.0,159.0,146.0,49.0,48.0,35.0,0.0,0.0
Uttarakhand,2007.0,Immoral Traffic (Prevention) Act,08. Immoral Traffic Prevention Act,1956.0,0.0,0.0,7.0,0.0,1.0,0.0,7.0,0.0,2.0,0.0,11.0,5.0,9.0,7.0,1.0,0.0,0.0
West Bengal,2007.0,Immoral Traffic (Prevention) Act,08. Immoral Traffic Prevention Act,1956.0,67.0,7.0,64.0,0.0,17.0,0.0,71.0,0.0,89.0,98.0,130.0,150.0,62.0,64.0,84.0,0.0,0.0
Andaman & Nicobar Islands,2008.0,Immoral Traffic (Prevention) Act,08. Immoral Traffic Prevention Act,1956.0,0.0,0.0,1.0,0.0,0.0,0.0,1.0,0.0,0.0,1.0,6.0,5.0,0.0,1.0,0.0,0.0,0.0
Andhra Pradesh,2008.0,Immoral Traffic (Prevention) Act,08. Immoral Traffic Prevention Act,1956.0,219.0,0.0,392.0,0.0,73.0,0.0,392.0,0.0,110.0,145.0,1194.0,1094.0,357.0,392.0,292.0,0.0,0.0
Arunachal Pradesh,2008.0,Immoral Traffic (Prevention) Act,08. Immoral Traffic Prevention Act,1956.0,0.0,0.0,0.0,0.0,0.0,0.0,0.0,0.0,0.0,0.0,1.0,1.0,0.0,0.0,0.0,0.0,0.0
Assam,2008.0,Immoral Traffic (Prevention) Act,08. Immoral Traffic Prevention Act,1956.0,7.0,2.0,25.0,0.0,10.0,0.0,27.0,0.0,19.0,19.0,49.0,41.0,27.0,25.0,17.0,0.0,0.0
Bihar,2008.0,Immoral Traffic (Prevention) Act,08. Immoral Traffic Prevention Act,1956.0,13.0,3.0,25.0,0.0,9.0,0.0,28.0,0.0,48.0,37.0,104.0,101.0,39.0,25.0,22.0,0.0,0.0
Chandigarh,2008.0,Immoral Traffic (Prevention) Act,08. Immoral Traffic Prevention Act,1956.0,7.0,0.0,2.0,0.0,0.0,0.0,2.0,0.0,5.0,0.0,42.0,47.0,7.0,2.0,7.0,0.0,0.0
Chhattisgarh,2008.0,Immoral Traffic (Prevention) Act,08. Immoral Traffic Prevention Act,1956.0,1.0,0.0,4.0,0.0,1.0,0.0,4.0,0.0,0.0,0.0,41.0,39.0,4.0,4.0,2.0,0.0,0.0
Dadra & Nagar Haveli,2008.0,Immoral Traffic (Prevention) Act,08. Immoral Traffic Prevention Act,1956.0,0.0,0.0,4.0,0.0,0.0,0.0,4.0,0.0,1.0,2.0,6.0,2.0,3.0,4.0,0.0,0.0,0.0
Daman & Diu,2008.0,Immoral Traffic (Prevention) Act,08. Immoral Traffic Prevention Act,1956.0,1.0,0.0,6.0,0.0,0.0,0.0,6.0,0.0,5.0,5.0,9.0,4.0,6.0,6.0,1.0,0.0,0.0
Delhi,2008.0,Immoral Traffic (Prevention) Act,08. Immoral Traffic Prevention Act,1956.0,6.0,0.0,50.0,0.0,40.0,0.0,50.0,0.0,46.0,36.0,412.0,408.0,60.0,50.0,46.0,0.0,0.0
Goa,2008.0,Immoral Traffic (Prevention) Act,08. Immoral Traffic Prevention Act,1956.0,2.0,0.0,12.0,0.0,11.0,0.0,12.0,0.0,11.0,9.0,20.0,21.0,14.0,12.0,13.0,0.0,0.0
Gujarat,2008.0,Immoral Traffic (Prevention) Act,08. Immoral Traffic Prevention Act,1956.0,17.0,1.0,53.0,0.0,3.0,0.0,54.0,0.0,2.0,4.0,512.0,479.0,52.0,53.0,20.0,0.0,0.0
Haryana,2008.0,Immoral Traffic (Prevention) Act,08. Immoral Traffic Prevention Act,1956.0,14.0,0.0,81.0,0.0,21.0,0.0,81.0,0.0,3.0,7.0,365.0,319.0,77.0,81.0,35.0,0.0,0.0
Himachal Pradesh,2008.0,Immoral Traffic (Prevention) Act,08. Immoral Traffic Prevention Act,1956.0,3.0,0.0,0.0,0.0,0.0,0.0,0.0,0.0,1.0,0.0,10.0,13.0,1.0,0.0,3.0,0.0,0.0
Jammu & Kashmir,2008.0,Immoral Traffic (Prevention) Act,08. Immoral Traffic Prevention Act,1956.0,1.0,1.0,4.0,0.0,0.0,1.0,5.0,0.0,4.0,6.0,26.0,23.0,4.0,4.0,1.0,0.0,0.0
Jharkhand,2008.0,Immoral Traffic (Prevention) Act,08. Immoral Traffic Prevention Act,1956.0,4.0,0.0,5.0,0.0,1.0,0.0,5.0,0.0,7.0,4.0,39.0,39.0,8.0,5.0,5.0,0.0,0.0
Karnataka,2008.0,Immoral Traffic (Prevention) Act,08. Immoral Traffic Prevention Act,1956.0,219.0,1.0,512.0,0.0,215.0,2.0,513.0,0.0,40.0,40.0,1266.0,1188.0,515.0,512.0,434.0,0.0,0.0
Kerala,2008.0,Immoral Traffic (Prevention) Act,08. Immoral Traffic Prevention Act,1956.0,89.0,0.0,191.0,23.0,133.0,5.0,191.0,0.0,60.0,69.0,669.0,723.0,187.0,191.0,222.0,0.0,0.0
Lakshadweep,2008.0,Immoral Traffic (Prevention) Act,08. Immoral Traffic Prevention Act,1956.0,0.0,0.0,0.0,0.0,0.0,0.0,0.0,0.0,0.0,0.0,0.0,0.0,0.0,0.0,0.0,0.0,0.0
Madhya Pradesh,2008.0,Immoral Traffic (Prevention) Act,08. Immoral Traffic Prevention Act,1956.0,3.0,0.0,10.0,0.0,5.0,0.0,10.0,0.0,0.0,0.0,93.0,91.0,10.0,10.0,8.0,0.0,0.0
Maharashtra,2008.0,Immoral Traffic (Prevention) Act,08. Immoral Traffic Prevention Act,1956.0,168.0,0.0,308.0,2.0,62.0,0.0,308.0,0.0,698.0,679.0,2885.0,2809.0,327.0,308.0,230.0,0.0,0.0
Manipur,2008.0,Immoral Traffic (Prevention) Act,08. Immoral Traffic Prevention Act,1956.0,0.0,0.0,0.0,0.0,0.0,0.0,0.0,0.0,0.0,0.0,0.0,0.0,0.0,0.0,0.0,0.0,0.0
Meghalaya,2008.0,Immoral Traffic (Prevention) Act,08. Immoral Traffic Prevention Act,1956.0,0.0,0.0,1.0,0.0,0.0,0.0,1.0,0.0,4.0,2.0,2.0,1.0,3.0,1.0,0.0,0.0,0.0
Mizoram,2008.0,Immoral Traffic (Prevention) Act,08. Immoral Traffic Prevention Act,1956.0,0.0,0.0,1.0,0.0,0.0,0.0,1.0,0.0,0.0,0.0,1.0,0.0,1.0,1.0,0.0,0.0,0.0
Nagaland,2008.0,Immoral Traffic (Prevention) Act,08. Immoral Traffic Prevention Act,1956.0,0.0,0.0,1.0,0.0,1.0,0.0,1.0,0.0,3.0,3.0,2.0,2.0,1.0,1.0,1.0,0.0,0.0
Odisha,2008.0,Immoral Traffic (Prevention) Act,08. Immoral Traffic Prevention Act,1956.0,26.0,0.0,36.0,0.0,3.0,0.0,36.0,0.0,14.0,21.0,124.0,117.0,29.0,36.0,29.0,0.0,0.0
Puducherry,2008.0,Immoral Traffic (Prevention) Act,08. Immoral Traffic Prevention Act,1956.0,0.0,0.0,3.0,0.0,1.0,0.0,3.0,0.0,0.0,0.0,6.0,4.0,3.0,3.0,1.0,0.0,0.0
Punjab,2008.0,Immoral Traffic (Prevention) Act,08. Immoral Traffic Prevention Act,1956.0,29.0,1.0,45.0,0.0,12.0,1.0,46.0,0.0,37.0,41.0,155.0,151.0,43.0,45.0,41.0,0.0,0.0
Rajasthan,2008.0,Immoral Traffic (Prevention) Act,08. Immoral Traffic Prevention Act,1956.0,66.0,0.0,70.0,0.0,65.0,0.0,70.0,0.0,4.0,2.0,497.0,558.0,72.0,70.0,131.0,0.0,0.0
Sikkim,2008.0,Immoral Traffic (Prevention) Act,08. Immoral Traffic Prevention Act,1956.0,0.0,0.0,0.0,0.0,0.0,0.0,0.0,0.0,0.0,0.0,2.0,2.0,0.0,0.0,0.0,0.0,0.0
Tamil Nadu,2008.0,Immoral Traffic (Prevention) Act,08. Immoral Traffic Prevention Act,1956.0,64.0,0.0,730.0,0.0,809.0,1.0,730.0,3.0,177.0,224.0,515.0,658.0,687.0,730.0,873.0,0.0,0.0
Tripura,2008.0,Immoral Traffic (Prevention) Act,08. Immoral Traffic Prevention Act,1956.0,0.0,0.0,0.0,0.0,0.0,0.0,0.0,0.0,0.0,0.0,0.0,0.0,0.0,0.0,0.0,0.0,0.0
Uttar Pradesh,2008.0,Immoral Traffic (Prevention) Act,08. Immoral Traffic Prevention Act,1956.0,15.0,4.0,47.0,0.0,31.0,6.0,51.0,0.0,5.0,5.0,160.0,159.0,57.0,47.0,46.0,0.0,0.0
Uttarakhand,2008.0,Immoral Traffic (Prevention) Act,08. Immoral Traffic Prevention Act,1956.0,1.0,1.0,3.0,0.0,2.0,0.0,4.0,0.0,1.0,2.0,11.0,11.0,3.0,3.0,3.0,0.0,0.0
West Bengal,2008.0,Immoral Traffic (Prevention) Act,08. Immoral Traffic Prevention Act,1956.0,45.0,9.0,54.0,0.0,9.0,0.0,63.0,0.0,88.0,89.0,130.0,130.0,62.0,54.0,54.0,0.0,0.0
Andaman & Nicobar Islands,2009.0,Immoral Traffic (Prevention) Act,08. Immoral Traffic Prevention Act,1956.0,0.0,0.0,0.0,0.0,1.0,0.0,0.0,0.0,1.0,0.0,5.0,6.0,1.0,0.0,1.0,0.0,0.0
Andhra Pradesh,2009.0,Immoral Traffic (Prevention) Act,08. Immoral Traffic Prevention Act,1956.0,259.0,1.0,305.0,1.0,216.0,1.0,306.0,1.0,81.0,110.0,1023.0,1194.0,279.0,305.0,475.0,0.0,0.0
Arunachal Pradesh,2009.0,Immoral Traffic (Prevention) Act,08. Immoral Traffic Prevention Act,1956.0,0.0,0.0,0.0,0.0,0.0,0.0,0.0,0.0,0.0,0.0,1.0,1.0,0.0,0.0,0.0,0.0,0.0
Assam,2009.0,Immoral Traffic (Prevention) Act,08. Immoral Traffic Prevention Act,1956.0,7.0,3.0,17.0,0.0,0.0,0.0,20.0,0.0,36.0,19.0,59.0,49.0,37.0,17.0,7.0,0.0,0.0
Bihar,2009.0,Immoral Traffic (Prevention) Act,08. Immoral Traffic Prevention Act,1956.0,13.0,8.0,17.0,0.0,6.0,0.0,25.0,0.0,63.0,48.0,102.0,104.0,40.0,17.0,19.0,0.0,0.0
Chandigarh,2009.0,Immoral Traffic (Prevention) Act,08. Immoral Traffic Prevention Act,1956.0,9.0,0.0,6.0,0.0,0.0,1.0,6.0,0.0,2.0,5.0,39.0,42.0,4.0,6.0,9.0,0.0,0.0
Chhattisgarh,2009.0,Immoral Traffic (Prevention) Act,08. Immoral Traffic Prevention Act,1956.0,6.0,0.0,8.0,2.0,1.0,0.0,8.0,0.0,1.0,0.0,40.0,41.0,9.0,8.0,7.0,0.0,0.0
Dadra & Nagar Haveli,2009.0,Immoral Traffic (Prevention) Act,08. Immoral Traffic Prevention Act,1956.0,0.0,0.0,1.0,0.0,0.0,0.0,1.0,0.0,0.0,1.0,7.0,6.0,0.0,1.0,0.0,0.0,0.0
Daman & Diu,2009.0,Immoral Traffic (Prevention) Act,08. Immoral Traffic Prevention Act,1956.0,1.0,0.0,2.0,0.0,0.0,0.0,2.0,0.0,7.0,5.0,10.0,9.0,4.0,2.0,1.0,0.0,0.0
Delhi,2009.0,Immoral Traffic (Prevention) Act,08. Immoral Traffic Prevention Act,1956.0,8.0,0.0,33.0,0.0,31.0,0.0,33.0,0.0,40.0,46.0,406.0,412.0,27.0,33.0,39.0,0.0,0.0
Goa,2009.0,Immoral Traffic (Prevention) Act,08. Immoral Traffic Prevention Act,1956.0,2.0,1.0,18.0,0.0,10.0,0.0,19.0,0.0,15.0,11.0,26.0,20.0,23.0,18.0,12.0,0.0,0.0
Gujarat,2009.0,Immoral Traffic (Prevention) Act,08. Immoral Traffic Prevention Act,1956.0,9.0,0.0,37.0,0.0,1.0,0.0,37.0,0.0,6.0,2.0,539.0,512.0,41.0,37.0,10.0,0.0,0.0
Haryana,2009.0,Immoral Traffic (Prevention) Act,08. Immoral Traffic Prevention Act,1956.0,34.0,0.0,83.0,0.0,19.0,1.0,83.0,0.0,9.0,3.0,395.0,365.0,90.0,83.0,53.0,0.0,0.0
Himachal Pradesh,2009.0,Immoral Traffic (Prevention) Act,08. Immoral Traffic Prevention Act,1956.0,1.0,0.0,6.0,0.0,0.0,0.0,6.0,0.0,0.0,1.0,15.0,10.0,5.0,6.0,1.0,0.0,0.0
Jammu & Kashmir,2009.0,Immoral Traffic (Prevention) Act,08. Immoral Traffic Prevention Act,1956.0,0.0,0.0,5.0,0.0,0.0,0.0,5.0,0.0,5.0,4.0,31.0,26.0,6.0,5.0,0.0,0.0,0.0
Jharkhand,2009.0,Immoral Traffic (Prevention) Act,08. Immoral Traffic Prevention Act,1956.0,20.0,0.0,1.0,0.0,6.0,0.0,1.0,0.0,7.0,7.0,14.0,39.0,1.0,1.0,26.0,0.0,0.0
Karnataka,2009.0,Immoral Traffic (Prevention) Act,08. Immoral Traffic Prevention Act,1956.0,104.0,0.0,318.0,4.0,150.0,5.0,318.0,0.0,46.0,40.0,1326.0,1266.0,329.0,318.0,254.0,0.0,0.0
Kerala,2009.0,Immoral Traffic (Prevention) Act,08. Immoral Traffic Prevention Act,1956.0,44.0,0.0,322.0,33.0,182.0,0.0,322.0,0.0,52.0,60.0,732.0,669.0,314.0,322.0,226.0,0.0,0.0
Lakshadweep,2009.0,Immoral Traffic (Prevention) Act,08. Immoral Traffic Prevention Act,1956.0,0.0,0.0,0.0,0.0,0.0,0.0,0.0,0.0,0.0,0.0,0.0,0.0,0.0,0.0,0.0,0.0,0.0
Madhya Pradesh,2009.0,Immoral Traffic (Prevention) Act,08. Immoral Traffic Prevention Act,1956.0,3.0,0.0,16.0,0.0,3.0,0.0,16.0,0.0,3.0,0.0,103.0,93.0,19.0,16.0,6.0,0.0,0.0
Maharashtra,2009.0,Immoral Traffic (Prevention) Act,08. Immoral Traffic Prevention Act,1956.0,203.0,0.0,326.0,0.0,91.0,0.0,326.0,0.0,643.0,698.0,2917.0,2885.0,271.0,326.0,294.0,0.0,0.0
Manipur,2009.0,Immoral Traffic (Prevention) Act,08. Immoral Traffic Prevention Act,1956.0,0.0,0.0,0.0,0.0,0.0,0.0,0.0,0.0,0.0,0.0,0.0,0.0,0.0,0.0,0.0,0.0,0.0
Meghalaya,2009.0,Immoral Traffic (Prevention) Act,08. Immoral Traffic Prevention Act,1956.0,0.0,1.0,0.0,0.0,0.0,0.0,1.0,0.0,4.0,4.0,2.0,2.0,1.0,0.0,0.0,0.0,0.0
Mizoram,2009.0,Immoral Traffic (Prevention) Act,08. Immoral Traffic Prevention Act,1956.0,0.0,0.0,0.0,0.0,1.0,0.0,0.0,0.0,1.0,0.0,0.0,1.0,1.0,0.0,1.0,0.0,0.0
Nagaland,2009.0,Immoral Traffic (Prevention) Act,08. Immoral Traffic Prevention Act,1956.0,0.0,0.0,5.0,0.0,5.0,0.0,5.0,0.0,1.0,3.0,2.0,2.0,3.0,5.0,5.0,0.0,0.0
Odisha,2009.0,Immoral Traffic (Prevention) Act,08. Immoral Traffic Prevention Act,1956.0,24.0,0.0,16.0,0.0,3.0,1.0,16.0,0.0,11.0,14.0,113.0,124.0,14.0,16.0,27.0,0.0,0.0
Puducherry,2009.0,Immoral Traffic (Prevention) Act,08. Immoral Traffic Prevention Act,1956.0,2.0,0.0,9.0,0.0,3.0,0.0,9.0,0.0,0.0,0.0,10.0,6.0,9.0,9.0,5.0,0.0,0.0
Punjab,2009.0,Immoral Traffic (Prevention) Act,08. Immoral Traffic Prevention Act,1956.0,34.0,1.0,50.0,0.0,11.0,0.0,51.0,0.0,45.0,37.0,160.0,155.0,59.0,50.0,45.0,0.0,0.0
Rajasthan,2009.0,Immoral Traffic (Prevention) Act,08. Immoral Traffic Prevention Act,1956.0,17.0,0.0,59.0,0.0,21.0,0.0,59.0,0.0,7.0,4.0,518.0,497.0,62.0,59.0,38.0,0.0,0.0
Sikkim,2009.0,Immoral Traffic (Prevention) Act,08. Immoral Traffic Prevention Act,1956.0,0.0,0.0,1.0,0.0,0.0,0.0,1.0,0.0,0.0,0.0,3.0,2.0,1.0,1.0,0.0,0.0,0.0
Tamil Nadu,2009.0,Immoral Traffic (Prevention) Act,08. Immoral Traffic Prevention Act,1956.0,172.0,0.0,718.0,0.0,463.0,5.0,718.0,0.0,170.0,177.0,598.0,515.0,716.0,718.0,635.0,0.0,0.0
Tripura,2009.0,Immoral Traffic (Prevention) Act,08. Immoral Traffic Prevention Act,1956.0,0.0,0.0,0.0,0.0,0.0,0.0,0.0,0.0,0.0,0.0,0.0,0.0,0.0,0.0,0.0,0.0,0.0
Uttar Pradesh,2009.0,Immoral Traffic (Prevention) Act,08. Immoral Traffic Prevention Act,1956.0,15.0,3.0,37.0,0.0,21.0,0.0,40.0,0.0,4.0,5.0,161.0,160.0,39.0,37.0,36.0,0.0,0.0
Uttarakhand,2009.0,Immoral Traffic (Prevention) Act,08. Immoral Traffic Prevention Act,1956.0,4.0,2.0,5.0,0.0,0.0,0.0,7.0,0.0,0.0,1.0,12.0,11.0,6.0,5.0,4.0,0.0,0.0
West Bengal,2009.0,Immoral Traffic (Prevention) Act,08. Immoral Traffic Prevention Act,1956.0,17.0,5.0,41.0,0.0,9.0,0.0,46.0,0.0,105.0,88.0,145.0,130.0,63.0,41.0,26.0,0.0,0.0
Andaman & Nicobar Islands,2010.0,Immoral Traffic (Prevention) Act,08. Immoral Traffic Prevention Act,1956.0,0.0,0.0,1.0,0.0,0.0,0.0,1.0,0.0,3.0,1.0,6.0,5.0,3.0,1.0,0.0,0.0,0.0
Andhra Pradesh,2010.0,Immoral Traffic (Prevention) Act,08. Immoral Traffic Prevention Act,1956.0,300.0,4.0,443.0,33.0,76.0,0.0,447.0,0.0,182.0,81.0,1057.0,1023.0,548.0,443.0,376.0,0.0,0.0
Arunachal Pradesh,2010.0,Immoral Traffic (Prevention) Act,08. Immoral Traffic Prevention Act,1956.0,0.0,0.0,0.0,0.0,0.0,0.0,0.0,0.0,0.0,0.0,1.0,1.0,0.0,0.0,0.0,0.0,0.0
Assam,2010.0,Immoral Traffic (Prevention) Act,08. Immoral Traffic Prevention Act,1956.0,5.0,3.0,14.0,0.0,2.0,1.0,17.0,0.0,43.0,36.0,66.0,59.0,25.0,14.0,7.0,0.0,0.0
Bihar,2010.0,Immoral Traffic (Prevention) Act,08. Immoral Traffic Prevention Act,1956.0,10.0,4.0,37.0,0.0,4.0,0.0,41.0,0.0,46.0,63.0,125.0,102.0,24.0,37.0,14.0,0.0,0.0
Chandigarh,2010.0,Immoral Traffic (Prevention) Act,08. Immoral Traffic Prevention Act,1956.0,5.0,0.0,5.0,0.0,0.0,0.0,5.0,0.0,0.0,2.0,39.0,39.0,3.0,5.0,5.0,0.0,0.0
Chhattisgarh,2010.0,Immoral Traffic (Prevention) Act,08. Immoral Traffic Prevention Act,1956.0,4.0,0.0,10.0,0.0,2.0,0.0,10.0,0.0,3.0,1.0,44.0,40.0,12.0,10.0,6.0,0.0,0.0
Dadra & Nagar Haveli,2010.0,Immoral Traffic (Prevention) Act,08. Immoral Traffic Prevention Act,1956.0,0.0,0.0,1.0,0.0,0.0,0.0,1.0,0.0,0.0,0.0,8.0,7.0,1.0,1.0,0.0,0.0,0.0
Daman & Diu,2010.0,Immoral Traffic (Prevention) Act,08. Immoral Traffic Prevention Act,1956.0,1.0,0.0,5.0,0.0,0.0,0.0,5.0,0.0,8.0,7.0,14.0,10.0,6.0,5.0,1.0,0.0,0.0
Delhi,2010.0,Immoral Traffic (Prevention) Act,08. Immoral Traffic Prevention Act,1956.0,11.0,0.0,35.0,0.0,32.0,0.0,35.0,0.0,33.0,40.0,398.0,406.0,28.0,35.0,43.0,0.0,0.0
Goa,2010.0,Immoral Traffic (Prevention) Act,08. Immoral Traffic Prevention Act,1956.0,1.0,2.0,14.0,0.0,0.0,0.0,16.0,0.0,15.0,15.0,39.0,26.0,16.0,14.0,1.0,0.0,0.0
Gujarat,2010.0,Immoral Traffic (Prevention) Act,08. Immoral Traffic Prevention Act,1956.0,18.0,0.0,46.0,0.0,2.0,0.0,46.0,0.0,6.0,6.0,565.0,539.0,46.0,46.0,20.0,0.0,0.0
Haryana,2010.0,Immoral Traffic (Prevention) Act,08. Immoral Traffic Prevention Act,1956.0,47.0,0.0,57.0,0.0,28.0,1.0,57.0,0.0,8.0,9.0,377.0,395.0,57.0,57.0,75.0,0.0,0.0
Himachal Pradesh,2010.0,Immoral Traffic (Prevention) Act,08. Immoral Traffic Prevention Act,1956.0,0.0,0.0,1.0,0.0,0.0,0.0,1.0,0.0,0.0,0.0,16.0,15.0,1.0,1.0,0.0,0.0,0.0
Jammu & Kashmir,2010.0,Immoral Traffic (Prevention) Act,08. Immoral Traffic Prevention Act,1956.0,0.0,0.0,0.0,0.0,0.0,1.0,0.0,0.0,8.0,5.0,31.0,31.0,4.0,0.0,0.0,0.0,0.0
Jharkhand,2010.0,Immoral Traffic (Prevention) Act,08. Immoral Traffic Prevention Act,1956.0,5.0,2.0,7.0,0.0,2.0,1.0,9.0,0.0,10.0,7.0,14.0,14.0,13.0,7.0,7.0,0.0,0.0
Karnataka,2010.0,Immoral Traffic (Prevention) Act,08. Immoral Traffic Prevention Act,1956.0,51.0,0.0,250.0,0.0,263.0,13.0,250.0,0.0,25.0,46.0,1257.0,1326.0,242.0,250.0,314.0,5.0,0.0
Kerala,2010.0,Immoral Traffic (Prevention) Act,08. Immoral Traffic Prevention Act,1956.0,29.0,0.0,328.0,1.0,217.0,1.0,328.0,0.0,32.0,52.0,813.0,732.0,309.0,328.0,246.0,0.0,0.0
Lakshadweep,2010.0,Immoral Traffic (Prevention) Act,08. Immoral Traffic Prevention Act,1956.0,0.0,0.0,0.0,0.0,0.0,0.0,0.0,0.0,0.0,0.0,0.0,0.0,0.0,0.0,0.0,0.0,0.0
Madhya Pradesh,2010.0,Immoral Traffic (Prevention) Act,08. Immoral Traffic Prevention Act,1956.0,7.0,0.0,18.0,0.0,14.0,0.0,18.0,0.0,4.0,3.0,100.0,103.0,19.0,18.0,21.0,0.0,0.0
Maharashtra,2010.0,Immoral Traffic (Prevention) Act,08. Immoral Traffic Prevention Act,1956.0,106.0,0.0,324.0,2.0,74.0,0.0,324.0,0.0,625.0,643.0,3059.0,2917.0,306.0,324.0,180.0,0.0,0.0
Manipur,2010.0,Immoral Traffic (Prevention) Act,08. Immoral Traffic Prevention Act,1956.0,0.0,0.0,0.0,0.0,0.0,0.0,0.0,0.0,0.0,0.0,0.0,0.0,0.0,0.0,0.0,0.0,0.0
Meghalaya,2010.0,Immoral Traffic (Prevention) Act,08. Immoral Traffic Prevention Act,1956.0,0.0,1.0,1.0,0.0,0.0,0.0,2.0,0.0,5.0,4.0,3.0,2.0,3.0,1.0,0.0,0.0,0.0
Mizoram,2010.0,Immoral Traffic (Prevention) Act,08. Immoral Traffic Prevention Act,1956.0,0.0,0.0,1.0,0.0,1.0,0.0,1.0,0.0,0.0,1.0,0.0,0.0,0.0,1.0,1.0,0.0,0.0
Nagaland,2010.0,Immoral Traffic (Prevention) Act,08. Immoral Traffic Prevention Act,1956.0,0.0,0.0,3.0,0.0,4.0,0.0,3.0,0.0,0.0,1.0,1.0,2.0,2.0,3.0,4.0,0.0,0.0
Odisha,2010.0,Immoral Traffic (Prevention) Act,08. Immoral Traffic Prevention Act,1956.0,16.0,0.0,25.0,0.0,4.0,0.0,25.0,0.0,11.0,11.0,118.0,113.0,25.0,25.0,20.0,0.0,0.0
Puducherry,2010.0,Immoral Traffic (Prevention) Act,08. Immoral Traffic Prevention Act,1956.0,0.0,0.0,11.0,0.0,8.0,0.0,11.0,0.0,0.0,0.0,13.0,10.0,11.0,11.0,8.0,0.0,0.0
Punjab,2010.0,Immoral Traffic (Prevention) Act,08. Immoral Traffic Prevention Act,1956.0,27.0,0.0,52.0,0.0,15.0,0.0,52.0,0.0,44.0,37.0,162.0,152.0,59.0,52.0,42.0,0.0,0.0
Rajasthan,2010.0,Immoral Traffic (Prevention) Act,08. Immoral Traffic Prevention Act,1956.0,9.0,0.0,83.0,1.0,16.0,0.0,83.0,0.0,6.0,7.0,575.0,518.0,82.0,83.0,25.0,0.0,0.0
Sikkim,2010.0,Immoral Traffic (Prevention) Act,08. Immoral Traffic Prevention Act,1956.0,0.0,0.0,1.0,0.0,0.0,0.0,1.0,0.0,2.0,0.0,4.0,3.0,3.0,1.0,0.0,0.0,0.0
Tamil Nadu,2010.0,Immoral Traffic (Prevention) Act,08. Immoral Traffic Prevention Act,1956.0,238.0,8.0,575.0,0.0,315.0,2.0,583.0,0.0,152.0,170.0,620.0,598.0,567.0,575.0,553.0,0.0,0.0
Tripura,2010.0,Immoral Traffic (Prevention) Act,08. Immoral Traffic Prevention Act,1956.0,1.0,0.0,1.0,0.0,0.0,0.0,1.0,0.0,0.0,0.0,0.0,0.0,1.0,1.0,1.0,0.0,0.0
Uttar Pradesh,2010.0,Immoral Traffic (Prevention) Act,08. Immoral Traffic Prevention Act,1956.0,8.0,2.0,21.0,0.0,28.0,0.0,23.0,0.0,4.0,4.0,146.0,161.0,23.0,21.0,36.0,0.0,0.0
Uttarakhand,2010.0,Immoral Traffic (Prevention) Act,08. Immoral Traffic Prevention Act,1956.0,0.0,0.0,4.0,0.0,7.0,0.0,4.0,0.0,0.0,0.0,9.0,12.0,4.0,4.0,7.0,0.0,0.0
West Bengal,2010.0,Immoral Traffic (Prevention) Act,08. Immoral Traffic Prevention Act,1956.0,21.0,2.0,57.0,0.0,11.0,0.0,59.0,0.0,102.0,105.0,170.0,145.0,56.0,57.0,32.0,0.0,0.0
Andaman & Nicobar Islands,2001.0,Importation of Girls,09. Dowry Prohibition Act,1961.0,0.0,0.0,0.0,0.0,0.0,0.0,0.0,0.0,0.0,0.0,0.0,0.0,0.0,0.0,0.0,0.0,0.0
Andhra Pradesh,2001.0,Importation of Girls,09. Dowry Prohibition Act,1961.0,0.0,1.0,2.0,0.0,0.0,3.0,3.0,0.0,1.0,0.0,2.0,0.0,7.0,2.0,0.0,0.0,0.0
Arunachal Pradesh,2001.0,Importation of Girls,09. Dowry Prohibition Act,1961.0,0.0,0.0,0.0,0.0,0.0,0.0,0.0,0.0,0.0,0.0,0.0,0.0,0.0,0.0,0.0,0.0,0.0
Assam,2001.0,Importation of Girls,09. Dowry Prohibition Act,1961.0,0.0,0.0,0.0,0.0,0.0,0.0,0.0,0.0,0.0,0.0,0.0,0.0,0.0,0.0,0.0,0.0,0.0
Bihar,2001.0,Importation of Girls,09. Dowry Prohibition Act,1961.0,5.0,2.0,42.0,0.0,1.0,2.0,44.0,0.0,47.0,10.0,60.0,24.0,83.0,42.0,6.0,0.0,0.0
Chandigarh,2001.0,Importation of Girls,09. Dowry Prohibition Act,1961.0,0.0,0.0,0.0,0.0,0.0,0.0,0.0,0.0,0.0,0.0,0.0,0.0,0.0,0.0,0.0,0.0,0.0
Chhattisgarh,2001.0,Importation of Girls,09. Dowry Prohibition Act,1961.0,0.0,0.0,0.0,0.0,0.0,0.0,0.0,0.0,0.0,0.0,0.0,0.0,0.0,0.0,0.0,0.0,0.0
Dadra & Nagar Haveli,2001.0,Importation of Girls,09. Dowry Prohibition Act,1961.0,0.0,0.0,0.0,0.0,0.0,0.0,0.0,0.0,0.0,0.0,0.0,0.0,0.0,0.0,0.0,0.0,0.0
Daman & Diu,2001.0,Importation of Girls,09. Dowry Prohibition Act,1961.0,0.0,0.0,0.0,0.0,0.0,0.0,0.0,0.0,0.0,0.0,0.0,0.0,0.0,0.0,0.0,0.0,0.0
Delhi,2001.0,Importation of Girls,09. Dowry Prohibition Act,1961.0,0.0,0.0,0.0,0.0,0.0,0.0,0.0,0.0,0.0,0.0,0.0,0.0,0.0,0.0,0.0,0.0,0.0
Goa,2001.0,Importation of Girls,09. Dowry Prohibition Act,1961.0,0.0,0.0,0.0,0.0,0.0,0.0,0.0,0.0,0.0,0.0,0.0,0.0,0.0,0.0,0.0,0.0,0.0
Gujarat,2001.0,Importation of Girls,09. Dowry Prohibition Act,1961.0,0.0,0.0,0.0,0.0,0.0,0.0,0.0,0.0,0.0,0.0,0.0,0.0,0.0,0.0,0.0,0.0,0.0
Haryana,2001.0,Importation of Girls,09. Dowry Prohibition Act,1961.0,0.0,0.0,0.0,0.0,0.0,0.0,0.0,0.0,0.0,0.0,0.0,0.0,0.0,0.0,0.0,0.0,0.0
Himachal Pradesh,2001.0,Importation of Girls,09. Dowry Prohibition Act,1961.0,0.0,0.0,0.0,0.0,0.0,0.0,0.0,0.0,0.0,0.0,0.0,0.0,0.0,0.0,0.0,0.0,0.0
Jammu & Kashmir,2001.0,Importation of Girls,09. Dowry Prohibition Act,1961.0,0.0,0.0,0.0,0.0,0.0,0.0,0.0,0.0,0.0,0.0,0.0,0.0,0.0,0.0,0.0,0.0,0.0
Jharkhand,2001.0,Importation of Girls,09. Dowry Prohibition Act,1961.0,1.0,0.0,2.0,0.0,2.0,0.0,2.0,0.0,0.0,0.0,9.0,10.0,2.0,2.0,3.0,0.0,0.0
Karnataka,2001.0,Importation of Girls,09. Dowry Prohibition Act,1961.0,0.0,0.0,0.0,0.0,0.0,0.0,0.0,0.0,0.0,0.0,0.0,0.0,0.0,0.0,0.0,0.0,0.0
Kerala,2001.0,Importation of Girls,09. Dowry Prohibition Act,1961.0,0.0,0.0,0.0,0.0,0.0,0.0,0.0,0.0,0.0,0.0,0.0,0.0,0.0,0.0,0.0,0.0,0.0
Lakshadweep,2001.0,Importation of Girls,09. Dowry Prohibition Act,1961.0,0.0,0.0,0.0,0.0,0.0,0.0,0.0,0.0,0.0,0.0,0.0,0.0,0.0,0.0,0.0,0.0,0.0
Madhya Pradesh,2001.0,Importation of Girls,09. Dowry Prohibition Act,1961.0,0.0,0.0,0.0,0.0,0.0,0.0,0.0,0.0,0.0,0.0,0.0,0.0,0.0,0.0,0.0,0.0,0.0
Maharashtra,2001.0,Importation of Girls,09. Dowry Prohibition Act,1961.0,0.0,0.0,1.0,0.0,0.0,0.0,1.0,0.0,0.0,0.0,1.0,0.0,1.0,1.0,0.0,0.0,0.0
Manipur,2001.0,Importation of Girls,09. Dowry Prohibition Act,1961.0,0.0,0.0,0.0,0.0,0.0,0.0,0.0,0.0,0.0,0.0,0.0,0.0,0.0,0.0,0.0,0.0,0.0
Meghalaya,2001.0,Importation of Girls,09. Dowry Prohibition Act,1961.0,0.0,0.0,0.0,0.0,0.0,0.0,0.0,0.0,0.0,0.0,0.0,0.0,0.0,0.0,0.0,0.0,0.0
Mizoram,2001.0,Importation of Girls,09. Dowry Prohibition Act,1961.0,0.0,0.0,0.0,0.0,0.0,0.0,0.0,0.0,3.0,0.0,0.0,0.0,3.0,0.0,0.0,0.0,0.0
Nagaland,2001.0,Importation of Girls,09. Dowry Prohibition Act,1961.0,0.0,0.0,0.0,0.0,0.0,0.0,0.0,0.0,0.0,0.0,0.0,0.0,0.0,0.0,0.0,0.0,0.0
Odisha,2001.0,Importation of Girls,09. Dowry Prohibition Act,1961.0,0.0,0.0,2.0,0.0,0.0,0.0,2.0,0.0,0.0,2.0,2.0,0.0,0.0,2.0,0.0,0.0,0.0
Puducherry,2001.0,Importation of Girls,09. Dowry Prohibition Act,1961.0,0.0,0.0,0.0,0.0,0.0,0.0,0.0,0.0,0.0,0.0,0.0,0.0,0.0,0.0,0.0,0.0,0.0
Punjab,2001.0,Importation of Girls,09. Dowry Prohibition Act,1961.0,0.0,0.0,0.0,0.0,0.0,0.0,0.0,0.0,0.0,0.0,0.0,0.0,0.0,0.0,0.0,0.0,0.0
Rajasthan,2001.0,Importation of Girls,09. Dowry Prohibition Act,1961.0,0.0,0.0,1.0,0.0,0.0,0.0,1.0,0.0,0.0,0.0,1.0,0.0,1.0,1.0,0.0,0.0,0.0
Sikkim,2001.0,Importation of Girls,09. Dowry Prohibition Act,1961.0,0.0,0.0,0.0,0.0,0.0,0.0,0.0,0.0,0.0,0.0,0.0,0.0,0.0,0.0,0.0,0.0,0.0
Tamil Nadu,2001.0,Importation of Girls,09. Dowry Prohibition Act,1961.0,5.0,2.0,9.0,5.0,0.0,0.0,11.0,0.0,3.0,0.0,3.0,4.0,14.0,9.0,5.0,0.0,0.0
Tripura,2001.0,Importation of Girls,09. Dowry Prohibition Act,1961.0,0.0,0.0,0.0,0.0,0.0,0.0,0.0,0.0,0.0,0.0,0.0,0.0,0.0,0.0,0.0,0.0,0.0
Uttar Pradesh,2001.0,Importation of Girls,09. Dowry Prohibition Act,1961.0,0.0,0.0,0.0,0.0,0.0,0.0,0.0,0.0,0.0,0.0,0.0,0.0,0.0,0.0,0.0,0.0,0.0
Uttarakhand,2001.0,Importation of Girls,09. Dowry Prohibition Act,1961.0,7.0,0.0,0.0,0.0,2.0,0.0,0.0,0.0,0.0,0.0,0.0,9.0,0.0,0.0,9.0,0.0,0.0
West Bengal,2001.0,Importation of Girls,09. Dowry Prohibition Act,1961.0,0.0,0.0,1.0,0.0,0.0,0.0,1.0,0.0,2.0,0.0,3.0,2.0,3.0,1.0,0.0,0.0,0.0
Andaman & Nicobar Islands,2002.0,Importation of Girls,09. Dowry Prohibition Act,1961.0,0.0,0.0,0.0,0.0,0.0,0.0,0.0,0.0,0.0,0.0,0.0,0.0,0.0,0.0,0.0,0.0,0.0
Andhra Pradesh,2002.0,Importation of Girls,09. Dowry Prohibition Act,1961.0,0.0,0.0,1.0,0.0,0.0,0.0,1.0,0.0,0.0,1.0,3.0,2.0,0.0,1.0,0.0,0.0,0.0
Arunachal Pradesh,2002.0,Importation of Girls,09. Dowry Prohibition Act,1961.0,0.0,0.0,0.0,0.0,0.0,0.0,0.0,0.0,0.0,0.0,0.0,0.0,0.0,0.0,0.0,0.0,0.0
Assam,2002.0,Importation of Girls,09. Dowry Prohibition Act,1961.0,0.0,0.0,0.0,0.0,0.0,0.0,0.0,0.0,0.0,0.0,0.0,0.0,0.0,0.0,0.0,0.0,0.0
Bihar,2002.0,Importation of Girls,09. Dowry Prohibition Act,1961.0,5.0,6.0,30.0,0.0,0.0,1.0,36.0,0.0,48.0,47.0,85.0,60.0,38.0,30.0,5.0,0.0,0.0
Chandigarh,2002.0,Importation of Girls,09. Dowry Prohibition Act,1961.0,0.0,0.0,0.0,0.0,0.0,0.0,0.0,0.0,0.0,0.0,0.0,0.0,0.0,0.0,0.0,0.0,0.0
Chhattisgarh,2002.0,Importation of Girls,09. Dowry Prohibition Act,1961.0,0.0,0.0,0.0,0.0,0.0,0.0,0.0,0.0,0.0,0.0,0.0,0.0,0.0,0.0,0.0,0.0,0.0
Dadra & Nagar Haveli,2002.0,Importation of Girls,09. Dowry Prohibition Act,1961.0,0.0,0.0,0.0,0.0,0.0,0.0,0.0,0.0,0.0,0.0,0.0,0.0,0.0,0.0,0.0,0.0,0.0
Daman & Diu,2002.0,Importation of Girls,09. Dowry Prohibition Act,1961.0,0.0,0.0,0.0,0.0,0.0,0.0,0.0,0.0,0.0,0.0,0.0,0.0,0.0,0.0,0.0,0.0,0.0
Delhi,2002.0,Importation of Girls,09. Dowry Prohibition Act,1961.0,0.0,0.0,0.0,0.0,0.0,0.0,0.0,0.0,0.0,0.0,0.0,0.0,0.0,0.0,0.0,0.0,0.0
Goa,2002.0,Importation of Girls,09. Dowry Prohibition Act,1961.0,0.0,0.0,0.0,0.0,0.0,0.0,0.0,0.0,0.0,0.0,0.0,0.0,0.0,0.0,0.0,0.0,0.0
Gujarat,2002.0,Importation of Girls,09. Dowry Prohibition Act,1961.0,0.0,0.0,0.0,0.0,0.0,0.0,0.0,0.0,0.0,0.0,0.0,0.0,0.0,0.0,0.0,0.0,0.0
Haryana,2002.0,Importation of Girls,09. Dowry Prohibition Act,1961.0,0.0,0.0,0.0,0.0,0.0,0.0,0.0,0.0,0.0,0.0,0.0,0.0,0.0,0.0,0.0,0.0,0.0
Himachal Pradesh,2002.0,Importation of Girls,09. Dowry Prohibition Act,1961.0,0.0,0.0,0.0,0.0,0.0,0.0,0.0,0.0,0.0,0.0,0.0,0.0,0.0,0.0,0.0,0.0,0.0
Jammu & Kashmir,2002.0,Importation of Girls,09. Dowry Prohibition Act,1961.0,0.0,0.0,0.0,0.0,0.0,0.0,0.0,0.0,0.0,0.0,0.0,0.0,0.0,0.0,0.0,0.0,0.0
Jharkhand,2002.0,Importation of Girls,09. Dowry Prohibition Act,1961.0,23.0,6.0,29.0,0.0,7.0,0.0,35.0,0.0,1.0,0.0,8.0,9.0,36.0,29.0,30.0,0.0,0.0
Karnataka,2002.0,Importation of Girls,09. Dowry Prohibition Act,1961.0,0.0,0.0,0.0,0.0,0.0,0.0,0.0,0.0,0.0,0.0,0.0,0.0,0.0,0.0,0.0,0.0,0.0
Kerala,2002.0,Importation of Girls,09. Dowry Prohibition Act,1961.0,0.0,0.0,0.0,0.0,0.0,0.0,0.0,0.0,0.0,0.0,0.0,0.0,0.0,0.0,0.0,0.0,0.0
Lakshadweep,2002.0,Importation of Girls,09. Dowry Prohibition Act,1961.0,0.0,0.0,0.0,0.0,0.0,0.0,0.0,0.0,0.0,0.0,0.0,0.0,0.0,0.0,0.0,0.0,0.0
Madhya Pradesh,2002.0,Importation of Girls,09. Dowry Prohibition Act,1961.0,0.0,0.0,0.0,0.0,0.0,0.0,0.0,0.0,0.0,0.0,0.0,0.0,0.0,0.0,0.0,0.0,0.0
Maharashtra,2002.0,Importation of Girls,09. Dowry Prohibition Act,1961.0,1.0,0.0,0.0,0.0,0.0,0.0,0.0,0.0,0.0,0.0,0.0,1.0,0.0,0.0,1.0,0.0,0.0
Manipur,2002.0,Importation of Girls,09. Dowry Prohibition Act,1961.0,0.0,0.0,0.0,0.0,0.0,0.0,0.0,0.0,0.0,0.0,0.0,0.0,0.0,0.0,0.0,0.0,0.0
Meghalaya,2002.0,Importation of Girls,09. Dowry Prohibition Act,1961.0,0.0,0.0,0.0,0.0,0.0,0.0,0.0,0.0,0.0,0.0,0.0,0.0,0.0,0.0,0.0,0.0,0.0
Mizoram,2002.0,Importation of Girls,09. Dowry Prohibition Act,1961.0,0.0,0.0,0.0,0.0,0.0,0.0,0.0,0.0,0.0,0.0,0.0,0.0,0.0,0.0,0.0,0.0,0.0
Nagaland,2002.0,Importation of Girls,09. Dowry Prohibition Act,1961.0,0.0,0.0,0.0,0.0,0.0,0.0,0.0,0.0,0.0,0.0,0.0,0.0,0.0,0.0,0.0,0.0,0.0
Odisha,2002.0,Importation of Girls,09. Dowry Prohibition Act,1961.0,0.0,0.0,0.0,0.0,0.0,0.0,0.0,0.0,0.0,0.0,2.0,2.0,0.0,0.0,0.0,0.0,0.0
Puducherry,2002.0,Importation of Girls,09. Dowry Prohibition Act,1961.0,0.0,0.0,0.0,0.0,0.0,0.0,0.0,0.0,0.0,0.0,0.0,0.0,0.0,0.0,0.0,0.0,0.0
Punjab,2002.0,Importation of Girls,09. Dowry Prohibition Act,1961.0,0.0,0.0,0.0,0.0,0.0,0.0,0.0,0.0,0.0,0.0,0.0,0.0,0.0,0.0,0.0,0.0,0.0
Rajasthan,2002.0,Importation of Girls,09. Dowry Prohibition Act,1961.0,1.0,0.0,0.0,0.0,0.0,0.0,0.0,0.0,0.0,0.0,0.0,1.0,0.0,0.0,1.0,0.0,0.0
Sikkim,2002.0,Importation of Girls,09. Dowry Prohibition Act,1961.0,0.0,0.0,0.0,0.0,0.0,0.0,0.0,0.0,0.0,0.0,0.0,0.0,0.0,0.0,0.0,0.0,0.0
Tamil Nadu,2002.0,Importation of Girls,09. Dowry Prohibition Act,1961.0,3.0,2.0,1.0,0.0,1.0,0.0,3.0,0.0,0.0,3.0,0.0,3.0,0.0,1.0,4.0,0.0,0.0
Tripura,2002.0,Importation of Girls,09. Dowry Prohibition Act,1961.0,0.0,0.0,0.0,0.0,0.0,0.0,0.0,0.0,0.0,0.0,0.0,0.0,0.0,0.0,0.0,0.0,0.0
Uttar Pradesh,2002.0,Importation of Girls,09. Dowry Prohibition Act,1961.0,0.0,0.0,0.0,0.0,0.0,0.0,0.0,0.0,0.0,0.0,0.0,0.0,0.0,0.0,0.0,0.0,0.0
Uttarakhand,2002.0,Importation of Girls,09. Dowry Prohibition Act,1961.0,0.0,0.0,1.0,0.0,1.0,0.0,1.0,0.0,0.0,0.0,0.0,0.0,1.0,1.0,1.0,0.0,0.0
West Bengal,2002.0,Importation of Girls,09. Dowry Prohibition Act,1961.0,0.0,0.0,1.0,0.0,0.0,0.0,1.0,0.0,2.0,2.0,4.0,3.0,1.0,1.0,0.0,0.0,0.0
Andaman & Nicobar Islands,2003.0,Importation of Girls,09. Dowry Prohibition Act,1961.0,0.0,0.0,0.0,0.0,0.0,0.0,0.0,0.0,0.0,0.0,0.0,0.0,0.0,0.0,0.0,0.0,0.0
Andhra Pradesh,2003.0,Importation of Girls,09. Dowry Prohibition Act,1961.0,2.0,0.0,5.0,0.0,1.0,0.0,5.0,0.0,0.0,0.0,5.0,3.0,5.0,5.0,3.0,0.0,0.0
Arunachal Pradesh,2003.0,Importation of Girls,09. Dowry Prohibition Act,1961.0,0.0,0.0,0.0,0.0,0.0,0.0,0.0,0.0,0.0,0.0,0.0,0.0,0.0,0.0,0.0,0.0,0.0
Assam,2003.0,Importation of Girls,09. Dowry Prohibition Act,1961.0,0.0,0.0,0.0,0.0,0.0,0.0,0.0,0.0,0.0,0.0,0.0,0.0,0.0,0.0,0.0,0.0,0.0
Bihar,2003.0,Importation of Girls,09. Dowry Prohibition Act,1961.0,6.0,4.0,38.0,0.0,0.0,3.0,42.0,0.0,40.0,48.0,117.0,85.0,37.0,38.0,6.0,0.0,0.0
Chandigarh,2003.0,Importation of Girls,09. Dowry Prohibition Act,1961.0,0.0,0.0,0.0,0.0,0.0,0.0,0.0,0.0,0.0,0.0,0.0,0.0,0.0,0.0,0.0,0.0,0.0
Chhattisgarh,2003.0,Importation of Girls,09. Dowry Prohibition Act,1961.0,0.0,0.0,0.0,0.0,0.0,0.0,0.0,0.0,0.0,0.0,0.0,0.0,0.0,0.0,0.0,0.0,0.0
Dadra & Nagar Haveli,2003.0,Importation of Girls,09. Dowry Prohibition Act,1961.0,0.0,0.0,0.0,0.0,0.0,0.0,0.0,0.0,0.0,0.0,0.0,0.0,0.0,0.0,0.0,0.0,0.0
Daman & Diu,2003.0,Importation of Girls,09. Dowry Prohibition Act,1961.0,0.0,0.0,0.0,0.0,0.0,0.0,0.0,0.0,0.0,0.0,0.0,0.0,0.0,0.0,0.0,0.0,0.0
Delhi,2003.0,Importation of Girls,09. Dowry Prohibition Act,1961.0,0.0,0.0,0.0,0.0,0.0,0.0,0.0,0.0,0.0,0.0,0.0,0.0,0.0,0.0,0.0,0.0,0.0
Goa,2003.0,Importation of Girls,09. Dowry Prohibition Act,1961.0,0.0,0.0,0.0,0.0,0.0,0.0,0.0,0.0,0.0,0.0,0.0,0.0,0.0,0.0,0.0,0.0,0.0
Gujarat,2003.0,Importation of Girls,09. Dowry Prohibition Act,1961.0,0.0,0.0,0.0,0.0,0.0,0.0,0.0,0.0,0.0,0.0,0.0,0.0,0.0,0.0,0.0,0.0,0.0
Haryana,2003.0,Importation of Girls,09. Dowry Prohibition Act,1961.0,0.0,0.0,0.0,0.0,0.0,0.0,0.0,0.0,0.0,0.0,0.0,0.0,0.0,0.0,0.0,0.0,0.0
Himachal Pradesh,2003.0,Importation of Girls,09. Dowry Prohibition Act,1961.0,0.0,0.0,0.0,0.0,0.0,0.0,0.0,0.0,0.0,0.0,0.0,0.0,0.0,0.0,0.0,0.0,0.0
Jammu & Kashmir,2003.0,Importation of Girls,09. Dowry Prohibition Act,1961.0,0.0,0.0,0.0,0.0,0.0,0.0,0.0,0.0,0.0,0.0,0.0,0.0,0.0,0.0,0.0,0.0,0.0
Jharkhand,2003.0,Importation of Girls,09. Dowry Prohibition Act,1961.0,0.0,0.0,0.0,0.0,0.0,0.0,0.0,0.0,1.0,1.0,8.0,8.0,0.0,0.0,0.0,0.0,0.0
Karnataka,2003.0,Importation of Girls,09. Dowry Prohibition Act,1961.0,0.0,0.0,0.0,0.0,0.0,0.0,0.0,0.0,0.0,0.0,0.0,0.0,0.0,0.0,0.0,0.0,0.0
Kerala,2003.0,Importation of Girls,09. Dowry Prohibition Act,1961.0,0.0,0.0,0.0,0.0,0.0,0.0,0.0,0.0,0.0,0.0,0.0,0.0,0.0,0.0,0.0,0.0,0.0
Lakshadweep,2003.0,Importation of Girls,09. Dowry Prohibition Act,1961.0,0.0,0.0,0.0,0.0,0.0,0.0,0.0,0.0,0.0,0.0,0.0,0.0,0.0,0.0,0.0,0.0,0.0
Madhya Pradesh,2003.0,Importation of Girls,09. Dowry Prohibition Act,1961.0,0.0,0.0,0.0,0.0,0.0,0.0,0.0,0.0,0.0,0.0,0.0,0.0,0.0,0.0,0.0,0.0,0.0
Maharashtra,2003.0,Importation of Girls,09. Dowry Prohibition Act,1961.0,0.0,0.0,0.0,0.0,0.0,0.0,0.0,0.0,0.0,0.0,0.0,0.0,0.0,0.0,0.0,0.0,0.0
Manipur,2003.0,Importation of Girls,09. Dowry Prohibition Act,1961.0,0.0,0.0,0.0,0.0,0.0,0.0,0.0,0.0,0.0,0.0,0.0,0.0,0.0,0.0,0.0,0.0,0.0
Meghalaya,2003.0,Importation of Girls,09. Dowry Prohibition Act,1961.0,0.0,0.0,0.0,0.0,0.0,0.0,0.0,0.0,0.0,0.0,0.0,0.0,0.0,0.0,0.0,0.0,0.0
Mizoram,2003.0,Importation of Girls,09. Dowry Prohibition Act,1961.0,0.0,0.0,0.0,0.0,0.0,0.0,0.0,0.0,0.0,0.0,0.0,0.0,0.0,0.0,0.0,0.0,0.0
Nagaland,2003.0,Importation of Girls,09. Dowry Prohibition Act,1961.0,0.0,0.0,0.0,0.0,0.0,0.0,0.0,0.0,1.0,0.0,0.0,0.0,1.0,0.0,0.0,0.0,0.0
Odisha,2003.0,Importation of Girls,09. Dowry Prohibition Act,1961.0,0.0,0.0,0.0,0.0,0.0,0.0,0.0,0.0,0.0,0.0,2.0,2.0,0.0,0.0,0.0,0.0,0.0
Puducherry,2003.0,Importation of Girls,09. Dowry Prohibition Act,1961.0,0.0,0.0,0.0,0.0,0.0,0.0,0.0,0.0,0.0,0.0,0.0,0.0,0.0,0.0,0.0,0.0,0.0
Punjab,2003.0,Importation of Girls,09. Dowry Prohibition Act,1961.0,0.0,0.0,0.0,0.0,0.0,0.0,0.0,0.0,0.0,0.0,0.0,0.0,0.0,0.0,0.0,0.0,0.0
Rajasthan,2003.0,Importation of Girls,09. Dowry Prohibition Act,1961.0,0.0,0.0,1.0,0.0,0.0,0.0,1.0,0.0,0.0,0.0,1.0,0.0,1.0,1.0,0.0,0.0,0.0
Sikkim,2003.0,Importation of Girls,09. Dowry Prohibition Act,1961.0,0.0,0.0,0.0,0.0,0.0,0.0,0.0,0.0,0.0,0.0,0.0,0.0,0.0,0.0,0.0,0.0,0.0
Tamil Nadu,2003.0,Importation of Girls,09. Dowry Prohibition Act,1961.0,0.0,0.0,0.0,0.0,0.0,0.0,0.0,0.0,1.0,0.0,0.0,0.0,1.0,0.0,0.0,0.0,0.0
Tripura,2003.0,Importation of Girls,09. Dowry Prohibition Act,1961.0,0.0,0.0,0.0,0.0,0.0,0.0,0.0,0.0,0.0,0.0,0.0,0.0,0.0,0.0,0.0,0.0,0.0
Uttar Pradesh,2003.0,Importation of Girls,09. Dowry Prohibition Act,1961.0,0.0,0.0,0.0,0.0,0.0,0.0,0.0,0.0,0.0,0.0,0.0,0.0,0.0,0.0,0.0,0.0,0.0
Uttarakhand,2003.0,Importation of Girls,09. Dowry Prohibition Act,1961.0,0.0,0.0,0.0,0.0,0.0,0.0,0.0,0.0,0.0,0.0,0.0,0.0,0.0,0.0,0.0,0.0,0.0
West Bengal,2003.0,Importation of Girls,09. Dowry Prohibition Act,1961.0,0.0,0.0,0.0,0.0,0.0,0.0,0.0,0.0,3.0,2.0,4.0,4.0,1.0,0.0,0.0,0.0,0.0
Andaman & Nicobar Islands,2004.0,Importation of Girls,09. Dowry Prohibition Act,1961.0,0.0,0.0,0.0,0.0,0.0,0.0,0.0,0.0,0.0,0.0,0.0,0.0,0.0,0.0,0.0,0.0,0.0
Andhra Pradesh,2004.0,Importation of Girls,09. Dowry Prohibition Act,1961.0,5.0,0.0,2.0,0.0,0.0,0.0,2.0,0.0,0.0,0.0,2.0,5.0,2.0,2.0,5.0,0.0,0.0
Arunachal Pradesh,2004.0,Importation of Girls,09. Dowry Prohibition Act,1961.0,0.0,0.0,0.0,0.0,0.0,0.0,0.0,0.0,0.0,0.0,0.0,0.0,0.0,0.0,0.0,0.0,0.0
Assam,2004.0,Importation of Girls,09. Dowry Prohibition Act,1961.0,0.0,0.0,0.0,0.0,0.0,0.0,0.0,0.0,0.0,0.0,0.0,0.0,0.0,0.0,0.0,0.0,0.0
Bihar,2004.0,Importation of Girls,09. Dowry Prohibition Act,1961.0,6.0,2.0,33.0,0.0,0.0,4.0,35.0,0.0,36.0,40.0,144.0,117.0,35.0,33.0,6.0,0.0,0.0
Chandigarh,2004.0,Importation of Girls,09. Dowry Prohibition Act,1961.0,0.0,0.0,0.0,0.0,0.0,0.0,0.0,0.0,0.0,0.0,0.0,0.0,0.0,0.0,0.0,0.0,0.0
Chhattisgarh,2004.0,Importation of Girls,09. Dowry Prohibition Act,1961.0,0.0,0.0,0.0,0.0,0.0,0.0,0.0,0.0,0.0,0.0,0.0,0.0,0.0,0.0,0.0,0.0,0.0
Dadra & Nagar Haveli,2004.0,Importation of Girls,09. Dowry Prohibition Act,1961.0,0.0,0.0,0.0,0.0,0.0,0.0,0.0,0.0,0.0,0.0,0.0,0.0,0.0,0.0,0.0,0.0,0.0
Daman & Diu,2004.0,Importation of Girls,09. Dowry Prohibition Act,1961.0,0.0,0.0,0.0,0.0,0.0,0.0,0.0,0.0,0.0,0.0,0.0,0.0,0.0,0.0,0.0,0.0,0.0
Delhi,2004.0,Importation of Girls,09. Dowry Prohibition Act,1961.0,0.0,0.0,0.0,0.0,0.0,0.0,0.0,0.0,0.0,0.0,0.0,0.0,0.0,0.0,0.0,0.0,0.0
Goa,2004.0,Importation of Girls,09. Dowry Prohibition Act,1961.0,0.0,0.0,0.0,0.0,0.0,0.0,0.0,0.0,0.0,0.0,0.0,0.0,0.0,0.0,0.0,0.0,0.0
Gujarat,2004.0,Importation of Girls,09. Dowry Prohibition Act,1961.0,0.0,0.0,0.0,0.0,0.0,0.0,0.0,0.0,0.0,0.0,0.0,0.0,0.0,0.0,0.0,0.0,0.0
Haryana,2004.0,Importation of Girls,09. Dowry Prohibition Act,1961.0,0.0,0.0,0.0,0.0,0.0,0.0,0.0,0.0,0.0,0.0,0.0,0.0,0.0,0.0,0.0,0.0,0.0
Himachal Pradesh,2004.0,Importation of Girls,09. Dowry Prohibition Act,1961.0,0.0,0.0,0.0,0.0,0.0,0.0,0.0,0.0,0.0,0.0,0.0,0.0,0.0,0.0,0.0,0.0,0.0
Jammu & Kashmir,2004.0,Importation of Girls,09. Dowry Prohibition Act,1961.0,0.0,0.0,0.0,0.0,0.0,0.0,0.0,0.0,0.0,0.0,0.0,0.0,0.0,0.0,0.0,0.0,0.0
Jharkhand,2004.0,Importation of Girls,09. Dowry Prohibition Act,1961.0,0.0,0.0,0.0,0.0,0.0,0.0,0.0,0.0,37.0,1.0,8.0,8.0,36.0,0.0,0.0,0.0,0.0
Karnataka,2004.0,Importation of Girls,09. Dowry Prohibition Act,1961.0,0.0,0.0,0.0,0.0,0.0,0.0,0.0,0.0,0.0,0.0,0.0,0.0,0.0,0.0,0.0,0.0,0.0
Kerala,2004.0,Importation of Girls,09. Dowry Prohibition Act,1961.0,0.0,0.0,0.0,0.0,0.0,0.0,0.0,0.0,0.0,0.0,0.0,0.0,0.0,0.0,0.0,0.0,0.0
Lakshadweep,2004.0,Importation of Girls,09. Dowry Prohibition Act,1961.0,0.0,0.0,0.0,0.0,0.0,0.0,0.0,0.0,0.0,0.0,0.0,0.0,0.0,0.0,0.0,0.0,0.0
Madhya Pradesh,2004.0,Importation of Girls,09. Dowry Prohibition Act,1961.0,0.0,0.0,0.0,0.0,0.0,0.0,0.0,0.0,0.0,0.0,0.0,0.0,0.0,0.0,0.0,0.0,0.0
Maharashtra,2004.0,Importation of Girls,09. Dowry Prohibition Act,1961.0,0.0,0.0,0.0,0.0,0.0,0.0,0.0,0.0,0.0,0.0,0.0,0.0,0.0,0.0,0.0,0.0,0.0
Manipur,2004.0,Importation of Girls,09. Dowry Prohibition Act,1961.0,0.0,0.0,0.0,0.0,0.0,0.0,0.0,0.0,0.0,0.0,0.0,0.0,0.0,0.0,0.0,0.0,0.0
Meghalaya,2004.0,Importation of Girls,09. Dowry Prohibition Act,1961.0,0.0,0.0,0.0,0.0,0.0,0.0,0.0,0.0,0.0,0.0,0.0,0.0,0.0,0.0,0.0,0.0,0.0
Mizoram,2004.0,Importation of Girls,09. Dowry Prohibition Act,1961.0,0.0,0.0,0.0,0.0,0.0,0.0,0.0,0.0,0.0,0.0,0.0,0.0,0.0,0.0,0.0,0.0,0.0
Nagaland,2004.0,Importation of Girls,09. Dowry Prohibition Act,1961.0,0.0,0.0,1.0,0.0,1.0,0.0,1.0,0.0,0.0,1.0,0.0,0.0,0.0,1.0,1.0,0.0,0.0
Odisha,2004.0,Importation of Girls,09. Dowry Prohibition Act,1961.0,2.0,0.0,0.0,0.0,0.0,0.0,0.0,0.0,0.0,0.0,0.0,2.0,0.0,0.0,2.0,0.0,0.0
Puducherry,2004.0,Importation of Girls,09. Dowry Prohibition Act,1961.0,0.0,0.0,0.0,0.0,0.0,0.0,0.0,0.0,0.0,0.0,0.0,0.0,0.0,0.0,0.0,0.0,0.0
Punjab,2004.0,Importation of Girls,09. Dowry Prohibition Act,1961.0,0.0,0.0,0.0,0.0,0.0,0.0,0.0,0.0,0.0,0.0,0.0,0.0,0.0,0.0,0.0,0.0,0.0
Rajasthan,2004.0,Importation of Girls,09. Dowry Prohibition Act,1961.0,1.0,0.0,1.0,0.0,0.0,0.0,1.0,0.0,0.0,0.0,1.0,1.0,1.0,1.0,1.0,0.0,0.0
Sikkim,2004.0,Importation of Girls,09. Dowry Prohibition Act,1961.0,0.0,0.0,0.0,0.0,0.0,0.0,0.0,0.0,0.0,0.0,0.0,0.0,0.0,0.0,0.0,0.0,0.0
Tamil Nadu,2004.0,Importation of Girls,09. Dowry Prohibition Act,1961.0,0.0,0.0,0.0,0.0,0.0,1.0,0.0,0.0,0.0,1.0,0.0,0.0,0.0,0.0,0.0,0.0,0.0
Tripura,2004.0,Importation of Girls,09. Dowry Prohibition Act,1961.0,0.0,0.0,0.0,0.0,0.0,0.0,0.0,0.0,0.0,0.0,0.0,0.0,0.0,0.0,0.0,0.0,0.0
Uttar Pradesh,2004.0,Importation of Girls,09. Dowry Prohibition Act,1961.0,0.0,1.0,2.0,0.0,0.0,0.0,3.0,0.0,0.0,0.0,2.0,0.0,3.0,2.0,0.0,0.0,0.0
Uttarakhand,2004.0,Importation of Girls,09. Dowry Prohibition Act,1961.0,0.0,0.0,0.0,0.0,0.0,0.0,0.0,0.0,0.0,0.0,0.0,0.0,0.0,0.0,0.0,0.0,0.0
West Bengal,2004.0,Importation of Girls,09. Dowry Prohibition Act,1961.0,1.0,0.0,1.0,0.0,0.0,0.0,1.0,0.0,14.0,3.0,4.0,4.0,12.0,1.0,1.0,0.0,0.0
Andaman & Nicobar Islands,2005.0,Importation of Girls,09. Dowry Prohibition Act,1961.0,0.0,0.0,0.0,0.0,0.0,0.0,0.0,0.0,0.0,0.0,0.0,0.0,0.0,0.0,0.0,0.0,0.0
Andhra Pradesh,2005.0,Importation of Girls,09. Dowry Prohibition Act,1961.0,1.0,0.0,2.0,0.0,0.0,0.0,2.0,0.0,1.0,0.0,3.0,2.0,3.0,2.0,1.0,0.0,0.0
Arunachal Pradesh,2005.0,Importation of Girls,09. Dowry Prohibition Act,1961.0,0.0,0.0,0.0,0.0,0.0,0.0,0.0,0.0,0.0,0.0,0.0,0.0,0.0,0.0,0.0,0.0,0.0
Assam,2005.0,Importation of Girls,09. Dowry Prohibition Act,1961.0,0.0,0.0,3.0,0.0,0.0,0.0,3.0,0.0,0.0,0.0,3.0,0.0,3.0,3.0,0.0,0.0,0.0
Bihar,2005.0,Importation of Girls,09. Dowry Prohibition Act,1961.0,10.0,4.0,42.0,0.0,7.0,5.0,46.0,0.0,59.0,36.0,169.0,144.0,74.0,42.0,17.0,0.0,0.0
Chandigarh,2005.0,Importation of Girls,09. Dowry Prohibition Act,1961.0,0.0,0.0,0.0,0.0,0.0,0.0,0.0,0.0,0.0,0.0,0.0,0.0,0.0,0.0,0.0,0.0,0.0
Chhattisgarh,2005.0,Importation of Girls,09. Dowry Prohibition Act,1961.0,0.0,0.0,0.0,0.0,0.0,0.0,0.0,0.0,0.0,0.0,0.0,0.0,0.0,0.0,0.0,0.0,0.0
Dadra & Nagar Haveli,2005.0,Importation of Girls,09. Dowry Prohibition Act,1961.0,0.0,0.0,0.0,0.0,0.0,0.0,0.0,0.0,0.0,0.0,0.0,0.0,0.0,0.0,0.0,0.0,0.0
Daman & Diu,2005.0,Importation of Girls,09. Dowry Prohibition Act,1961.0,0.0,0.0,0.0,0.0,0.0,0.0,0.0,0.0,0.0,0.0,0.0,0.0,0.0,0.0,0.0,0.0,0.0
Delhi,2005.0,Importation of Girls,09. Dowry Prohibition Act,1961.0,0.0,0.0,0.0,0.0,0.0,0.0,0.0,0.0,1.0,0.0,0.0,0.0,1.0,0.0,0.0,0.0,0.0
Goa,2005.0,Importation of Girls,09. Dowry Prohibition Act,1961.0,0.0,0.0,0.0,0.0,0.0,0.0,0.0,0.0,0.0,0.0,0.0,0.0,0.0,0.0,0.0,0.0,0.0
Gujarat,2005.0,Importation of Girls,09. Dowry Prohibition Act,1961.0,0.0,0.0,0.0,0.0,0.0,0.0,0.0,0.0,0.0,0.0,0.0,0.0,0.0,0.0,0.0,0.0,0.0
Haryana,2005.0,Importation of Girls,09. Dowry Prohibition Act,1961.0,0.0,0.0,0.0,0.0,0.0,0.0,0.0,0.0,0.0,0.0,0.0,0.0,0.0,0.0,0.0,0.0,0.0
Himachal Pradesh,2005.0,Importation of Girls,09. Dowry Prohibition Act,1961.0,0.0,0.0,0.0,0.0,0.0,0.0,0.0,0.0,0.0,0.0,0.0,0.0,0.0,0.0,0.0,0.0,0.0
Jammu & Kashmir,2005.0,Importation of Girls,09. Dowry Prohibition Act,1961.0,0.0,0.0,0.0,0.0,0.0,0.0,0.0,0.0,0.0,0.0,0.0,0.0,0.0,0.0,0.0,0.0,0.0
Jharkhand,2005.0,Importation of Girls,09. Dowry Prohibition Act,1961.0,3.0,3.0,1.0,0.0,0.0,0.0,4.0,0.0,37.0,37.0,6.0,8.0,4.0,1.0,3.0,0.0,0.0
Karnataka,2005.0,Importation of Girls,09. Dowry Prohibition Act,1961.0,0.0,0.0,0.0,0.0,0.0,0.0,0.0,0.0,0.0,0.0,0.0,0.0,0.0,0.0,0.0,0.0,0.0
Kerala,2005.0,Importation of Girls,09. Dowry Prohibition Act,1961.0,0.0,0.0,0.0,0.0,0.0,0.0,0.0,0.0,0.0,0.0,0.0,0.0,0.0,0.0,0.0,0.0,0.0
Lakshadweep,2005.0,Importation of Girls,09. Dowry Prohibition Act,1961.0,0.0,0.0,0.0,0.0,0.0,0.0,0.0,0.0,0.0,0.0,0.0,0.0,0.0,0.0,0.0,0.0,0.0
Madhya Pradesh,2005.0,Importation of Girls,09. Dowry Prohibition Act,1961.0,0.0,0.0,3.0,0.0,0.0,0.0,3.0,0.0,0.0,0.0,3.0,0.0,3.0,3.0,0.0,0.0,0.0
Maharashtra,2005.0,Importation of Girls,09. Dowry Prohibition Act,1961.0,0.0,0.0,0.0,0.0,0.0,0.0,0.0,0.0,0.0,0.0,0.0,0.0,0.0,0.0,0.0,0.0,0.0
Manipur,2005.0,Importation of Girls,09. Dowry Prohibition Act,1961.0,0.0,0.0,0.0,0.0,0.0,0.0,0.0,0.0,0.0,0.0,0.0,0.0,0.0,0.0,0.0,0.0,0.0
Meghalaya,2005.0,Importation of Girls,09. Dowry Prohibition Act,1961.0,0.0,0.0,0.0,0.0,0.0,0.0,0.0,0.0,0.0,0.0,0.0,0.0,0.0,0.0,0.0,0.0,0.0
Mizoram,2005.0,Importation of Girls,09. Dowry Prohibition Act,1961.0,0.0,0.0,0.0,0.0,0.0,0.0,0.0,0.0,0.0,0.0,0.0,0.0,0.0,0.0,0.0,0.0,0.0
Nagaland,2005.0,Importation of Girls,09. Dowry Prohibition Act,1961.0,0.0,0.0,0.0,0.0,0.0,0.0,0.0,0.0,0.0,0.0,0.0,0.0,0.0,0.0,0.0,0.0,0.0
Odisha,2005.0,Importation of Girls,09. Dowry Prohibition Act,1961.0,0.0,0.0,0.0,0.0,0.0,0.0,0.0,0.0,0.0,0.0,0.0,0.0,0.0,0.0,0.0,0.0,0.0
Puducherry,2005.0,Importation of Girls,09. Dowry Prohibition Act,1961.0,0.0,0.0,0.0,0.0,0.0,0.0,0.0,0.0,0.0,0.0,0.0,0.0,0.0,0.0,0.0,0.0,0.0
Punjab,2005.0,Importation of Girls,09. Dowry Prohibition Act,1961.0,0.0,0.0,0.0,0.0,0.0,0.0,0.0,0.0,0.0,0.0,0.0,0.0,0.0,0.0,0.0,0.0,0.0
Rajasthan,2005.0,Importation of Girls,09. Dowry Prohibition Act,1961.0,0.0,0.0,0.0,0.0,1.0,0.0,0.0,0.0,0.0,0.0,0.0,1.0,0.0,0.0,1.0,0.0,0.0
Sikkim,2005.0,Importation of Girls,09. Dowry Prohibition Act,1961.0,0.0,0.0,0.0,0.0,0.0,0.0,0.0,0.0,0.0,0.0,0.0,0.0,0.0,0.0,0.0,0.0,0.0
Tamil Nadu,2005.0,Importation of Girls,09. Dowry Prohibition Act,1961.0,0.0,0.0,0.0,0.0,0.0,0.0,0.0,0.0,0.0,0.0,0.0,0.0,0.0,0.0,0.0,0.0,0.0
Tripura,2005.0,Importation of Girls,09. Dowry Prohibition Act,1961.0,0.0,0.0,0.0,0.0,0.0,0.0,0.0,0.0,0.0,0.0,0.0,0.0,0.0,0.0,0.0,0.0,0.0
Uttar Pradesh,2005.0,Importation of Girls,09. Dowry Prohibition Act,1961.0,0.0,0.0,0.0,2.0,0.0,0.0,0.0,0.0,0.0,0.0,0.0,2.0,0.0,0.0,0.0,0.0,0.0
Uttarakhand,2005.0,Importation of Girls,09. Dowry Prohibition Act,1961.0,0.0,0.0,0.0,0.0,0.0,0.0,0.0,0.0,0.0,0.0,0.0,0.0,0.0,0.0,0.0,0.0,0.0
West Bengal,2005.0,Importation of Girls,09. Dowry Prohibition Act,1961.0,1.0,1.0,2.0,0.0,0.0,0.0,3.0,0.0,72.0,14.0,5.0,4.0,61.0,2.0,1.0,0.0,0.0
Andaman & Nicobar Islands,2006.0,Importation of Girls,09. Dowry Prohibition Act,1961.0,0.0,0.0,0.0,0.0,0.0,0.0,0.0,0.0,0.0,0.0,0.0,0.0,0.0,0.0,0.0,0.0,0.0
Andhra Pradesh,2006.0,Importation of Girls,09. Dowry Prohibition Act,1961.0,2.0,1.0,0.0,0.0,0.0,0.0,1.0,0.0,0.0,1.0,1.0,3.0,0.0,0.0,2.0,0.0,0.0
Arunachal Pradesh,2006.0,Importation of Girls,09. Dowry Prohibition Act,1961.0,0.0,0.0,0.0,0.0,0.0,0.0,0.0,0.0,0.0,0.0,0.0,0.0,0.0,0.0,0.0,0.0,0.0
Assam,2006.0,Importation of Girls,09. Dowry Prohibition Act,1961.0,0.0,0.0,0.0,0.0,0.0,0.0,0.0,0.0,0.0,0.0,3.0,3.0,0.0,0.0,0.0,0.0,0.0
Bihar,2006.0,Importation of Girls,09. Dowry Prohibition Act,1961.0,16.0,1.0,36.0,0.0,8.0,5.0,37.0,0.0,59.0,59.0,181.0,169.0,42.0,36.0,24.0,0.0,0.0
Chandigarh,2006.0,Importation of Girls,09. Dowry Prohibition Act,1961.0,0.0,0.0,0.0,0.0,0.0,0.0,0.0,0.0,0.0,0.0,0.0,0.0,0.0,0.0,0.0,0.0,0.0
Chhattisgarh,2006.0,Importation of Girls,09. Dowry Prohibition Act,1961.0,0.0,0.0,1.0,0.0,0.0,0.0,1.0,0.0,0.0,0.0,1.0,0.0,1.0,1.0,0.0,0.0,0.0
Dadra & Nagar Haveli,2006.0,Importation of Girls,09. Dowry Prohibition Act,1961.0,0.0,0.0,0.0,0.0,0.0,0.0,0.0,0.0,0.0,0.0,0.0,0.0,0.0,0.0,0.0,0.0,0.0
Daman & Diu,2006.0,Importation of Girls,09. Dowry Prohibition Act,1961.0,0.0,0.0,0.0,0.0,0.0,0.0,0.0,0.0,0.0,0.0,0.0,0.0,0.0,0.0,0.0,0.0,0.0
Delhi,2006.0,Importation of Girls,09. Dowry Prohibition Act,1961.0,0.0,0.0,0.0,0.0,0.0,0.0,0.0,0.0,1.0,1.0,0.0,0.0,0.0,0.0,0.0,0.0,0.0
Goa,2006.0,Importation of Girls,09. Dowry Prohibition Act,1961.0,0.0,0.0,0.0,0.0,0.0,0.0,0.0,0.0,0.0,0.0,0.0,0.0,0.0,0.0,0.0,0.0,0.0
Gujarat,2006.0,Importation of Girls,09. Dowry Prohibition Act,1961.0,0.0,0.0,0.0,0.0,0.0,0.0,0.0,0.0,0.0,0.0,0.0,0.0,0.0,0.0,0.0,0.0,0.0
Haryana,2006.0,Importation of Girls,09. Dowry Prohibition Act,1961.0,0.0,0.0,0.0,0.0,0.0,0.0,0.0,0.0,0.0,0.0,0.0,0.0,0.0,0.0,0.0,0.0,0.0
Himachal Pradesh,2006.0,Importation of Girls,09. Dowry Prohibition Act,1961.0,0.0,0.0,0.0,0.0,0.0,0.0,0.0,0.0,0.0,0.0,0.0,0.0,0.0,0.0,0.0,0.0,0.0
Jammu & Kashmir,2006.0,Importation of Girls,09. Dowry Prohibition Act,1961.0,0.0,0.0,0.0,0.0,0.0,0.0,0.0,0.0,0.0,0.0,0.0,0.0,0.0,0.0,0.0,0.0,0.0
Jharkhand,2006.0,Importation of Girls,09. Dowry Prohibition Act,1961.0,0.0,0.0,2.0,0.0,0.0,0.0,2.0,0.0,40.0,37.0,8.0,6.0,5.0,2.0,0.0,0.0,0.0
Karnataka,2006.0,Importation of Girls,09. Dowry Prohibition Act,1961.0,0.0,0.0,0.0,0.0,0.0,0.0,0.0,0.0,0.0,0.0,0.0,0.0,0.0,0.0,0.0,0.0,0.0
Kerala,2006.0,Importation of Girls,09. Dowry Prohibition Act,1961.0,0.0,0.0,0.0,0.0,0.0,0.0,0.0,0.0,0.0,0.0,0.0,0.0,0.0,0.0,0.0,0.0,0.0
Lakshadweep,2006.0,Importation of Girls,09. Dowry Prohibition Act,1961.0,0.0,0.0,0.0,0.0,0.0,0.0,0.0,0.0,0.0,0.0,0.0,0.0,0.0,0.0,0.0,0.0,0.0
Madhya Pradesh,2006.0,Importation of Girls,09. Dowry Prohibition Act,1961.0,0.0,0.0,0.0,0.0,1.0,0.0,0.0,0.0,0.0,0.0,2.0,3.0,0.0,0.0,1.0,0.0,0.0
Maharashtra,2006.0,Importation of Girls,09. Dowry Prohibition Act,1961.0,0.0,0.0,1.0,0.0,0.0,0.0,1.0,0.0,0.0,0.0,1.0,0.0,1.0,1.0,0.0,0.0,0.0
Manipur,2006.0,Importation of Girls,09. Dowry Prohibition Act,1961.0,0.0,0.0,0.0,0.0,0.0,0.0,0.0,0.0,0.0,0.0,0.0,0.0,0.0,0.0,0.0,0.0,0.0
Meghalaya,2006.0,Importation of Girls,09. Dowry Prohibition Act,1961.0,0.0,0.0,0.0,0.0,0.0,0.0,0.0,0.0,0.0,0.0,0.0,0.0,0.0,0.0,0.0,0.0,0.0
Mizoram,2006.0,Importation of Girls,09. Dowry Prohibition Act,1961.0,0.0,0.0,0.0,0.0,0.0,0.0,0.0,0.0,0.0,0.0,0.0,0.0,0.0,0.0,0.0,0.0,0.0
Nagaland,2006.0,Importation of Girls,09. Dowry Prohibition Act,1961.0,0.0,0.0,0.0,0.0,0.0,0.0,0.0,0.0,0.0,0.0,0.0,0.0,0.0,0.0,0.0,0.0,0.0
Odisha,2006.0,Importation of Girls,09. Dowry Prohibition Act,1961.0,0.0,0.0,0.0,0.0,0.0,0.0,0.0,0.0,12.0,0.0,0.0,0.0,12.0,0.0,0.0,0.0,0.0
Puducherry,2006.0,Importation of Girls,09. Dowry Prohibition Act,1961.0,0.0,0.0,0.0,0.0,0.0,0.0,0.0,0.0,0.0,0.0,0.0,0.0,0.0,0.0,0.0,0.0,0.0
Punjab,2006.0,Importation of Girls,09. Dowry Prohibition Act,1961.0,0.0,0.0,0.0,0.0,0.0,0.0,0.0,0.0,2.0,0.0,0.0,0.0,2.0,0.0,0.0,0.0,0.0
Rajasthan,2006.0,Importation of Girls,09. Dowry Prohibition Act,1961.0,1.0,0.0,3.0,0.0,0.0,0.0,3.0,0.0,0.0,0.0,2.0,0.0,3.0,3.0,1.0,0.0,0.0
Sikkim,2006.0,Importation of Girls,09. Dowry Prohibition Act,1961.0,0.0,0.0,0.0,0.0,0.0,0.0,0.0,0.0,0.0,0.0,0.0,0.0,0.0,0.0,0.0,0.0,0.0
Tamil Nadu,2006.0,Importation of Girls,09. Dowry Prohibition Act,1961.0,0.0,0.0,0.0,0.0,0.0,0.0,0.0,0.0,0.0,0.0,0.0,0.0,0.0,0.0,0.0,0.0,0.0
Tripura,2006.0,Importation of Girls,09. Dowry Prohibition Act,1961.0,0.0,0.0,0.0,0.0,0.0,0.0,0.0,0.0,0.0,0.0,0.0,0.0,0.0,0.0,0.0,0.0,0.0
Uttar Pradesh,2006.0,Importation of Girls,09. Dowry Prohibition Act,1961.0,0.0,0.0,0.0,0.0,0.0,0.0,0.0,0.0,0.0,0.0,0.0,0.0,0.0,0.0,0.0,0.0,0.0
Uttarakhand,2006.0,Importation of Girls,09. Dowry Prohibition Act,1961.0,0.0,0.0,0.0,0.0,0.0,0.0,0.0,0.0,0.0,0.0,0.0,0.0,0.0,0.0,0.0,0.0,0.0
West Bengal,2006.0,Importation of Girls,09. Dowry Prohibition Act,1961.0,1.0,19.0,11.0,0.0,1.0,0.0,30.0,0.0,43.0,72.0,14.0,5.0,1.0,11.0,2.0,0.0,0.0
Andaman & Nicobar Islands,2007.0,Importation of Girls,09. Dowry Prohibition Act,1961.0,0.0,0.0,0.0,0.0,0.0,0.0,0.0,0.0,0.0,0.0,0.0,0.0,0.0,0.0,0.0,0.0,0.0
Andhra Pradesh,2007.0,Importation of Girls,09. Dowry Prohibition Act,1961.0,0.0,0.0,0.0,0.0,0.0,0.0,0.0,0.0,0.0,0.0,1.0,1.0,0.0,0.0,0.0,0.0,0.0
Arunachal Pradesh,2007.0,Importation of Girls,09. Dowry Prohibition Act,1961.0,0.0,0.0,0.0,0.0,0.0,0.0,0.0,0.0,0.0,0.0,0.0,0.0,0.0,0.0,0.0,0.0,0.0
Assam,2007.0,Importation of Girls,09. Dowry Prohibition Act,1961.0,0.0,0.0,0.0,0.0,0.0,0.0,0.0,0.0,0.0,0.0,3.0,3.0,0.0,0.0,0.0,0.0,0.0
Bihar,2007.0,Importation of Girls,09. Dowry Prohibition Act,1961.0,31.0,2.0,53.0,0.0,5.0,10.0,55.0,0.0,50.0,59.0,198.0,181.0,56.0,53.0,36.0,0.0,0.0
Chandigarh,2007.0,Importation of Girls,09. Dowry Prohibition Act,1961.0,0.0,0.0,0.0,0.0,0.0,0.0,0.0,0.0,0.0,0.0,0.0,0.0,0.0,0.0,0.0,0.0,0.0
Chhattisgarh,2007.0,Importation of Girls,09. Dowry Prohibition Act,1961.0,1.0,0.0,0.0,0.0,0.0,0.0,0.0,0.0,0.0,0.0,0.0,1.0,0.0,0.0,1.0,0.0,0.0
Dadra & Nagar Haveli,2007.0,Importation of Girls,09. Dowry Prohibition Act,1961.0,0.0,0.0,0.0,0.0,0.0,0.0,0.0,0.0,0.0,0.0,0.0,0.0,0.0,0.0,0.0,0.0,0.0
Daman & Diu,2007.0,Importation of Girls,09. Dowry Prohibition Act,1961.0,0.0,0.0,0.0,0.0,0.0,0.0,0.0,0.0,0.0,0.0,0.0,0.0,0.0,0.0,0.0,0.0,0.0
Delhi,2007.0,Importation of Girls,09. Dowry Prohibition Act,1961.0,0.0,0.0,0.0,0.0,0.0,0.0,0.0,0.0,1.0,1.0,0.0,0.0,0.0,0.0,0.0,0.0,0.0
Goa,2007.0,Importation of Girls,09. Dowry Prohibition Act,1961.0,0.0,0.0,0.0,0.0,0.0,0.0,0.0,0.0,0.0,0.0,0.0,0.0,0.0,0.0,0.0,0.0,0.0
Gujarat,2007.0,Importation of Girls,09. Dowry Prohibition Act,1961.0,0.0,0.0,0.0,0.0,0.0,0.0,0.0,0.0,0.0,0.0,0.0,0.0,0.0,0.0,0.0,0.0,0.0
Haryana,2007.0,Importation of Girls,09. Dowry Prohibition Act,1961.0,0.0,0.0,0.0,0.0,0.0,0.0,0.0,0.0,0.0,0.0,0.0,0.0,0.0,0.0,0.0,0.0,0.0
Himachal Pradesh,2007.0,Importation of Girls,09. Dowry Prohibition Act,1961.0,0.0,0.0,0.0,0.0,0.0,0.0,0.0,0.0,0.0,0.0,0.0,0.0,0.0,0.0,0.0,0.0,0.0
Jammu & Kashmir,2007.0,Importation of Girls,09. Dowry Prohibition Act,1961.0,0.0,0.0,0.0,0.0,0.0,0.0,0.0,0.0,0.0,0.0,0.0,0.0,0.0,0.0,0.0,0.0,0.0
Jharkhand,2007.0,Importation of Girls,09. Dowry Prohibition Act,1961.0,0.0,1.0,0.0,2.0,0.0,23.0,1.0,2.0,14.0,40.0,6.0,8.0,0.0,0.0,0.0,0.0,0.0
Karnataka,2007.0,Importation of Girls,09. Dowry Prohibition Act,1961.0,0.0,0.0,0.0,0.0,0.0,0.0,0.0,0.0,0.0,0.0,0.0,0.0,0.0,0.0,0.0,0.0,0.0
Kerala,2007.0,Importation of Girls,09. Dowry Prohibition Act,1961.0,0.0,0.0,0.0,0.0,0.0,0.0,0.0,0.0,0.0,0.0,0.0,0.0,0.0,0.0,0.0,0.0,0.0
Lakshadweep,2007.0,Importation of Girls,09. Dowry Prohibition Act,1961.0,0.0,0.0,0.0,0.0,0.0,0.0,0.0,0.0,0.0,0.0,0.0,0.0,0.0,0.0,0.0,0.0,0.0
Madhya Pradesh,2007.0,Importation of Girls,09. Dowry Prohibition Act,1961.0,0.0,0.0,0.0,0.0,0.0,0.0,0.0,0.0,0.0,0.0,2.0,2.0,0.0,0.0,0.0,0.0,0.0
Maharashtra,2007.0,Importation of Girls,09. Dowry Prohibition Act,1961.0,1.0,0.0,0.0,0.0,0.0,0.0,0.0,0.0,0.0,0.0,0.0,1.0,0.0,0.0,1.0,0.0,0.0
Manipur,2007.0,Importation of Girls,09. Dowry Prohibition Act,1961.0,0.0,0.0,0.0,0.0,0.0,0.0,0.0,0.0,0.0,0.0,0.0,0.0,0.0,0.0,0.0,0.0,0.0
Meghalaya,2007.0,Importation of Girls,09. Dowry Prohibition Act,1961.0,0.0,0.0,0.0,0.0,0.0,0.0,0.0,0.0,0.0,0.0,0.0,0.0,0.0,0.0,0.0,0.0,0.0
Mizoram,2007.0,Importation of Girls,09. Dowry Prohibition Act,1961.0,0.0,0.0,0.0,0.0,0.0,0.0,0.0,0.0,0.0,0.0,0.0,0.0,0.0,0.0,0.0,0.0,0.0
Nagaland,2007.0,Importation of Girls,09. Dowry Prohibition Act,1961.0,0.0,0.0,0.0,0.0,0.0,0.0,0.0,0.0,0.0,0.0,0.0,0.0,0.0,0.0,0.0,0.0,0.0
Odisha,2007.0,Importation of Girls,09. Dowry Prohibition Act,1961.0,0.0,0.0,12.0,0.0,0.0,0.0,12.0,0.0,0.0,12.0,12.0,0.0,0.0,12.0,0.0,0.0,0.0
Puducherry,2007.0,Importation of Girls,09. Dowry Prohibition Act,1961.0,0.0,0.0,0.0,0.0,0.0,0.0,0.0,0.0,0.0,0.0,0.0,0.0,0.0,0.0,0.0,0.0,0.0
Punjab,2007.0,Importation of Girls,09. Dowry Prohibition Act,1961.0,0.0,0.0,0.0,0.0,0.0,0.0,0.0,0.0,2.0,2.0,0.0,0.0,0.0,0.0,0.0,0.0,0.0
Rajasthan,2007.0,Importation of Girls,09. Dowry Prohibition Act,1961.0,0.0,0.0,0.0,0.0,0.0,0.0,0.0,0.0,0.0,0.0,2.0,2.0,0.0,0.0,0.0,0.0,0.0
Sikkim,2007.0,Importation of Girls,09. Dowry Prohibition Act,1961.0,0.0,0.0,0.0,0.0,0.0,0.0,0.0,0.0,0.0,0.0,0.0,0.0,0.0,0.0,0.0,0.0,0.0
Tamil Nadu,2007.0,Importation of Girls,09. Dowry Prohibition Act,1961.0,0.0,0.0,0.0,0.0,0.0,0.0,0.0,0.0,0.0,0.0,0.0,0.0,0.0,0.0,0.0,0.0,0.0
Tripura,2007.0,Importation of Girls,09. Dowry Prohibition Act,1961.0,0.0,0.0,0.0,0.0,0.0,0.0,0.0,0.0,0.0,0.0,0.0,0.0,0.0,0.0,0.0,0.0,0.0
Uttar Pradesh,2007.0,Importation of Girls,09. Dowry Prohibition Act,1961.0,0.0,0.0,0.0,0.0,0.0,0.0,0.0,0.0,0.0,0.0,0.0,0.0,0.0,0.0,0.0,0.0,0.0
Uttarakhand,2007.0,Importation of Girls,09. Dowry Prohibition Act,1961.0,0.0,0.0,0.0,0.0,0.0,0.0,0.0,0.0,0.0,0.0,0.0,0.0,0.0,0.0,0.0,0.0,0.0
West Bengal,2007.0,Importation of Girls,09. Dowry Prohibition Act,1961.0,4.0,4.0,17.0,0.0,0.0,0.0,21.0,0.0,27.0,43.0,27.0,14.0,5.0,17.0,4.0,0.0,0.0
Andaman & Nicobar Islands,2008.0,Importation of Girls,09. Dowry Prohibition Act,1961.0,0.0,0.0,0.0,0.0,0.0,0.0,0.0,0.0,0.0,0.0,0.0,0.0,0.0,0.0,0.0,0.0,0.0
Andhra Pradesh,2008.0,Importation of Girls,09. Dowry Prohibition Act,1961.0,0.0,0.0,0.0,0.0,0.0,0.0,0.0,0.0,0.0,0.0,1.0,1.0,0.0,0.0,0.0,0.0,0.0
Arunachal Pradesh,2008.0,Importation of Girls,09. Dowry Prohibition Act,1961.0,0.0,0.0,0.0,0.0,0.0,0.0,0.0,0.0,0.0,0.0,0.0,0.0,0.0,0.0,0.0,0.0,0.0
Assam,2008.0,Importation of Girls,09. Dowry Prohibition Act,1961.0,2.0,0.0,0.0,0.0,0.0,0.0,0.0,0.0,0.0,0.0,1.0,3.0,0.0,0.0,2.0,0.0,0.0
Bihar,2008.0,Importation of Girls,09. Dowry Prohibition Act,1961.0,24.0,3.0,39.0,0.0,3.0,0.0,42.0,0.0,30.0,50.0,210.0,198.0,22.0,39.0,27.0,0.0,0.0
Chandigarh,2008.0,Importation of Girls,09. Dowry Prohibition Act,1961.0,0.0,0.0,0.0,0.0,0.0,0.0,0.0,0.0,0.0,0.0,0.0,0.0,0.0,0.0,0.0,0.0,0.0
Chhattisgarh,2008.0,Importation of Girls,09. Dowry Prohibition Act,1961.0,0.0,0.0,0.0,0.0,0.0,0.0,0.0,0.0,0.0,0.0,0.0,0.0,0.0,0.0,0.0,0.0,0.0
Dadra & Nagar Haveli,2008.0,Importation of Girls,09. Dowry Prohibition Act,1961.0,0.0,0.0,0.0,0.0,0.0,0.0,0.0,0.0,0.0,0.0,0.0,0.0,0.0,0.0,0.0,0.0,0.0
Daman & Diu,2008.0,Importation of Girls,09. Dowry Prohibition Act,1961.0,0.0,0.0,0.0,0.0,0.0,0.0,0.0,0.0,0.0,0.0,0.0,0.0,0.0,0.0,0.0,0.0,0.0
Delhi,2008.0,Importation of Girls,09. Dowry Prohibition Act,1961.0,0.0,0.0,0.0,0.0,0.0,0.0,0.0,0.0,1.0,1.0,0.0,0.0,0.0,0.0,0.0,0.0,0.0
Goa,2008.0,Importation of Girls,09. Dowry Prohibition Act,1961.0,0.0,0.0,0.0,0.0,0.0,0.0,0.0,0.0,0.0,0.0,0.0,0.0,0.0,0.0,0.0,0.0,0.0
Gujarat,2008.0,Importation of Girls,09. Dowry Prohibition Act,1961.0,0.0,0.0,0.0,0.0,0.0,0.0,0.0,0.0,0.0,0.0,0.0,0.0,0.0,0.0,0.0,0.0,0.0
Haryana,2008.0,Importation of Girls,09. Dowry Prohibition Act,1961.0,0.0,0.0,0.0,0.0,0.0,0.0,0.0,0.0,0.0,0.0,0.0,0.0,0.0,0.0,0.0,0.0,0.0
Himachal Pradesh,2008.0,Importation of Girls,09. Dowry Prohibition Act,1961.0,0.0,0.0,0.0,0.0,0.0,0.0,0.0,0.0,0.0,0.0,0.0,0.0,0.0,0.0,0.0,0.0,0.0
Jammu & Kashmir,2008.0,Importation of Girls,09. Dowry Prohibition Act,1961.0,0.0,0.0,0.0,0.0,0.0,0.0,0.0,0.0,0.0,0.0,0.0,0.0,0.0,0.0,0.0,0.0,0.0
Jharkhand,2008.0,Importation of Girls,09. Dowry Prohibition Act,1961.0,19.0,11.0,26.0,2.0,4.0,8.0,37.0,0.0,8.0,14.0,7.0,6.0,39.0,26.0,23.0,0.0,0.0
Karnataka,2008.0,Importation of Girls,09. Dowry Prohibition Act,1961.0,0.0,0.0,0.0,0.0,0.0,0.0,0.0,0.0,1.0,0.0,0.0,0.0,1.0,0.0,0.0,0.0,0.0
Kerala,2008.0,Importation of Girls,09. Dowry Prohibition Act,1961.0,0.0,0.0,0.0,0.0,0.0,0.0,0.0,0.0,0.0,0.0,0.0,0.0,0.0,0.0,0.0,0.0,0.0
Lakshadweep,2008.0,Importation of Girls,09. Dowry Prohibition Act,1961.0,0.0,0.0,0.0,0.0,0.0,0.0,0.0,0.0,0.0,0.0,0.0,0.0,0.0,0.0,0.0,0.0,0.0
Madhya Pradesh,2008.0,Importation of Girls,09. Dowry Prohibition Act,1961.0,0.0,0.0,0.0,0.0,0.0,0.0,0.0,0.0,0.0,0.0,2.0,2.0,0.0,0.0,0.0,0.0,0.0
Maharashtra,2008.0,Importation of Girls,09. Dowry Prohibition Act,1961.0,0.0,0.0,0.0,0.0,0.0,0.0,0.0,0.0,0.0,0.0,0.0,0.0,0.0,0.0,0.0,0.0,0.0
Manipur,2008.0,Importation of Girls,09. Dowry Prohibition Act,1961.0,0.0,0.0,0.0,0.0,0.0,0.0,0.0,0.0,0.0,0.0,0.0,0.0,0.0,0.0,0.0,0.0,0.0
Meghalaya,2008.0,Importation of Girls,09. Dowry Prohibition Act,1961.0,0.0,0.0,0.0,0.0,0.0,0.0,0.0,0.0,0.0,0.0,0.0,0.0,0.0,0.0,0.0,0.0,0.0
Mizoram,2008.0,Importation of Girls,09. Dowry Prohibition Act,1961.0,0.0,0.0,0.0,0.0,0.0,0.0,0.0,0.0,0.0,0.0,0.0,0.0,0.0,0.0,0.0,0.0,0.0
Nagaland,2008.0,Importation of Girls,09. Dowry Prohibition Act,1961.0,0.0,0.0,0.0,0.0,0.0,0.0,0.0,0.0,0.0,0.0,0.0,0.0,0.0,0.0,0.0,0.0,0.0
Odisha,2008.0,Importation of Girls,09. Dowry Prohibition Act,1961.0,0.0,0.0,0.0,0.0,0.0,0.0,0.0,0.0,0.0,0.0,12.0,12.0,0.0,0.0,0.0,0.0,0.0
Puducherry,2008.0,Importation of Girls,09. Dowry Prohibition Act,1961.0,0.0,0.0,0.0,0.0,0.0,0.0,0.0,0.0,0.0,0.0,0.0,0.0,0.0,0.0,0.0,0.0,0.0
Punjab,2008.0,Importation of Girls,09. Dowry Prohibition Act,1961.0,0.0,2.0,0.0,0.0,0.0,0.0,2.0,0.0,0.0,2.0,0.0,0.0,0.0,0.0,0.0,0.0,0.0
Rajasthan,2008.0,Importation of Girls,09. Dowry Prohibition Act,1961.0,1.0,0.0,0.0,0.0,0.0,0.0,0.0,0.0,0.0,0.0,1.0,2.0,0.0,0.0,1.0,0.0,0.0
Sikkim,2008.0,Importation of Girls,09. Dowry Prohibition Act,1961.0,0.0,0.0,0.0,0.0,0.0,0.0,0.0,0.0,0.0,0.0,0.0,0.0,0.0,0.0,0.0,0.0,0.0
Tamil Nadu,2008.0,Importation of Girls,09. Dowry Prohibition Act,1961.0,0.0,0.0,0.0,0.0,0.0,0.0,0.0,0.0,0.0,0.0,0.0,0.0,0.0,0.0,0.0,0.0,0.0
Tripura,2008.0,Importation of Girls,09. Dowry Prohibition Act,1961.0,0.0,0.0,0.0,0.0,0.0,0.0,0.0,0.0,0.0,0.0,0.0,0.0,0.0,0.0,0.0,0.0,0.0
Uttar Pradesh,2008.0,Importation of Girls,09. Dowry Prohibition Act,1961.0,0.0,0.0,0.0,0.0,0.0,0.0,0.0,0.0,0.0,0.0,0.0,0.0,0.0,0.0,0.0,0.0,0.0
Uttarakhand,2008.0,Importation of Girls,09. Dowry Prohibition Act,1961.0,0.0,0.0,0.0,0.0,0.0,0.0,0.0,0.0,0.0,0.0,0.0,0.0,0.0,0.0,0.0,0.0,0.0
West Bengal,2008.0,Importation of Girls,09. Dowry Prohibition Act,1961.0,11.0,11.0,5.0,0.0,1.0,0.0,16.0,0.0,16.0,27.0,20.0,27.0,5.0,5.0,12.0,0.0,0.0
Andaman & Nicobar Islands,2009.0,Importation of Girls,09. Dowry Prohibition Act,1961.0,0.0,0.0,0.0,0.0,0.0,0.0,0.0,0.0,0.0,0.0,0.0,0.0,0.0,0.0,0.0,0.0,0.0
Andhra Pradesh,2009.0,Importation of Girls,09. Dowry Prohibition Act,1961.0,0.0,0.0,0.0,0.0,0.0,0.0,0.0,0.0,0.0,0.0,1.0,1.0,0.0,0.0,0.0,0.0,0.0
Arunachal Pradesh,2009.0,Importation of Girls,09. Dowry Prohibition Act,1961.0,0.0,0.0,0.0,0.0,0.0,0.0,0.0,0.0,0.0,0.0,0.0,0.0,0.0,0.0,0.0,0.0,0.0
Assam,2009.0,Importation of Girls,09. Dowry Prohibition Act,1961.0,0.0,0.0,1.0,0.0,0.0,0.0,1.0,0.0,0.0,0.0,2.0,1.0,1.0,1.0,0.0,0.0,0.0
Bihar,2009.0,Importation of Girls,09. Dowry Prohibition Act,1961.0,2.0,0.0,23.0,0.0,4.0,5.0,23.0,0.0,33.0,30.0,227.0,210.0,31.0,23.0,6.0,0.0,0.0
Chandigarh,2009.0,Importation of Girls,09. Dowry Prohibition Act,1961.0,0.0,0.0,0.0,0.0,0.0,0.0,0.0,0.0,0.0,0.0,0.0,0.0,0.0,0.0,0.0,0.0,0.0
Chhattisgarh,2009.0,Importation of Girls,09. Dowry Prohibition Act,1961.0,0.0,0.0,0.0,0.0,0.0,0.0,0.0,0.0,0.0,0.0,0.0,0.0,0.0,0.0,0.0,0.0,0.0
Dadra & Nagar Haveli,2009.0,Importation of Girls,09. Dowry Prohibition Act,1961.0,0.0,0.0,0.0,0.0,0.0,0.0,0.0,0.0,0.0,0.0,0.0,0.0,0.0,0.0,0.0,0.0,0.0
Daman & Diu,2009.0,Importation of Girls,09. Dowry Prohibition Act,1961.0,0.0,0.0,0.0,0.0,0.0,0.0,0.0,0.0,0.0,0.0,0.0,0.0,0.0,0.0,0.0,0.0,0.0
Delhi,2009.0,Importation of Girls,09. Dowry Prohibition Act,1961.0,0.0,0.0,0.0,0.0,0.0,0.0,0.0,0.0,1.0,1.0,0.0,0.0,0.0,0.0,0.0,0.0,0.0
Goa,2009.0,Importation of Girls,09. Dowry Prohibition Act,1961.0,0.0,0.0,0.0,0.0,0.0,0.0,0.0,0.0,0.0,0.0,0.0,0.0,0.0,0.0,0.0,0.0,0.0
Gujarat,2009.0,Importation of Girls,09. Dowry Prohibition Act,1961.0,0.0,0.0,0.0,0.0,0.0,0.0,0.0,0.0,0.0,0.0,0.0,0.0,0.0,0.0,0.0,0.0,0.0
Haryana,2009.0,Importation of Girls,09. Dowry Prohibition Act,1961.0,0.0,0.0,0.0,0.0,0.0,0.0,0.0,0.0,0.0,0.0,0.0,0.0,0.0,0.0,0.0,0.0,0.0
Himachal Pradesh,2009.0,Importation of Girls,09. Dowry Prohibition Act,1961.0,0.0,0.0,0.0,0.0,0.0,0.0,0.0,0.0,0.0,0.0,0.0,0.0,0.0,0.0,0.0,0.0,0.0
Jammu & Kashmir,2009.0,Importation of Girls,09. Dowry Prohibition Act,1961.0,0.0,0.0,0.0,0.0,0.0,0.0,0.0,0.0,0.0,0.0,0.0,0.0,0.0,0.0,0.0,0.0,0.0
Jharkhand,2009.0,Importation of Girls,09. Dowry Prohibition Act,1961.0,2.0,3.0,7.0,0.0,2.0,0.0,10.0,0.0,4.0,8.0,10.0,7.0,6.0,7.0,4.0,0.0,0.0
Karnataka,2009.0,Importation of Girls,09. Dowry Prohibition Act,1961.0,0.0,0.0,0.0,0.0,0.0,0.0,0.0,0.0,3.0,1.0,0.0,0.0,2.0,0.0,0.0,0.0,0.0
Kerala,2009.0,Importation of Girls,09. Dowry Prohibition Act,1961.0,0.0,0.0,0.0,0.0,0.0,0.0,0.0,0.0,0.0,0.0,0.0,0.0,0.0,0.0,0.0,0.0,0.0
Lakshadweep,2009.0,Importation of Girls,09. Dowry Prohibition Act,1961.0,0.0,0.0,0.0,0.0,0.0,0.0,0.0,0.0,0.0,0.0,0.0,0.0,0.0,0.0,0.0,0.0,0.0
Madhya Pradesh,2009.0,Importation of Girls,09. Dowry Prohibition Act,1961.0,0.0,0.0,1.0,0.0,0.0,0.0,1.0,0.0,0.0,0.0,3.0,2.0,1.0,1.0,0.0,0.0,0.0
Maharashtra,2009.0,Importation of Girls,09. Dowry Prohibition Act,1961.0,0.0,0.0,0.0,0.0,0.0,0.0,0.0,0.0,0.0,0.0,0.0,0.0,0.0,0.0,0.0,0.0,0.0
Manipur,2009.0,Importation of Girls,09. Dowry Prohibition Act,1961.0,0.0,0.0,0.0,0.0,0.0,0.0,0.0,0.0,0.0,0.0,0.0,0.0,0.0,0.0,0.0,0.0,0.0
Meghalaya,2009.0,Importation of Girls,09. Dowry Prohibition Act,1961.0,0.0,0.0,1.0,0.0,0.0,0.0,1.0,0.0,0.0,0.0,1.0,0.0,1.0,1.0,0.0,0.0,0.0
Mizoram,2009.0,Importation of Girls,09. Dowry Prohibition Act,1961.0,0.0,0.0,0.0,0.0,0.0,0.0,0.0,0.0,0.0,0.0,0.0,0.0,0.0,0.0,0.0,0.0,0.0
Nagaland,2009.0,Importation of Girls,09. Dowry Prohibition Act,1961.0,0.0,0.0,0.0,0.0,0.0,0.0,0.0,0.0,0.0,0.0,0.0,0.0,0.0,0.0,0.0,0.0,0.0
Odisha,2009.0,Importation of Girls,09. Dowry Prohibition Act,1961.0,0.0,0.0,0.0,0.0,0.0,1.0,0.0,0.0,0.0,0.0,12.0,12.0,1.0,0.0,0.0,0.0,0.0
Puducherry,2009.0,Importation of Girls,09. Dowry Prohibition Act,1961.0,0.0,0.0,0.0,0.0,0.0,0.0,0.0,0.0,0.0,0.0,0.0,0.0,0.0,0.0,0.0,0.0,0.0
Punjab,2009.0,Importation of Girls,09. Dowry Prohibition Act,1961.0,0.0,0.0,0.0,0.0,0.0,0.0,0.0,0.0,0.0,0.0,0.0,0.0,0.0,0.0,0.0,0.0,0.0
Rajasthan,2009.0,Importation of Girls,09. Dowry Prohibition Act,1961.0,0.0,0.0,0.0,0.0,0.0,0.0,0.0,0.0,0.0,0.0,1.0,1.0,0.0,0.0,0.0,0.0,0.0
Sikkim,2009.0,Importation of Girls,09. Dowry Prohibition Act,1961.0,0.0,0.0,0.0,0.0,0.0,0.0,0.0,0.0,0.0,0.0,0.0,0.0,0.0,0.0,0.0,0.0,0.0
Tamil Nadu,2009.0,Importation of Girls,09. Dowry Prohibition Act,1961.0,0.0,0.0,0.0,0.0,0.0,0.0,0.0,0.0,0.0,0.0,0.0,0.0,0.0,0.0,0.0,0.0,0.0
Tripura,2009.0,Importation of Girls,09. Dowry Prohibition Act,1961.0,0.0,0.0,0.0,0.0,0.0,0.0,0.0,0.0,0.0,0.0,0.0,0.0,0.0,0.0,0.0,0.0,0.0
Uttar Pradesh,2009.0,Importation of Girls,09. Dowry Prohibition Act,1961.0,0.0,0.0,0.0,0.0,0.0,0.0,0.0,0.0,0.0,0.0,0.0,0.0,0.0,0.0,0.0,0.0,0.0
Uttarakhand,2009.0,Importation of Girls,09. Dowry Prohibition Act,1961.0,0.0,0.0,0.0,0.0,0.0,0.0,0.0,0.0,0.0,0.0,0.0,0.0,0.0,0.0,0.0,0.0,0.0
West Bengal,2009.0,Importation of Girls,09. Dowry Prohibition Act,1961.0,11.0,2.0,9.0,0.0,0.0,0.0,11.0,0.0,10.0,16.0,18.0,20.0,5.0,9.0,11.0,0.0,0.0
Andaman & Nicobar Islands,2010.0,Importation of Girls,09. Dowry Prohibition Act,1961.0,0.0,0.0,0.0,0.0,0.0,0.0,0.0,0.0,0.0,0.0,0.0,0.0,0.0,0.0,0.0,0.0,0.0
Andhra Pradesh,2010.0,Importation of Girls,09. Dowry Prohibition Act,1961.0,0.0,0.0,0.0,0.0,0.0,0.0,0.0,0.0,0.0,0.0,1.0,1.0,0.0,0.0,0.0,0.0,0.0
Arunachal Pradesh,2010.0,Importation of Girls,09. Dowry Prohibition Act,1961.0,0.0,0.0,0.0,0.0,0.0,0.0,0.0,0.0,0.0,0.0,0.0,0.0,0.0,0.0,0.0,0.0,0.0
Assam,2010.0,Importation of Girls,09. Dowry Prohibition Act,1961.0,0.0,0.0,0.0,0.0,0.0,0.0,0.0,0.0,0.0,0.0,2.0,2.0,0.0,0.0,0.0,0.0,0.0
Bihar,2010.0,Importation of Girls,09. Dowry Prohibition Act,1961.0,5.0,1.0,9.0,0.0,1.0,0.0,10.0,0.0,31.0,33.0,230.0,227.0,8.0,9.0,6.0,0.0,0.0
Chandigarh,2010.0,Importation of Girls,09. Dowry Prohibition Act,1961.0,0.0,0.0,0.0,0.0,0.0,0.0,0.0,0.0,0.0,0.0,0.0,0.0,0.0,0.0,0.0,0.0,0.0
Chhattisgarh,2010.0,Importation of Girls,09. Dowry Prohibition Act,1961.0,0.0,0.0,2.0,0.0,0.0,0.0,2.0,0.0,0.0,0.0,2.0,0.0,2.0,2.0,0.0,0.0,0.0
Dadra & Nagar Haveli,2010.0,Importation of Girls,09. Dowry Prohibition Act,1961.0,0.0,0.0,0.0,0.0,0.0,0.0,0.0,0.0,0.0,0.0,0.0,0.0,0.0,0.0,0.0,0.0,0.0
Daman & Diu,2010.0,Importation of Girls,09. Dowry Prohibition Act,1961.0,0.0,0.0,0.0,0.0,0.0,0.0,0.0,0.0,0.0,0.0,0.0,0.0,0.0,0.0,0.0,0.0,0.0
Delhi,2010.0,Importation of Girls,09. Dowry Prohibition Act,1961.0,0.0,0.0,0.0,0.0,0.0,0.0,0.0,0.0,1.0,1.0,0.0,0.0,0.0,0.0,0.0,0.0,0.0
Goa,2010.0,Importation of Girls,09. Dowry Prohibition Act,1961.0,0.0,0.0,0.0,0.0,0.0,0.0,0.0,0.0,0.0,0.0,0.0,0.0,0.0,0.0,0.0,0.0,0.0
Gujarat,2010.0,Importation of Girls,09. Dowry Prohibition Act,1961.0,0.0,0.0,0.0,0.0,0.0,0.0,0.0,0.0,0.0,0.0,0.0,0.0,0.0,0.0,0.0,0.0,0.0
Haryana,2010.0,Importation of Girls,09. Dowry Prohibition Act,1961.0,0.0,0.0,0.0,0.0,0.0,0.0,0.0,0.0,0.0,0.0,0.0,0.0,0.0,0.0,0.0,0.0,0.0
Himachal Pradesh,2010.0,Importation of Girls,09. Dowry Prohibition Act,1961.0,0.0,0.0,0.0,0.0,0.0,0.0,0.0,0.0,0.0,0.0,0.0,0.0,0.0,0.0,0.0,0.0,0.0
Jammu & Kashmir,2010.0,Importation of Girls,09. Dowry Prohibition Act,1961.0,0.0,0.0,0.0,0.0,0.0,0.0,0.0,0.0,0.0,0.0,0.0,0.0,0.0,0.0,0.0,0.0,0.0
Jharkhand,2010.0,Importation of Girls,09. Dowry Prohibition Act,1961.0,1.0,2.0,3.0,0.0,3.0,0.0,5.0,0.0,7.0,4.0,9.0,10.0,8.0,3.0,4.0,0.0,0.0
Karnataka,2010.0,Importation of Girls,09. Dowry Prohibition Act,1961.0,0.0,0.0,0.0,0.0,0.0,3.0,0.0,0.0,0.0,3.0,0.0,0.0,0.0,0.0,0.0,0.0,0.0
Kerala,2010.0,Importation of Girls,09. Dowry Prohibition Act,1961.0,0.0,0.0,0.0,0.0,0.0,0.0,0.0,0.0,0.0,0.0,0.0,0.0,0.0,0.0,0.0,0.0,0.0
Lakshadweep,2010.0,Importation of Girls,09. Dowry Prohibition Act,1961.0,0.0,0.0,0.0,0.0,0.0,0.0,0.0,0.0,0.0,0.0,0.0,0.0,0.0,0.0,0.0,0.0,0.0
Madhya Pradesh,2010.0,Importation of Girls,09. Dowry Prohibition Act,1961.0,1.0,0.0,5.0,0.0,0.0,0.0,5.0,0.0,0.0,0.0,7.0,3.0,5.0,5.0,1.0,0.0,0.0
Maharashtra,2010.0,Importation of Girls,09. Dowry Prohibition Act,1961.0,0.0,0.0,0.0,0.0,0.0,0.0,0.0,0.0,0.0,0.0,0.0,0.0,0.0,0.0,0.0,0.0,0.0
Manipur,2010.0,Importation of Girls,09. Dowry Prohibition Act,1961.0,0.0,0.0,0.0,0.0,0.0,0.0,0.0,0.0,0.0,0.0,0.0,0.0,0.0,0.0,0.0,0.0,0.0
Meghalaya,2010.0,Importation of Girls,09. Dowry Prohibition Act,1961.0,1.0,0.0,0.0,0.0,0.0,0.0,0.0,0.0,0.0,0.0,0.0,1.0,0.0,0.0,1.0,0.0,0.0
Mizoram,2010.0,Importation of Girls,09. Dowry Prohibition Act,1961.0,0.0,0.0,0.0,0.0,0.0,0.0,0.0,0.0,0.0,0.0,0.0,0.0,0.0,0.0,0.0,0.0,0.0
Nagaland,2010.0,Importation of Girls,09. Dowry Prohibition Act,1961.0,0.0,0.0,0.0,0.0,0.0,0.0,0.0,0.0,0.0,0.0,0.0,0.0,0.0,0.0,0.0,0.0,0.0
Odisha,2010.0,Importation of Girls,09. Dowry Prohibition Act,1961.0,0.0,0.0,2.0,0.0,0.0,0.0,2.0,0.0,3.0,0.0,14.0,12.0,5.0,2.0,0.0,0.0,0.0
Puducherry,2010.0,Importation of Girls,09. Dowry Prohibition Act,1961.0,0.0,0.0,0.0,0.0,0.0,0.0,0.0,0.0,0.0,0.0,0.0,0.0,0.0,0.0,0.0,0.0,0.0
Punjab,2010.0,Importation of Girls,09. Dowry Prohibition Act,1961.0,0.0,0.0,0.0,0.0,0.0,0.0,0.0,0.0,0.0,0.0,0.0,0.0,0.0,0.0,0.0,0.0,0.0
Rajasthan,2010.0,Importation of Girls,09. Dowry Prohibition Act,1961.0,0.0,0.0,0.0,0.0,0.0,0.0,0.0,0.0,0.0,0.0,1.0,1.0,0.0,0.0,0.0,0.0,0.0
Sikkim,2010.0,Importation of Girls,09. Dowry Prohibition Act,1961.0,0.0,0.0,0.0,0.0,0.0,0.0,0.0,0.0,0.0,0.0,0.0,0.0,0.0,0.0,0.0,0.0,0.0
Tamil Nadu,2010.0,Importation of Girls,09. Dowry Prohibition Act,1961.0,0.0,0.0,0.0,0.0,0.0,0.0,0.0,0.0,0.0,0.0,0.0,0.0,0.0,0.0,0.0,0.0,0.0
Tripura,2010.0,Importation of Girls,09. Dowry Prohibition Act,1961.0,0.0,0.0,0.0,0.0,0.0,0.0,0.0,0.0,0.0,0.0,0.0,0.0,0.0,0.0,0.0,0.0,0.0
Uttar Pradesh,2010.0,Importation of Girls,09. Dowry Prohibition Act,1961.0,0.0,0.0,0.0,0.0,0.0,0.0,0.0,0.0,0.0,0.0,0.0,0.0,0.0,0.0,0.0,0.0,0.0
Uttarakhand,2010.0,Importation of Girls,09. Dowry Prohibition Act,1961.0,0.0,0.0,0.0,0.0,0.0,0.0,0.0,0.0,0.0,0.0,0.0,0.0,0.0,0.0,0.0,0.0,0.0
West Bengal,2010.0,Importation of Girls,09. Dowry Prohibition Act,1961.0,8.0,0.0,8.0,0.0,0.0,0.0,8.0,0.0,10.0,10.0,18.0,18.0,8.0,8.0,8.0,0.0,0.0
Andaman & Nicobar Islands,2001.0,Indecent Representation of Women (Prohibition) Act,10. Indecent Representation of Women(Prohibition) Act,1986.0,0.0,0.0,0.0,0.0,0.0,0.0,0.0,0.0,0.0,0.0,0.0,0.0,0.0,0.0,0.0,0.0,0.0
Andhra Pradesh,2001.0,Indecent Representation of Women (Prohibition) Act,10. Indecent Representation of Women(Prohibition) Act,1986.0,13.0,0.0,903.0,0.0,857.0,0.0,903.0,0.0,59.0,37.0,58.0,25.0,925.0,903.0,870.0,0.0,0.0
Arunachal Pradesh,2001.0,Indecent Representation of Women (Prohibition) Act,10. Indecent Representation of Women(Prohibition) Act,1986.0,0.0,0.0,0.0,0.0,0.0,0.0,0.0,0.0,0.0,0.0,0.0,0.0,0.0,0.0,0.0,0.0,0.0
Assam,2001.0,Indecent Representation of Women (Prohibition) Act,10. Indecent Representation of Women(Prohibition) Act,1986.0,0.0,5.0,1.0,0.0,0.0,0.0,6.0,0.0,4.0,0.0,1.0,0.0,10.0,1.0,0.0,0.0,0.0
Bihar,2001.0,Indecent Representation of Women (Prohibition) Act,10. Indecent Representation of Women(Prohibition) Act,1986.0,4.0,0.0,2.0,0.0,3.0,0.0,2.0,0.0,48.0,47.0,8.0,13.0,3.0,2.0,7.0,0.0,0.0
Chandigarh,2001.0,Indecent Representation of Women (Prohibition) Act,10. Indecent Representation of Women(Prohibition) Act,1986.0,0.0,0.0,0.0,0.0,0.0,0.0,0.0,0.0,1.0,0.0,0.0,0.0,1.0,0.0,0.0,0.0,0.0
Chhattisgarh,2001.0,Indecent Representation of Women (Prohibition) Act,10. Indecent Representation of Women(Prohibition) Act,1986.0,0.0,0.0,0.0,0.0,0.0,0.0,0.0,0.0,0.0,0.0,0.0,0.0,0.0,0.0,0.0,0.0,0.0
Dadra & Nagar Haveli,2001.0,Indecent Representation of Women (Prohibition) Act,10. Indecent Representation of Women(Prohibition) Act,1986.0,0.0,0.0,0.0,0.0,0.0,0.0,0.0,0.0,0.0,0.0,0.0,0.0,0.0,0.0,0.0,0.0,0.0
Daman & Diu,2001.0,Indecent Representation of Women (Prohibition) Act,10. Indecent Representation of Women(Prohibition) Act,1986.0,0.0,0.0,0.0,0.0,0.0,0.0,0.0,0.0,0.0,0.0,0.0,0.0,0.0,0.0,0.0,0.0,0.0
Delhi,2001.0,Indecent Representation of Women (Prohibition) Act,10. Indecent Representation of Women(Prohibition) Act,1986.0,0.0,0.0,0.0,0.0,0.0,0.0,0.0,0.0,6.0,5.0,6.0,6.0,1.0,0.0,0.0,0.0,0.0
Goa,2001.0,Indecent Representation of Women (Prohibition) Act,10. Indecent Representation of Women(Prohibition) Act,1986.0,0.0,0.0,0.0,0.0,0.0,0.0,0.0,0.0,0.0,0.0,0.0,0.0,0.0,0.0,0.0,0.0,0.0
Gujarat,2001.0,Indecent Representation of Women (Prohibition) Act,10. Indecent Representation of Women(Prohibition) Act,1986.0,0.0,0.0,0.0,0.0,1.0,0.0,0.0,0.0,0.0,0.0,77.0,78.0,0.0,0.0,1.0,0.0,0.0
Haryana,2001.0,Indecent Representation of Women (Prohibition) Act,10. Indecent Representation of Women(Prohibition) Act,1986.0,0.0,0.0,0.0,0.0,0.0,0.0,0.0,0.0,0.0,0.0,0.0,0.0,0.0,0.0,0.0,0.0,0.0
Himachal Pradesh,2001.0,Indecent Representation of Women (Prohibition) Act,10. Indecent Representation of Women(Prohibition) Act,1986.0,0.0,0.0,0.0,0.0,0.0,0.0,0.0,0.0,0.0,0.0,0.0,0.0,0.0,0.0,0.0,0.0,0.0
Jammu & Kashmir,2001.0,Indecent Representation of Women (Prohibition) Act,10. Indecent Representation of Women(Prohibition) Act,1986.0,0.0,0.0,0.0,0.0,0.0,0.0,0.0,0.0,0.0,0.0,0.0,0.0,0.0,0.0,0.0,0.0,0.0
Jharkhand,2001.0,Indecent Representation of Women (Prohibition) Act,10. Indecent Representation of Women(Prohibition) Act,1986.0,0.0,0.0,0.0,0.0,0.0,0.0,0.0,0.0,0.0,0.0,0.0,0.0,0.0,0.0,0.0,0.0,0.0
Karnataka,2001.0,Indecent Representation of Women (Prohibition) Act,10. Indecent Representation of Women(Prohibition) Act,1986.0,0.0,0.0,0.0,0.0,0.0,0.0,0.0,0.0,0.0,0.0,3.0,3.0,0.0,0.0,0.0,0.0,0.0
Kerala,2001.0,Indecent Representation of Women (Prohibition) Act,10. Indecent Representation of Women(Prohibition) Act,1986.0,17.0,0.0,45.0,3.0,6.0,2.0,45.0,1.0,10.0,16.0,97.0,78.0,42.0,45.0,23.0,0.0,0.0
Lakshadweep,2001.0,Indecent Representation of Women (Prohibition) Act,10. Indecent Representation of Women(Prohibition) Act,1986.0,0.0,0.0,0.0,0.0,0.0,0.0,0.0,0.0,0.0,0.0,0.0,0.0,0.0,0.0,0.0,0.0,0.0
Madhya Pradesh,2001.0,Indecent Representation of Women (Prohibition) Act,10. Indecent Representation of Women(Prohibition) Act,1986.0,0.0,0.0,0.0,0.0,0.0,0.0,0.0,0.0,0.0,0.0,0.0,0.0,0.0,0.0,0.0,0.0,0.0
Maharashtra,2001.0,Indecent Representation of Women (Prohibition) Act,10. Indecent Representation of Women(Prohibition) Act,1986.0,1.0,0.0,9.0,0.0,0.0,0.0,9.0,0.0,1.0,1.0,358.0,350.0,9.0,9.0,1.0,0.0,0.0
Manipur,2001.0,Indecent Representation of Women (Prohibition) Act,10. Indecent Representation of Women(Prohibition) Act,1986.0,0.0,0.0,0.0,0.0,0.0,0.0,0.0,0.0,0.0,0.0,0.0,0.0,0.0,0.0,0.0,0.0,0.0
Meghalaya,2001.0,Indecent Representation of Women (Prohibition) Act,10. Indecent Representation of Women(Prohibition) Act,1986.0,0.0,0.0,0.0,0.0,0.0,0.0,0.0,0.0,0.0,0.0,0.0,0.0,0.0,0.0,0.0,0.0,0.0
Mizoram,2001.0,Indecent Representation of Women (Prohibition) Act,10. Indecent Representation of Women(Prohibition) Act,1986.0,0.0,0.0,0.0,0.0,0.0,0.0,0.0,0.0,0.0,0.0,0.0,0.0,0.0,0.0,0.0,0.0,0.0
Nagaland,2001.0,Indecent Representation of Women (Prohibition) Act,10. Indecent Representation of Women(Prohibition) Act,1986.0,0.0,0.0,0.0,0.0,0.0,0.0,0.0,0.0,0.0,0.0,0.0,0.0,0.0,0.0,0.0,0.0,0.0
Odisha,2001.0,Indecent Representation of Women (Prohibition) Act,10. Indecent Representation of Women(Prohibition) Act,1986.0,0.0,0.0,0.0,0.0,0.0,0.0,0.0,0.0,0.0,0.0,2.0,2.0,0.0,0.0,0.0,0.0,0.0
Puducherry,2001.0,Indecent Representation of Women (Prohibition) Act,10. Indecent Representation of Women(Prohibition) Act,1986.0,0.0,0.0,0.0,0.0,0.0,0.0,0.0,0.0,0.0,0.0,1.0,1.0,0.0,0.0,0.0,0.0,0.0
Punjab,2001.0,Indecent Representation of Women (Prohibition) Act,10. Indecent Representation of Women(Prohibition) Act,1986.0,1.0,0.0,1.0,0.0,1.0,0.0,1.0,0.0,3.0,3.0,4.0,5.0,1.0,1.0,2.0,0.0,0.0
Rajasthan,2001.0,Indecent Representation of Women (Prohibition) Act,10. Indecent Representation of Women(Prohibition) Act,1986.0,3.0,0.0,46.0,0.0,6.0,1.0,46.0,0.0,0.0,1.0,74.0,37.0,46.0,46.0,9.0,0.0,0.0
Sikkim,2001.0,Indecent Representation of Women (Prohibition) Act,10. Indecent Representation of Women(Prohibition) Act,1986.0,0.0,0.0,0.0,0.0,0.0,0.0,0.0,0.0,0.0,0.0,0.0,0.0,0.0,0.0,0.0,0.0,0.0
Tamil Nadu,2001.0,Indecent Representation of Women (Prohibition) Act,10. Indecent Representation of Women(Prohibition) Act,1986.0,1.0,0.0,11.0,0.0,10.0,0.0,11.0,0.0,0.0,0.0,1.0,1.0,11.0,11.0,11.0,0.0,0.0
Tripura,2001.0,Indecent Representation of Women (Prohibition) Act,10. Indecent Representation of Women(Prohibition) Act,1986.0,0.0,0.0,0.0,0.0,0.0,0.0,0.0,0.0,0.0,0.0,0.0,0.0,0.0,0.0,0.0,0.0,0.0
Uttar Pradesh,2001.0,Indecent Representation of Women (Prohibition) Act,10. Indecent Representation of Women(Prohibition) Act,1986.0,1.0,0.0,3.0,0.0,4.0,0.0,3.0,0.0,0.0,0.0,12.0,14.0,3.0,3.0,5.0,0.0,0.0
Uttarakhand,2001.0,Indecent Representation of Women (Prohibition) Act,10. Indecent Representation of Women(Prohibition) Act,1986.0,0.0,0.0,0.0,0.0,0.0,0.0,0.0,0.0,0.0,0.0,0.0,0.0,0.0,0.0,0.0,0.0,0.0
West Bengal,2001.0,Indecent Representation of Women (Prohibition) Act,10. Indecent Representation of Women(Prohibition) Act,1986.0,0.0,0.0,1.0,0.0,0.0,0.0,1.0,0.0,4.0,5.0,1.0,0.0,0.0,1.0,0.0,0.0,0.0
Andaman & Nicobar Islands,2002.0,Indecent Representation of Women (Prohibition) Act,10. Indecent Representation of Women(Prohibition) Act,1986.0,0.0,0.0,0.0,0.0,0.0,0.0,0.0,0.0,0.0,0.0,0.0,0.0,0.0,0.0,0.0,0.0,0.0
Andhra Pradesh,2002.0,Indecent Representation of Women (Prohibition) Act,10. Indecent Representation of Women(Prohibition) Act,1986.0,64.0,0.0,2439.0,0.0,2189.0,0.0,2439.0,0.0,23.0,59.0,244.0,58.0,2403.0,2439.0,2253.0,0.0,0.0
Arunachal Pradesh,2002.0,Indecent Representation of Women (Prohibition) Act,10. Indecent Representation of Women(Prohibition) Act,1986.0,0.0,0.0,0.0,0.0,0.0,0.0,0.0,0.0,0.0,0.0,0.0,0.0,0.0,0.0,0.0,0.0,0.0
Assam,2002.0,Indecent Representation of Women (Prohibition) Act,10. Indecent Representation of Women(Prohibition) Act,1986.0,0.0,2.0,2.0,0.0,0.0,0.0,4.0,0.0,3.0,4.0,3.0,1.0,3.0,2.0,0.0,0.0,0.0
Bihar,2002.0,Indecent Representation of Women (Prohibition) Act,10. Indecent Representation of Women(Prohibition) Act,1986.0,4.0,0.0,1.0,0.0,2.0,0.0,1.0,0.0,48.0,48.0,3.0,8.0,1.0,1.0,6.0,0.0,0.0
Chandigarh,2002.0,Indecent Representation of Women (Prohibition) Act,10. Indecent Representation of Women(Prohibition) Act,1986.0,0.0,0.0,1.0,0.0,0.0,0.0,1.0,0.0,0.0,1.0,1.0,0.0,0.0,1.0,0.0,0.0,0.0
Chhattisgarh,2002.0,Indecent Representation of Women (Prohibition) Act,10. Indecent Representation of Women(Prohibition) Act,1986.0,0.0,0.0,0.0,0.0,0.0,0.0,0.0,0.0,0.0,0.0,0.0,0.0,0.0,0.0,0.0,0.0,0.0
Dadra & Nagar Haveli,2002.0,Indecent Representation of Women (Prohibition) Act,10. Indecent Representation of Women(Prohibition) Act,1986.0,0.0,0.0,0.0,0.0,0.0,0.0,0.0,0.0,0.0,0.0,0.0,0.0,0.0,0.0,0.0,0.0,0.0
Daman & Diu,2002.0,Indecent Representation of Women (Prohibition) Act,10. Indecent Representation of Women(Prohibition) Act,1986.0,0.0,0.0,0.0,0.0,0.0,0.0,0.0,0.0,0.0,0.0,0.0,0.0,0.0,0.0,0.0,0.0,0.0
Delhi,2002.0,Indecent Representation of Women (Prohibition) Act,10. Indecent Representation of Women(Prohibition) Act,1986.0,0.0,0.0,0.0,0.0,0.0,0.0,0.0,0.0,6.0,6.0,6.0,6.0,0.0,0.0,0.0,0.0,0.0
Goa,2002.0,Indecent Representation of Women (Prohibition) Act,10. Indecent Representation of Women(Prohibition) Act,1986.0,0.0,0.0,0.0,0.0,0.0,0.0,0.0,0.0,0.0,0.0,0.0,0.0,0.0,0.0,0.0,0.0,0.0
Gujarat,2002.0,Indecent Representation of Women (Prohibition) Act,10. Indecent Representation of Women(Prohibition) Act,1986.0,0.0,0.0,4.0,0.0,0.0,0.0,4.0,0.0,0.0,0.0,81.0,77.0,4.0,4.0,0.0,0.0,0.0
Haryana,2002.0,Indecent Representation of Women (Prohibition) Act,10. Indecent Representation of Women(Prohibition) Act,1986.0,0.0,0.0,0.0,0.0,0.0,0.0,0.0,0.0,0.0,0.0,0.0,0.0,0.0,0.0,0.0,0.0,0.0
Himachal Pradesh,2002.0,Indecent Representation of Women (Prohibition) Act,10. Indecent Representation of Women(Prohibition) Act,1986.0,0.0,0.0,0.0,0.0,0.0,0.0,0.0,0.0,0.0,0.0,0.0,0.0,0.0,0.0,0.0,0.0,0.0
Jammu & Kashmir,2002.0,Indecent Representation of Women (Prohibition) Act,10. Indecent Representation of Women(Prohibition) Act,1986.0,0.0,0.0,0.0,0.0,0.0,0.0,0.0,0.0,0.0,0.0,0.0,0.0,0.0,0.0,0.0,0.0,0.0
Jharkhand,2002.0,Indecent Representation of Women (Prohibition) Act,10. Indecent Representation of Women(Prohibition) Act,1986.0,0.0,0.0,0.0,0.0,0.0,0.0,0.0,0.0,0.0,0.0,0.0,0.0,0.0,0.0,0.0,0.0,0.0
Karnataka,2002.0,Indecent Representation of Women (Prohibition) Act,10. Indecent Representation of Women(Prohibition) Act,1986.0,3.0,0.0,0.0,0.0,0.0,0.0,0.0,0.0,0.0,0.0,0.0,3.0,0.0,0.0,3.0,0.0,0.0
Kerala,2002.0,Indecent Representation of Women (Prohibition) Act,10. Indecent Representation of Women(Prohibition) Act,1986.0,9.0,0.0,23.0,0.0,1.0,1.0,23.0,0.0,12.0,10.0,110.0,97.0,26.0,23.0,10.0,0.0,0.0
Lakshadweep,2002.0,Indecent Representation of Women (Prohibition) Act,10. Indecent Representation of Women(Prohibition) Act,1986.0,0.0,0.0,0.0,0.0,0.0,0.0,0.0,0.0,0.0,0.0,0.0,0.0,0.0,0.0,0.0,0.0,0.0
Madhya Pradesh,2002.0,Indecent Representation of Women (Prohibition) Act,10. Indecent Representation of Women(Prohibition) Act,1986.0,0.0,0.0,0.0,0.0,0.0,0.0,0.0,0.0,0.0,0.0,0.0,0.0,0.0,0.0,0.0,0.0,0.0
Maharashtra,2002.0,Indecent Representation of Women (Prohibition) Act,10. Indecent Representation of Women(Prohibition) Act,1986.0,2.0,0.0,4.0,0.0,0.0,0.0,4.0,0.0,0.0,0.0,65.0,63.0,4.0,4.0,2.0,0.0,0.0
Manipur,2002.0,Indecent Representation of Women (Prohibition) Act,10. Indecent Representation of Women(Prohibition) Act,1986.0,0.0,0.0,0.0,0.0,0.0,0.0,0.0,0.0,0.0,0.0,0.0,0.0,0.0,0.0,0.0,0.0,0.0
Meghalaya,2002.0,Indecent Representation of Women (Prohibition) Act,10. Indecent Representation of Women(Prohibition) Act,1986.0,0.0,0.0,0.0,0.0,0.0,0.0,0.0,0.0,0.0,0.0,0.0,0.0,0.0,0.0,0.0,0.0,0.0
Mizoram,2002.0,Indecent Representation of Women (Prohibition) Act,10. Indecent Representation of Women(Prohibition) Act,1986.0,0.0,0.0,0.0,0.0,0.0,0.0,0.0,0.0,0.0,0.0,0.0,0.0,0.0,0.0,0.0,0.0,0.0
Nagaland,2002.0,Indecent Representation of Women (Prohibition) Act,10. Indecent Representation of Women(Prohibition) Act,1986.0,0.0,0.0,0.0,0.0,0.0,0.0,0.0,0.0,0.0,0.0,0.0,0.0,0.0,0.0,0.0,0.0,0.0
Odisha,2002.0,Indecent Representation of Women (Prohibition) Act,10. Indecent Representation of Women(Prohibition) Act,1986.0,0.0,0.0,0.0,0.0,0.0,0.0,0.0,0.0,0.0,0.0,2.0,2.0,0.0,0.0,0.0,0.0,0.0
Puducherry,2002.0,Indecent Representation of Women (Prohibition) Act,10. Indecent Representation of Women(Prohibition) Act,1986.0,0.0,0.0,0.0,0.0,0.0,0.0,0.0,0.0,0.0,0.0,1.0,1.0,0.0,0.0,0.0,0.0,0.0
Punjab,2002.0,Indecent Representation of Women (Prohibition) Act,10. Indecent Representation of Women(Prohibition) Act,1986.0,0.0,0.0,5.0,0.0,2.0,1.0,5.0,0.0,5.0,3.0,7.0,4.0,8.0,5.0,2.0,0.0,0.0
Rajasthan,2002.0,Indecent Representation of Women (Prohibition) Act,10. Indecent Representation of Women(Prohibition) Act,1986.0,7.0,0.0,52.0,0.0,11.0,2.0,52.0,0.0,0.0,0.0,108.0,74.0,54.0,52.0,18.0,0.0,0.0
Sikkim,2002.0,Indecent Representation of Women (Prohibition) Act,10. Indecent Representation of Women(Prohibition) Act,1986.0,0.0,0.0,0.0,0.0,0.0,0.0,0.0,0.0,0.0,0.0,0.0,0.0,0.0,0.0,0.0,0.0,0.0
Tamil Nadu,2002.0,Indecent Representation of Women (Prohibition) Act,10. Indecent Representation of Women(Prohibition) Act,1986.0,1.0,0.0,5.0,0.0,3.0,0.0,5.0,0.0,0.0,0.0,2.0,1.0,5.0,5.0,4.0,0.0,0.0
Tripura,2002.0,Indecent Representation of Women (Prohibition) Act,10. Indecent Representation of Women(Prohibition) Act,1986.0,0.0,0.0,0.0,0.0,0.0,0.0,0.0,0.0,0.0,0.0,0.0,0.0,0.0,0.0,0.0,0.0,0.0
Uttar Pradesh,2002.0,Indecent Representation of Women (Prohibition) Act,10. Indecent Representation of Women(Prohibition) Act,1986.0,2.0,0.0,0.0,0.0,4.0,0.0,0.0,0.0,0.0,0.0,6.0,12.0,0.0,0.0,6.0,0.0,0.0
Uttarakhand,2002.0,Indecent Representation of Women (Prohibition) Act,10. Indecent Representation of Women(Prohibition) Act,1986.0,0.0,0.0,0.0,0.0,0.0,0.0,0.0,0.0,0.0,0.0,0.0,0.0,0.0,0.0,0.0,0.0,0.0
West Bengal,2002.0,Indecent Representation of Women (Prohibition) Act,10. Indecent Representation of Women(Prohibition) Act,1986.0,1.0,4.0,0.0,0.0,0.0,0.0,4.0,0.0,0.0,4.0,0.0,1.0,0.0,0.0,1.0,0.0,0.0
Andaman & Nicobar Islands,2003.0,Indecent Representation of Women (Prohibition) Act,10. Indecent Representation of Women(Prohibition) Act,1986.0,0.0,0.0,0.0,0.0,0.0,0.0,0.0,0.0,0.0,0.0,0.0,0.0,0.0,0.0,0.0,0.0,0.0
Andhra Pradesh,2003.0,Indecent Representation of Women (Prohibition) Act,10. Indecent Representation of Women(Prohibition) Act,1986.0,233.0,0.0,920.0,0.0,860.0,0.0,920.0,0.0,12.0,23.0,71.0,244.0,909.0,920.0,1093.0,0.0,0.0
Arunachal Pradesh,2003.0,Indecent Representation of Women (Prohibition) Act,10. Indecent Representation of Women(Prohibition) Act,1986.0,0.0,0.0,0.0,0.0,0.0,0.0,0.0,0.0,0.0,0.0,0.0,0.0,0.0,0.0,0.0,0.0,0.0
Assam,2003.0,Indecent Representation of Women (Prohibition) Act,10. Indecent Representation of Women(Prohibition) Act,1986.0,0.0,3.0,0.0,0.0,0.0,0.0,3.0,0.0,0.0,3.0,3.0,3.0,0.0,0.0,0.0,0.0,0.0
Bihar,2003.0,Indecent Representation of Women (Prohibition) Act,10. Indecent Representation of Women(Prohibition) Act,1986.0,0.0,0.0,1.0,1.0,3.0,0.0,1.0,0.0,48.0,48.0,0.0,3.0,1.0,1.0,3.0,0.0,0.0
Chandigarh,2003.0,Indecent Representation of Women (Prohibition) Act,10. Indecent Representation of Women(Prohibition) Act,1986.0,0.0,0.0,0.0,0.0,0.0,0.0,0.0,0.0,0.0,0.0,1.0,1.0,0.0,0.0,0.0,0.0,0.0
Chhattisgarh,2003.0,Indecent Representation of Women (Prohibition) Act,10. Indecent Representation of Women(Prohibition) Act,1986.0,5.0,0.0,0.0,0.0,8.0,0.0,0.0,0.0,0.0,0.0,2.0,15.0,0.0,0.0,13.0,0.0,0.0
Dadra & Nagar Haveli,2003.0,Indecent Representation of Women (Prohibition) Act,10. Indecent Representation of Women(Prohibition) Act,1986.0,0.0,0.0,0.0,0.0,0.0,0.0,0.0,0.0,0.0,0.0,0.0,0.0,0.0,0.0,0.0,0.0,0.0
Daman & Diu,2003.0,Indecent Representation of Women (Prohibition) Act,10. Indecent Representation of Women(Prohibition) Act,1986.0,0.0,0.0,0.0,0.0,0.0,0.0,0.0,0.0,0.0,0.0,0.0,0.0,0.0,0.0,0.0,0.0,0.0
Delhi,2003.0,Indecent Representation of Women (Prohibition) Act,10. Indecent Representation of Women(Prohibition) Act,1986.0,0.0,0.0,0.0,0.0,0.0,0.0,0.0,0.0,6.0,6.0,6.0,6.0,0.0,0.0,0.0,0.0,0.0
Goa,2003.0,Indecent Representation of Women (Prohibition) Act,10. Indecent Representation of Women(Prohibition) Act,1986.0,0.0,0.0,0.0,0.0,0.0,0.0,0.0,0.0,0.0,0.0,0.0,0.0,0.0,0.0,0.0,0.0,0.0
Gujarat,2003.0,Indecent Representation of Women (Prohibition) Act,10. Indecent Representation of Women(Prohibition) Act,1986.0,2.0,0.0,14.0,0.0,0.0,0.0,14.0,0.0,0.0,0.0,93.0,81.0,14.0,14.0,2.0,0.0,0.0
Haryana,2003.0,Indecent Representation of Women (Prohibition) Act,10. Indecent Representation of Women(Prohibition) Act,1986.0,0.0,0.0,0.0,0.0,0.0,0.0,0.0,0.0,0.0,0.0,0.0,0.0,0.0,0.0,0.0,0.0,0.0
Himachal Pradesh,2003.0,Indecent Representation of Women (Prohibition) Act,10. Indecent Representation of Women(Prohibition) Act,1986.0,0.0,0.0,0.0,0.0,0.0,0.0,0.0,0.0,0.0,0.0,0.0,0.0,0.0,0.0,0.0,0.0,0.0
Jammu & Kashmir,2003.0,Indecent Representation of Women (Prohibition) Act,10. Indecent Representation of Women(Prohibition) Act,1986.0,0.0,0.0,0.0,0.0,0.0,0.0,0.0,0.0,0.0,0.0,0.0,0.0,0.0,0.0,0.0,0.0,0.0
Jharkhand,2003.0,Indecent Representation of Women (Prohibition) Act,10. Indecent Representation of Women(Prohibition) Act,1986.0,0.0,0.0,0.0,0.0,0.0,0.0,0.0,0.0,0.0,0.0,0.0,0.0,0.0,0.0,0.0,0.0,0.0
Karnataka,2003.0,Indecent Representation of Women (Prohibition) Act,10. Indecent Representation of Women(Prohibition) Act,1986.0,0.0,0.0,0.0,0.0,0.0,0.0,0.0,0.0,0.0,0.0,0.0,0.0,0.0,0.0,0.0,0.0,0.0
Kerala,2003.0,Indecent Representation of Women (Prohibition) Act,10. Indecent Representation of Women(Prohibition) Act,1986.0,12.0,0.0,12.0,0.0,7.0,0.0,12.0,0.0,16.0,12.0,103.0,110.0,16.0,12.0,19.0,0.0,0.0
Lakshadweep,2003.0,Indecent Representation of Women (Prohibition) Act,10. Indecent Representation of Women(Prohibition) Act,1986.0,0.0,0.0,0.0,0.0,0.0,0.0,0.0,0.0,0.0,0.0,0.0,0.0,0.0,0.0,0.0,0.0,0.0
Madhya Pradesh,2003.0,Indecent Representation of Women (Prohibition) Act,10. Indecent Representation of Women(Prohibition) Act,1986.0,0.0,0.0,0.0,0.0,0.0,0.0,0.0,0.0,0.0,0.0,0.0,0.0,0.0,0.0,0.0,0.0,0.0
Maharashtra,2003.0,Indecent Representation of Women (Prohibition) Act,10. Indecent Representation of Women(Prohibition) Act,1986.0,4.0,0.0,7.0,0.0,0.0,0.0,7.0,0.0,1.0,0.0,68.0,65.0,8.0,7.0,4.0,0.0,0.0
Manipur,2003.0,Indecent Representation of Women (Prohibition) Act,10. Indecent Representation of Women(Prohibition) Act,1986.0,0.0,0.0,0.0,0.0,0.0,0.0,0.0,0.0,0.0,0.0,0.0,0.0,0.0,0.0,0.0,0.0,0.0
Meghalaya,2003.0,Indecent Representation of Women (Prohibition) Act,10. Indecent Representation of Women(Prohibition) Act,1986.0,0.0,0.0,0.0,0.0,0.0,0.0,0.0,0.0,0.0,0.0,0.0,0.0,0.0,0.0,0.0,0.0,0.0
Mizoram,2003.0,Indecent Representation of Women (Prohibition) Act,10. Indecent Representation of Women(Prohibition) Act,1986.0,0.0,0.0,0.0,0.0,0.0,0.0,0.0,0.0,0.0,0.0,0.0,0.0,0.0,0.0,0.0,0.0,0.0
Nagaland,2003.0,Indecent Representation of Women (Prohibition) Act,10. Indecent Representation of Women(Prohibition) Act,1986.0,0.0,0.0,0.0,0.0,0.0,0.0,0.0,0.0,0.0,0.0,0.0,0.0,0.0,0.0,0.0,0.0,0.0
Odisha,2003.0,Indecent Representation of Women (Prohibition) Act,10. Indecent Representation of Women(Prohibition) Act,1986.0,0.0,0.0,0.0,0.0,0.0,0.0,0.0,0.0,0.0,0.0,2.0,2.0,0.0,0.0,0.0,0.0,0.0
Puducherry,2003.0,Indecent Representation of Women (Prohibition) Act,10. Indecent Representation of Women(Prohibition) Act,1986.0,0.0,0.0,0.0,0.0,0.0,0.0,0.0,0.0,0.0,0.0,1.0,1.0,0.0,0.0,0.0,0.0,0.0
Punjab,2003.0,Indecent Representation of Women (Prohibition) Act,10. Indecent Representation of Women(Prohibition) Act,1986.0,1.0,0.0,2.0,0.0,2.0,0.0,2.0,0.0,4.0,5.0,6.0,7.0,1.0,2.0,3.0,0.0,0.0
Rajasthan,2003.0,Indecent Representation of Women (Prohibition) Act,10. Indecent Representation of Women(Prohibition) Act,1986.0,15.0,0.0,87.0,0.0,13.0,0.0,87.0,0.0,0.0,0.0,167.0,108.0,87.0,87.0,28.0,0.0,0.0
Sikkim,2003.0,Indecent Representation of Women (Prohibition) Act,10. Indecent Representation of Women(Prohibition) Act,1986.0,0.0,0.0,0.0,0.0,0.0,0.0,0.0,0.0,0.0,0.0,0.0,0.0,0.0,0.0,0.0,0.0,0.0
Tamil Nadu,2003.0,Indecent Representation of Women (Prohibition) Act,10. Indecent Representation of Women(Prohibition) Act,1986.0,0.0,0.0,6.0,0.0,2.0,0.0,6.0,0.0,0.0,0.0,6.0,2.0,6.0,6.0,2.0,0.0,0.0
Tripura,2003.0,Indecent Representation of Women (Prohibition) Act,10. Indecent Representation of Women(Prohibition) Act,1986.0,0.0,0.0,0.0,0.0,0.0,0.0,0.0,0.0,0.0,0.0,0.0,0.0,0.0,0.0,0.0,0.0,0.0
Uttar Pradesh,2003.0,Indecent Representation of Women (Prohibition) Act,10. Indecent Representation of Women(Prohibition) Act,1986.0,0.0,0.0,0.0,0.0,0.0,0.0,0.0,0.0,0.0,0.0,6.0,6.0,0.0,0.0,0.0,0.0,0.0
Uttarakhand,2003.0,Indecent Representation of Women (Prohibition) Act,10. Indecent Representation of Women(Prohibition) Act,1986.0,0.0,0.0,0.0,0.0,0.0,0.0,0.0,0.0,0.0,0.0,0.0,0.0,0.0,0.0,0.0,0.0,0.0
West Bengal,2003.0,Indecent Representation of Women (Prohibition) Act,10. Indecent Representation of Women(Prohibition) Act,1986.0,0.0,0.0,0.0,0.0,0.0,0.0,0.0,0.0,1.0,0.0,0.0,0.0,1.0,0.0,0.0,0.0,0.0
Andaman & Nicobar Islands,2004.0,Indecent Representation of Women (Prohibition) Act,10. Indecent Representation of Women(Prohibition) Act,1986.0,0.0,0.0,0.0,0.0,0.0,0.0,0.0,0.0,0.0,0.0,0.0,0.0,0.0,0.0,0.0,0.0,0.0
Andhra Pradesh,2004.0,Indecent Representation of Women (Prohibition) Act,10. Indecent Representation of Women(Prohibition) Act,1986.0,78.0,0.0,1084.0,0.0,975.0,4.0,1084.0,0.0,26.0,12.0,102.0,71.0,1102.0,1084.0,1053.0,0.0,0.0
Arunachal Pradesh,2004.0,Indecent Representation of Women (Prohibition) Act,10. Indecent Representation of Women(Prohibition) Act,1986.0,0.0,0.0,0.0,0.0,0.0,0.0,0.0,0.0,0.0,0.0,0.0,0.0,0.0,0.0,0.0,0.0,0.0
Assam,2004.0,Indecent Representation of Women (Prohibition) Act,10. Indecent Representation of Women(Prohibition) Act,1986.0,2.0,0.0,0.0,0.0,1.0,0.0,0.0,0.0,0.0,0.0,0.0,3.0,0.0,0.0,3.0,0.0,0.0
Bihar,2004.0,Indecent Representation of Women (Prohibition) Act,10. Indecent Representation of Women(Prohibition) Act,1986.0,0.0,0.0,0.0,0.0,0.0,0.0,0.0,0.0,48.0,48.0,0.0,0.0,0.0,0.0,0.0,0.0,0.0
Chandigarh,2004.0,Indecent Representation of Women (Prohibition) Act,10. Indecent Representation of Women(Prohibition) Act,1986.0,0.0,0.0,0.0,0.0,0.0,0.0,0.0,0.0,0.0,0.0,1.0,1.0,0.0,0.0,0.0,0.0,0.0
Chhattisgarh,2004.0,Indecent Representation of Women (Prohibition) Act,10. Indecent Representation of Women(Prohibition) Act,1986.0,0.0,0.0,0.0,0.0,0.0,0.0,0.0,0.0,0.0,0.0,2.0,2.0,0.0,0.0,0.0,0.0,0.0
Dadra & Nagar Haveli,2004.0,Indecent Representation of Women (Prohibition) Act,10. Indecent Representation of Women(Prohibition) Act,1986.0,0.0,0.0,0.0,0.0,0.0,0.0,0.0,0.0,0.0,0.0,0.0,0.0,0.0,0.0,0.0,0.0,0.0
Daman & Diu,2004.0,Indecent Representation of Women (Prohibition) Act,10. Indecent Representation of Women(Prohibition) Act,1986.0,0.0,0.0,0.0,0.0,0.0,0.0,0.0,0.0,0.0,0.0,0.0,0.0,0.0,0.0,0.0,0.0,0.0
Delhi,2004.0,Indecent Representation of Women (Prohibition) Act,10. Indecent Representation of Women(Prohibition) Act,1986.0,0.0,0.0,0.0,0.0,0.0,0.0,0.0,0.0,6.0,6.0,6.0,6.0,0.0,0.0,0.0,0.0,0.0
Goa,2004.0,Indecent Representation of Women (Prohibition) Act,10. Indecent Representation of Women(Prohibition) Act,1986.0,0.0,0.0,0.0,0.0,0.0,0.0,0.0,0.0,0.0,0.0,0.0,0.0,0.0,0.0,0.0,0.0,0.0
Gujarat,2004.0,Indecent Representation of Women (Prohibition) Act,10. Indecent Representation of Women(Prohibition) Act,1986.0,3.0,0.0,0.0,0.0,0.0,0.0,0.0,0.0,0.0,0.0,90.0,93.0,0.0,0.0,3.0,0.0,0.0
Haryana,2004.0,Indecent Representation of Women (Prohibition) Act,10. Indecent Representation of Women(Prohibition) Act,1986.0,0.0,0.0,0.0,0.0,0.0,0.0,0.0,0.0,0.0,0.0,0.0,0.0,0.0,0.0,0.0,0.0,0.0
Himachal Pradesh,2004.0,Indecent Representation of Women (Prohibition) Act,10. Indecent Representation of Women(Prohibition) Act,1986.0,0.0,0.0,2.0,0.0,0.0,0.0,2.0,0.0,0.0,0.0,2.0,0.0,2.0,2.0,0.0,0.0,0.0
Jammu & Kashmir,2004.0,Indecent Representation of Women (Prohibition) Act,10. Indecent Representation of Women(Prohibition) Act,1986.0,0.0,0.0,0.0,0.0,0.0,0.0,0.0,0.0,0.0,0.0,0.0,0.0,0.0,0.0,0.0,0.0,0.0
Jharkhand,2004.0,Indecent Representation of Women (Prohibition) Act,10. Indecent Representation of Women(Prohibition) Act,1986.0,0.0,0.0,0.0,0.0,0.0,0.0,0.0,0.0,0.0,0.0,0.0,0.0,0.0,0.0,0.0,0.0,0.0
Karnataka,2004.0,Indecent Representation of Women (Prohibition) Act,10. Indecent Representation of Women(Prohibition) Act,1986.0,0.0,0.0,0.0,0.0,0.0,0.0,0.0,0.0,0.0,0.0,0.0,0.0,0.0,0.0,0.0,0.0,0.0
Kerala,2004.0,Indecent Representation of Women (Prohibition) Act,10. Indecent Representation of Women(Prohibition) Act,1986.0,14.0,0.0,32.0,1.0,15.0,1.0,32.0,0.0,28.0,16.0,105.0,103.0,45.0,32.0,29.0,0.0,0.0
Lakshadweep,2004.0,Indecent Representation of Women (Prohibition) Act,10. Indecent Representation of Women(Prohibition) Act,1986.0,0.0,0.0,0.0,0.0,0.0,0.0,0.0,0.0,0.0,0.0,0.0,0.0,0.0,0.0,0.0,0.0,0.0
Madhya Pradesh,2004.0,Indecent Representation of Women (Prohibition) Act,10. Indecent Representation of Women(Prohibition) Act,1986.0,0.0,0.0,0.0,0.0,0.0,0.0,0.0,0.0,0.0,0.0,0.0,0.0,0.0,0.0,0.0,0.0,0.0
Maharashtra,2004.0,Indecent Representation of Women (Prohibition) Act,10. Indecent Representation of Women(Prohibition) Act,1986.0,2.0,0.0,9.0,0.0,0.0,0.0,9.0,0.0,3.0,1.0,75.0,68.0,11.0,9.0,2.0,0.0,0.0
Manipur,2004.0,Indecent Representation of Women (Prohibition) Act,10. Indecent Representation of Women(Prohibition) Act,1986.0,0.0,0.0,0.0,0.0,0.0,0.0,0.0,0.0,0.0,0.0,0.0,0.0,0.0,0.0,0.0,0.0,0.0
Meghalaya,2004.0,Indecent Representation of Women (Prohibition) Act,10. Indecent Representation of Women(Prohibition) Act,1986.0,0.0,0.0,0.0,0.0,0.0,0.0,0.0,0.0,0.0,0.0,0.0,0.0,0.0,0.0,0.0,0.0,0.0
Mizoram,2004.0,Indecent Representation of Women (Prohibition) Act,10. Indecent Representation of Women(Prohibition) Act,1986.0,0.0,0.0,0.0,0.0,0.0,0.0,0.0,0.0,0.0,0.0,0.0,0.0,0.0,0.0,0.0,0.0,0.0
Nagaland,2004.0,Indecent Representation of Women (Prohibition) Act,10. Indecent Representation of Women(Prohibition) Act,1986.0,0.0,0.0,0.0,0.0,0.0,0.0,0.0,0.0,0.0,0.0,0.0,0.0,0.0,0.0,0.0,0.0,0.0
Odisha,2004.0,Indecent Representation of Women (Prohibition) Act,10. Indecent Representation of Women(Prohibition) Act,1986.0,0.0,0.0,0.0,0.0,0.0,0.0,0.0,0.0,0.0,0.0,2.0,2.0,0.0,0.0,0.0,0.0,0.0
Puducherry,2004.0,Indecent Representation of Women (Prohibition) Act,10. Indecent Representation of Women(Prohibition) Act,1986.0,0.0,0.0,0.0,0.0,1.0,0.0,0.0,0.0,0.0,0.0,0.0,1.0,0.0,0.0,1.0,0.0,0.0
Punjab,2004.0,Indecent Representation of Women (Prohibition) Act,10. Indecent Representation of Women(Prohibition) Act,1986.0,1.0,1.0,2.0,0.0,2.0,0.0,3.0,0.0,3.0,4.0,5.0,6.0,2.0,2.0,3.0,0.0,0.0
Rajasthan,2004.0,Indecent Representation of Women (Prohibition) Act,10. Indecent Representation of Women(Prohibition) Act,1986.0,10.0,0.0,89.0,0.0,27.0,0.0,89.0,0.0,0.0,0.0,219.0,167.0,89.0,89.0,37.0,0.0,0.0
Sikkim,2004.0,Indecent Representation of Women (Prohibition) Act,10. Indecent Representation of Women(Prohibition) Act,1986.0,0.0,0.0,0.0,0.0,0.0,0.0,0.0,0.0,0.0,0.0,0.0,0.0,0.0,0.0,0.0,0.0,0.0
Tamil Nadu,2004.0,Indecent Representation of Women (Prohibition) Act,10. Indecent Representation of Women(Prohibition) Act,1986.0,6.0,22.0,72.0,0.0,21.0,0.0,94.0,0.0,8.0,0.0,51.0,6.0,102.0,72.0,27.0,0.0,0.0
Tripura,2004.0,Indecent Representation of Women (Prohibition) Act,10. Indecent Representation of Women(Prohibition) Act,1986.0,0.0,0.0,0.0,0.0,0.0,0.0,0.0,0.0,0.0,0.0,0.0,0.0,0.0,0.0,0.0,0.0,0.0
Uttar Pradesh,2004.0,Indecent Representation of Women (Prohibition) Act,10. Indecent Representation of Women(Prohibition) Act,1986.0,0.0,0.0,0.0,0.0,0.0,0.0,0.0,0.0,0.0,0.0,6.0,6.0,0.0,0.0,0.0,0.0,0.0
Uttarakhand,2004.0,Indecent Representation of Women (Prohibition) Act,10. Indecent Representation of Women(Prohibition) Act,1986.0,0.0,0.0,0.0,0.0,0.0,0.0,0.0,0.0,0.0,0.0,0.0,0.0,0.0,0.0,0.0,0.0,0.0
West Bengal,2004.0,Indecent Representation of Women (Prohibition) Act,10. Indecent Representation of Women(Prohibition) Act,1986.0,0.0,0.0,0.0,0.0,0.0,0.0,0.0,0.0,26.0,1.0,0.0,0.0,25.0,0.0,0.0,0.0,0.0
Andaman & Nicobar Islands,2005.0,Indecent Representation of Women (Prohibition) Act,10. Indecent Representation of Women(Prohibition) Act,1986.0,0.0,0.0,0.0,0.0,0.0,0.0,0.0,0.0,0.0,0.0,0.0,0.0,0.0,0.0,0.0,0.0,0.0
Andhra Pradesh,2005.0,Indecent Representation of Women (Prohibition) Act,10. Indecent Representation of Women(Prohibition) Act,1986.0,70.0,0.0,2671.0,0.0,2615.0,0.0,2671.0,0.0,12.0,26.0,88.0,102.0,2657.0,2671.0,2685.0,0.0,0.0
Arunachal Pradesh,2005.0,Indecent Representation of Women (Prohibition) Act,10. Indecent Representation of Women(Prohibition) Act,1986.0,0.0,0.0,0.0,0.0,0.0,0.0,0.0,0.0,0.0,0.0,0.0,0.0,0.0,0.0,0.0,0.0,0.0
Assam,2005.0,Indecent Representation of Women (Prohibition) Act,10. Indecent Representation of Women(Prohibition) Act,1986.0,0.0,0.0,0.0,0.0,0.0,0.0,0.0,0.0,0.0,0.0,0.0,0.0,0.0,0.0,0.0,0.0,0.0
Bihar,2005.0,Indecent Representation of Women (Prohibition) Act,10. Indecent Representation of Women(Prohibition) Act,1986.0,0.0,0.0,20.0,0.0,0.0,0.0,20.0,0.0,28.0,48.0,20.0,0.0,0.0,20.0,0.0,0.0,0.0
Chandigarh,2005.0,Indecent Representation of Women (Prohibition) Act,10. Indecent Representation of Women(Prohibition) Act,1986.0,0.0,0.0,0.0,0.0,0.0,0.0,0.0,0.0,0.0,0.0,1.0,1.0,0.0,0.0,0.0,0.0,0.0
Chhattisgarh,2005.0,Indecent Representation of Women (Prohibition) Act,10. Indecent Representation of Women(Prohibition) Act,1986.0,0.0,0.0,0.0,0.0,0.0,0.0,0.0,0.0,0.0,0.0,2.0,2.0,0.0,0.0,0.0,0.0,0.0
Dadra & Nagar Haveli,2005.0,Indecent Representation of Women (Prohibition) Act,10. Indecent Representation of Women(Prohibition) Act,1986.0,0.0,0.0,0.0,0.0,0.0,0.0,0.0,0.0,0.0,0.0,0.0,0.0,0.0,0.0,0.0,0.0,0.0
Daman & Diu,2005.0,Indecent Representation of Women (Prohibition) Act,10. Indecent Representation of Women(Prohibition) Act,1986.0,0.0,0.0,0.0,0.0,0.0,0.0,0.0,0.0,0.0,0.0,0.0,0.0,0.0,0.0,0.0,0.0,0.0
Delhi,2005.0,Indecent Representation of Women (Prohibition) Act,10. Indecent Representation of Women(Prohibition) Act,1986.0,0.0,0.0,0.0,0.0,0.0,0.0,0.0,0.0,7.0,6.0,6.0,6.0,1.0,0.0,0.0,0.0,0.0
Goa,2005.0,Indecent Representation of Women (Prohibition) Act,10. Indecent Representation of Women(Prohibition) Act,1986.0,0.0,0.0,0.0,0.0,0.0,0.0,0.0,0.0,0.0,0.0,0.0,0.0,0.0,0.0,0.0,0.0,0.0
Gujarat,2005.0,Indecent Representation of Women (Prohibition) Act,10. Indecent Representation of Women(Prohibition) Act,1986.0,9.0,0.0,0.0,0.0,0.0,0.0,0.0,0.0,0.0,0.0,81.0,90.0,0.0,0.0,9.0,0.0,0.0
Haryana,2005.0,Indecent Representation of Women (Prohibition) Act,10. Indecent Representation of Women(Prohibition) Act,1986.0,0.0,0.0,0.0,0.0,0.0,0.0,0.0,0.0,0.0,0.0,0.0,0.0,0.0,0.0,0.0,0.0,0.0
Himachal Pradesh,2005.0,Indecent Representation of Women (Prohibition) Act,10. Indecent Representation of Women(Prohibition) Act,1986.0,0.0,0.0,0.0,0.0,0.0,0.0,0.0,0.0,0.0,0.0,2.0,2.0,0.0,0.0,0.0,0.0,0.0
Jammu & Kashmir,2005.0,Indecent Representation of Women (Prohibition) Act,10. Indecent Representation of Women(Prohibition) Act,1986.0,0.0,0.0,0.0,0.0,0.0,0.0,0.0,0.0,0.0,0.0,0.0,0.0,0.0,0.0,0.0,0.0,0.0
Jharkhand,2005.0,Indecent Representation of Women (Prohibition) Act,10. Indecent Representation of Women(Prohibition) Act,1986.0,0.0,0.0,2.0,0.0,0.0,0.0,2.0,0.0,0.0,0.0,2.0,0.0,2.0,2.0,0.0,0.0,0.0
Karnataka,2005.0,Indecent Representation of Women (Prohibition) Act,10. Indecent Representation of Women(Prohibition) Act,1986.0,0.0,0.0,0.0,0.0,0.0,0.0,0.0,0.0,0.0,0.0,0.0,0.0,0.0,0.0,0.0,0.0,0.0
Kerala,2005.0,Indecent Representation of Women (Prohibition) Act,10. Indecent Representation of Women(Prohibition) Act,1986.0,26.0,8.0,85.0,0.0,15.0,0.0,93.0,0.0,43.0,28.0,149.0,105.0,108.0,85.0,41.0,0.0,0.0
Lakshadweep,2005.0,Indecent Representation of Women (Prohibition) Act,10. Indecent Representation of Women(Prohibition) Act,1986.0,0.0,0.0,0.0,0.0,0.0,0.0,0.0,0.0,0.0,0.0,0.0,0.0,0.0,0.0,0.0,0.0,0.0
Madhya Pradesh,2005.0,Indecent Representation of Women (Prohibition) Act,10. Indecent Representation of Women(Prohibition) Act,1986.0,0.0,0.0,0.0,0.0,0.0,0.0,0.0,0.0,0.0,0.0,0.0,0.0,0.0,0.0,0.0,0.0,0.0
Maharashtra,2005.0,Indecent Representation of Women (Prohibition) Act,10. Indecent Representation of Women(Prohibition) Act,1986.0,23.0,0.0,11.0,0.0,1.0,0.0,11.0,0.0,0.0,3.0,62.0,75.0,8.0,11.0,24.0,0.0,0.0
Manipur,2005.0,Indecent Representation of Women (Prohibition) Act,10. Indecent Representation of Women(Prohibition) Act,1986.0,0.0,0.0,0.0,0.0,0.0,0.0,0.0,0.0,0.0,0.0,0.0,0.0,0.0,0.0,0.0,0.0,0.0
Meghalaya,2005.0,Indecent Representation of Women (Prohibition) Act,10. Indecent Representation of Women(Prohibition) Act,1986.0,0.0,0.0,0.0,0.0,0.0,0.0,0.0,0.0,0.0,0.0,0.0,0.0,0.0,0.0,0.0,0.0,0.0
Mizoram,2005.0,Indecent Representation of Women (Prohibition) Act,10. Indecent Representation of Women(Prohibition) Act,1986.0,0.0,0.0,0.0,0.0,0.0,0.0,0.0,0.0,0.0,0.0,0.0,0.0,0.0,0.0,0.0,0.0,0.0
Nagaland,2005.0,Indecent Representation of Women (Prohibition) Act,10. Indecent Representation of Women(Prohibition) Act,1986.0,0.0,0.0,0.0,0.0,0.0,0.0,0.0,0.0,0.0,0.0,0.0,0.0,0.0,0.0,0.0,0.0,0.0
Odisha,2005.0,Indecent Representation of Women (Prohibition) Act,10. Indecent Representation of Women(Prohibition) Act,1986.0,0.0,0.0,0.0,0.0,0.0,0.0,0.0,0.0,1.0,0.0,2.0,2.0,1.0,0.0,0.0,0.0,0.0
Puducherry,2005.0,Indecent Representation of Women (Prohibition) Act,10. Indecent Representation of Women(Prohibition) Act,1986.0,0.0,0.0,0.0,0.0,0.0,0.0,0.0,0.0,0.0,0.0,0.0,0.0,0.0,0.0,0.0,0.0,0.0
Punjab,2005.0,Indecent Representation of Women (Prohibition) Act,10. Indecent Representation of Women(Prohibition) Act,1986.0,0.0,3.0,0.0,0.0,0.0,0.0,3.0,0.0,0.0,3.0,5.0,5.0,0.0,0.0,0.0,0.0,0.0
Rajasthan,2005.0,Indecent Representation of Women (Prohibition) Act,10. Indecent Representation of Women(Prohibition) Act,1986.0,9.0,1.0,100.0,0.0,13.0,7.0,101.0,0.0,1.0,0.0,297.0,219.0,109.0,100.0,22.0,0.0,0.0
Sikkim,2005.0,Indecent Representation of Women (Prohibition) Act,10. Indecent Representation of Women(Prohibition) Act,1986.0,0.0,0.0,0.0,0.0,0.0,0.0,0.0,0.0,0.0,0.0,0.0,0.0,0.0,0.0,0.0,0.0,0.0
Tamil Nadu,2005.0,Indecent Representation of Women (Prohibition) Act,10. Indecent Representation of Women(Prohibition) Act,1986.0,19.0,0.0,34.0,0.0,9.0,0.0,34.0,0.0,4.0,8.0,57.0,51.0,30.0,34.0,28.0,0.0,0.0
Tripura,2005.0,Indecent Representation of Women (Prohibition) Act,10. Indecent Representation of Women(Prohibition) Act,1986.0,0.0,0.0,0.0,0.0,0.0,0.0,0.0,0.0,0.0,0.0,0.0,0.0,0.0,0.0,0.0,0.0,0.0
Uttar Pradesh,2005.0,Indecent Representation of Women (Prohibition) Act,10. Indecent Representation of Women(Prohibition) Act,1986.0,4.0,0.0,0.0,0.0,1.0,0.0,0.0,0.0,0.0,0.0,1.0,6.0,0.0,0.0,5.0,0.0,0.0
Uttarakhand,2005.0,Indecent Representation of Women (Prohibition) Act,10. Indecent Representation of Women(Prohibition) Act,1986.0,0.0,0.0,0.0,0.0,0.0,0.0,0.0,0.0,0.0,0.0,0.0,0.0,0.0,0.0,0.0,0.0,0.0
West Bengal,2005.0,Indecent Representation of Women (Prohibition) Act,10. Indecent Representation of Women(Prohibition) Act,1986.0,0.0,0.0,23.0,0.0,0.0,0.0,23.0,0.0,4.0,26.0,23.0,0.0,1.0,23.0,0.0,0.0,0.0
Andaman & Nicobar Islands,2006.0,Indecent Representation of Women (Prohibition) Act,10. Indecent Representation of Women(Prohibition) Act,1986.0,0.0,0.0,0.0,0.0,0.0,0.0,0.0,0.0,0.0,0.0,0.0,0.0,0.0,0.0,0.0,0.0,0.0
Andhra Pradesh,2006.0,Indecent Representation of Women (Prohibition) Act,10. Indecent Representation of Women(Prohibition) Act,1986.0,91.0,2.0,1348.0,0.0,1250.0,0.0,1350.0,0.0,9.0,12.0,95.0,88.0,1347.0,1348.0,1341.0,0.0,0.0
Arunachal Pradesh,2006.0,Indecent Representation of Women (Prohibition) Act,10. Indecent Representation of Women(Prohibition) Act,1986.0,0.0,0.0,0.0,0.0,0.0,0.0,0.0,0.0,0.0,0.0,0.0,0.0,0.0,0.0,0.0,0.0,0.0
Assam,2006.0,Indecent Representation of Women (Prohibition) Act,10. Indecent Representation of Women(Prohibition) Act,1986.0,0.0,0.0,0.0,0.0,0.0,0.0,0.0,0.0,0.0,0.0,0.0,0.0,0.0,0.0,0.0,0.0,0.0
Bihar,2006.0,Indecent Representation of Women (Prohibition) Act,10. Indecent Representation of Women(Prohibition) Act,1986.0,0.0,0.0,0.0,0.0,0.0,0.0,0.0,0.0,28.0,28.0,20.0,20.0,0.0,0.0,0.0,0.0,0.0
Chandigarh,2006.0,Indecent Representation of Women (Prohibition) Act,10. Indecent Representation of Women(Prohibition) Act,1986.0,0.0,0.0,0.0,0.0,0.0,0.0,0.0,0.0,0.0,0.0,1.0,1.0,0.0,0.0,0.0,0.0,0.0
Chhattisgarh,2006.0,Indecent Representation of Women (Prohibition) Act,10. Indecent Representation of Women(Prohibition) Act,1986.0,0.0,0.0,0.0,2.0,0.0,0.0,0.0,0.0,0.0,0.0,0.0,2.0,0.0,0.0,0.0,0.0,0.0
Dadra & Nagar Haveli,2006.0,Indecent Representation of Women (Prohibition) Act,10. Indecent Representation of Women(Prohibition) Act,1986.0,0.0,0.0,0.0,0.0,0.0,0.0,0.0,0.0,0.0,0.0,0.0,0.0,0.0,0.0,0.0,0.0,0.0
Daman & Diu,2006.0,Indecent Representation of Women (Prohibition) Act,10. Indecent Representation of Women(Prohibition) Act,1986.0,0.0,0.0,0.0,0.0,0.0,0.0,0.0,0.0,0.0,0.0,0.0,0.0,0.0,0.0,0.0,0.0,0.0
Delhi,2006.0,Indecent Representation of Women (Prohibition) Act,10. Indecent Representation of Women(Prohibition) Act,1986.0,0.0,0.0,1.0,0.0,0.0,0.0,1.0,0.0,7.0,7.0,7.0,6.0,1.0,1.0,0.0,0.0,0.0
Goa,2006.0,Indecent Representation of Women (Prohibition) Act,10. Indecent Representation of Women(Prohibition) Act,1986.0,0.0,0.0,0.0,0.0,0.0,0.0,0.0,0.0,0.0,0.0,0.0,0.0,0.0,0.0,0.0,0.0,0.0
Gujarat,2006.0,Indecent Representation of Women (Prohibition) Act,10. Indecent Representation of Women(Prohibition) Act,1986.0,0.0,0.0,0.0,0.0,1.0,0.0,0.0,0.0,0.0,0.0,80.0,81.0,0.0,0.0,1.0,0.0,0.0
Haryana,2006.0,Indecent Representation of Women (Prohibition) Act,10. Indecent Representation of Women(Prohibition) Act,1986.0,0.0,0.0,0.0,0.0,0.0,0.0,0.0,0.0,0.0,0.0,0.0,0.0,0.0,0.0,0.0,0.0,0.0
Himachal Pradesh,2006.0,Indecent Representation of Women (Prohibition) Act,10. Indecent Representation of Women(Prohibition) Act,1986.0,0.0,0.0,0.0,0.0,0.0,0.0,0.0,0.0,0.0,0.0,2.0,2.0,0.0,0.0,0.0,0.0,0.0
Jammu & Kashmir,2006.0,Indecent Representation of Women (Prohibition) Act,10. Indecent Representation of Women(Prohibition) Act,1986.0,0.0,0.0,0.0,0.0,0.0,0.0,0.0,0.0,0.0,0.0,0.0,0.0,0.0,0.0,0.0,0.0,0.0
Jharkhand,2006.0,Indecent Representation of Women (Prohibition) Act,10. Indecent Representation of Women(Prohibition) Act,1986.0,0.0,0.0,1.0,0.0,0.0,0.0,1.0,0.0,1.0,0.0,3.0,2.0,2.0,1.0,0.0,0.0,0.0
Karnataka,2006.0,Indecent Representation of Women (Prohibition) Act,10. Indecent Representation of Women(Prohibition) Act,1986.0,0.0,0.0,0.0,0.0,0.0,0.0,0.0,0.0,0.0,0.0,0.0,0.0,0.0,0.0,0.0,0.0,0.0
Kerala,2006.0,Indecent Representation of Women (Prohibition) Act,10. Indecent Representation of Women(Prohibition) Act,1986.0,46.0,0.0,70.0,0.0,15.0,0.0,70.0,0.0,32.0,43.0,158.0,149.0,59.0,70.0,61.0,0.0,0.0
Lakshadweep,2006.0,Indecent Representation of Women (Prohibition) Act,10. Indecent Representation of Women(Prohibition) Act,1986.0,0.0,0.0,0.0,0.0,0.0,0.0,0.0,0.0,0.0,0.0,0.0,0.0,0.0,0.0,0.0,0.0,0.0
Madhya Pradesh,2006.0,Indecent Representation of Women (Prohibition) Act,10. Indecent Representation of Women(Prohibition) Act,1986.0,0.0,0.0,2.0,0.0,0.0,0.0,2.0,0.0,0.0,0.0,2.0,0.0,2.0,2.0,0.0,0.0,0.0
Maharashtra,2006.0,Indecent Representation of Women (Prohibition) Act,10. Indecent Representation of Women(Prohibition) Act,1986.0,2.0,0.0,7.0,0.0,0.0,0.0,7.0,0.0,2.0,0.0,67.0,62.0,9.0,7.0,2.0,0.0,0.0
Manipur,2006.0,Indecent Representation of Women (Prohibition) Act,10. Indecent Representation of Women(Prohibition) Act,1986.0,0.0,0.0,0.0,0.0,0.0,0.0,0.0,0.0,0.0,0.0,0.0,0.0,0.0,0.0,0.0,0.0,0.0
Meghalaya,2006.0,Indecent Representation of Women (Prohibition) Act,10. Indecent Representation of Women(Prohibition) Act,1986.0,0.0,0.0,0.0,0.0,0.0,0.0,0.0,0.0,0.0,0.0,0.0,0.0,0.0,0.0,0.0,0.0,0.0
Mizoram,2006.0,Indecent Representation of Women (Prohibition) Act,10. Indecent Representation of Women(Prohibition) Act,1986.0,0.0,0.0,0.0,0.0,0.0,0.0,0.0,0.0,0.0,0.0,0.0,0.0,0.0,0.0,0.0,0.0,0.0
Nagaland,2006.0,Indecent Representation of Women (Prohibition) Act,10. Indecent Representation of Women(Prohibition) Act,1986.0,0.0,0.0,0.0,0.0,0.0,0.0,0.0,0.0,0.0,0.0,0.0,0.0,0.0,0.0,0.0,0.0,0.0
Odisha,2006.0,Indecent Representation of Women (Prohibition) Act,10. Indecent Representation of Women(Prohibition) Act,1986.0,0.0,0.0,0.0,0.0,0.0,0.0,0.0,0.0,1.0,1.0,2.0,2.0,0.0,0.0,0.0,0.0,0.0
Puducherry,2006.0,Indecent Representation of Women (Prohibition) Act,10. Indecent Representation of Women(Prohibition) Act,1986.0,0.0,0.0,0.0,0.0,0.0,0.0,0.0,0.0,0.0,0.0,0.0,0.0,0.0,0.0,0.0,0.0,0.0
Punjab,2006.0,Indecent Representation of Women (Prohibition) Act,10. Indecent Representation of Women(Prohibition) Act,1986.0,0.0,1.0,0.0,0.0,0.0,0.0,1.0,0.0,0.0,0.0,5.0,5.0,1.0,0.0,0.0,0.0,0.0
Rajasthan,2006.0,Indecent Representation of Women (Prohibition) Act,10. Indecent Representation of Women(Prohibition) Act,1986.0,16.0,0.0,100.0,1.0,24.0,1.0,100.0,0.0,2.0,1.0,356.0,297.0,102.0,100.0,40.0,0.0,0.0
Sikkim,2006.0,Indecent Representation of Women (Prohibition) Act,10. Indecent Representation of Women(Prohibition) Act,1986.0,0.0,0.0,0.0,0.0,0.0,0.0,0.0,0.0,0.0,0.0,0.0,0.0,0.0,0.0,0.0,0.0,0.0
Tamil Nadu,2006.0,Indecent Representation of Women (Prohibition) Act,10. Indecent Representation of Women(Prohibition) Act,1986.0,23.0,0.0,28.0,0.0,21.0,4.0,28.0,0.0,7.0,4.0,41.0,57.0,35.0,28.0,44.0,0.0,0.0
Tripura,2006.0,Indecent Representation of Women (Prohibition) Act,10. Indecent Representation of Women(Prohibition) Act,1986.0,0.0,0.0,0.0,0.0,0.0,0.0,0.0,0.0,0.0,0.0,0.0,0.0,0.0,0.0,0.0,0.0,0.0
Uttar Pradesh,2006.0,Indecent Representation of Women (Prohibition) Act,10. Indecent Representation of Women(Prohibition) Act,1986.0,0.0,0.0,0.0,0.0,0.0,0.0,0.0,0.0,0.0,0.0,1.0,1.0,0.0,0.0,0.0,0.0,0.0
Uttarakhand,2006.0,Indecent Representation of Women (Prohibition) Act,10. Indecent Representation of Women(Prohibition) Act,1986.0,0.0,0.0,0.0,0.0,0.0,0.0,0.0,0.0,0.0,0.0,0.0,0.0,0.0,0.0,0.0,0.0,0.0
West Bengal,2006.0,Indecent Representation of Women (Prohibition) Act,10. Indecent Representation of Women(Prohibition) Act,1986.0,0.0,2.0,0.0,0.0,0.0,0.0,2.0,0.0,6.0,4.0,23.0,23.0,4.0,0.0,0.0,0.0,0.0
Andaman & Nicobar Islands,2007.0,Indecent Representation of Women (Prohibition) Act,10. Indecent Representation of Women(Prohibition) Act,1986.0,0.0,0.0,0.0,0.0,0.0,0.0,0.0,0.0,0.0,0.0,0.0,0.0,0.0,0.0,0.0,0.0,0.0
Andhra Pradesh,2007.0,Indecent Representation of Women (Prohibition) Act,10. Indecent Representation of Women(Prohibition) Act,1986.0,25.0,0.0,998.0,0.0,909.0,0.0,998.0,1.0,15.0,9.0,159.0,95.0,1005.0,998.0,934.0,0.0,0.0
Arunachal Pradesh,2007.0,Indecent Representation of Women (Prohibition) Act,10. Indecent Representation of Women(Prohibition) Act,1986.0,0.0,0.0,0.0,0.0,0.0,0.0,0.0,0.0,0.0,0.0,0.0,0.0,0.0,0.0,0.0,0.0,0.0
Assam,2007.0,Indecent Representation of Women (Prohibition) Act,10. Indecent Representation of Women(Prohibition) Act,1986.0,0.0,0.0,0.0,0.0,0.0,0.0,0.0,0.0,0.0,0.0,0.0,0.0,0.0,0.0,0.0,0.0,0.0
Bihar,2007.0,Indecent Representation of Women (Prohibition) Act,10. Indecent Representation of Women(Prohibition) Act,1986.0,0.0,0.0,28.0,0.0,0.0,0.0,28.0,0.0,0.0,28.0,48.0,20.0,0.0,28.0,0.0,0.0,0.0
Chandigarh,2007.0,Indecent Representation of Women (Prohibition) Act,10. Indecent Representation of Women(Prohibition) Act,1986.0,0.0,0.0,0.0,0.0,0.0,0.0,0.0,0.0,1.0,0.0,1.0,1.0,1.0,0.0,0.0,0.0,0.0
Chhattisgarh,2007.0,Indecent Representation of Women (Prohibition) Act,10. Indecent Representation of Women(Prohibition) Act,1986.0,0.0,0.0,0.0,0.0,0.0,0.0,0.0,0.0,0.0,0.0,0.0,0.0,0.0,0.0,0.0,0.0,0.0
Dadra & Nagar Haveli,2007.0,Indecent Representation of Women (Prohibition) Act,10. Indecent Representation of Women(Prohibition) Act,1986.0,0.0,0.0,0.0,0.0,0.0,0.0,0.0,0.0,0.0,0.0,0.0,0.0,0.0,0.0,0.0,0.0,0.0
Daman & Diu,2007.0,Indecent Representation of Women (Prohibition) Act,10. Indecent Representation of Women(Prohibition) Act,1986.0,0.0,0.0,0.0,0.0,0.0,0.0,0.0,0.0,0.0,0.0,0.0,0.0,0.0,0.0,0.0,0.0,0.0
Delhi,2007.0,Indecent Representation of Women (Prohibition) Act,10. Indecent Representation of Women(Prohibition) Act,1986.0,0.0,0.0,0.0,0.0,0.0,0.0,0.0,0.0,7.0,7.0,7.0,7.0,0.0,0.0,0.0,0.0,0.0
Goa,2007.0,Indecent Representation of Women (Prohibition) Act,10. Indecent Representation of Women(Prohibition) Act,1986.0,0.0,0.0,0.0,0.0,0.0,0.0,0.0,0.0,0.0,0.0,0.0,0.0,0.0,0.0,0.0,0.0,0.0
Gujarat,2007.0,Indecent Representation of Women (Prohibition) Act,10. Indecent Representation of Women(Prohibition) Act,1986.0,1.0,0.0,0.0,0.0,0.0,0.0,0.0,0.0,0.0,0.0,79.0,80.0,0.0,0.0,1.0,0.0,0.0
Haryana,2007.0,Indecent Representation of Women (Prohibition) Act,10. Indecent Representation of Women(Prohibition) Act,1986.0,0.0,0.0,0.0,0.0,0.0,0.0,0.0,0.0,0.0,0.0,0.0,0.0,0.0,0.0,0.0,0.0,0.0
Himachal Pradesh,2007.0,Indecent Representation of Women (Prohibition) Act,10. Indecent Representation of Women(Prohibition) Act,1986.0,1.0,0.0,0.0,0.0,1.0,0.0,0.0,0.0,0.0,0.0,0.0,2.0,0.0,0.0,2.0,0.0,0.0
Jammu & Kashmir,2007.0,Indecent Representation of Women (Prohibition) Act,10. Indecent Representation of Women(Prohibition) Act,1986.0,0.0,0.0,0.0,0.0,0.0,0.0,0.0,0.0,0.0,0.0,0.0,0.0,0.0,0.0,0.0,0.0,0.0
Jharkhand,2007.0,Indecent Representation of Women (Prohibition) Act,10. Indecent Representation of Women(Prohibition) Act,1986.0,0.0,0.0,0.0,3.0,0.0,0.0,0.0,0.0,1.0,1.0,0.0,3.0,0.0,0.0,0.0,0.0,0.0
Karnataka,2007.0,Indecent Representation of Women (Prohibition) Act,10. Indecent Representation of Women(Prohibition) Act,1986.0,0.0,0.0,0.0,0.0,0.0,0.0,0.0,0.0,0.0,0.0,0.0,0.0,0.0,0.0,0.0,0.0,0.0
Kerala,2007.0,Indecent Representation of Women (Prohibition) Act,10. Indecent Representation of Women(Prohibition) Act,1986.0,41.0,1.0,39.0,0.0,20.0,0.0,40.0,0.0,18.0,32.0,136.0,158.0,26.0,39.0,61.0,0.0,0.0
Lakshadweep,2007.0,Indecent Representation of Women (Prohibition) Act,10. Indecent Representation of Women(Prohibition) Act,1986.0,0.0,0.0,0.0,0.0,0.0,0.0,0.0,0.0,0.0,0.0,0.0,0.0,0.0,0.0,0.0,0.0,0.0
Madhya Pradesh,2007.0,Indecent Representation of Women (Prohibition) Act,10. Indecent Representation of Women(Prohibition) Act,1986.0,0.0,0.0,0.0,0.0,1.0,0.0,0.0,0.0,0.0,0.0,1.0,2.0,0.0,0.0,1.0,0.0,0.0
Maharashtra,2007.0,Indecent Representation of Women (Prohibition) Act,10. Indecent Representation of Women(Prohibition) Act,1986.0,2.0,0.0,3.0,0.0,0.0,0.0,3.0,0.0,1.0,2.0,68.0,67.0,2.0,3.0,2.0,0.0,0.0
Manipur,2007.0,Indecent Representation of Women (Prohibition) Act,10. Indecent Representation of Women(Prohibition) Act,1986.0,0.0,0.0,0.0,0.0,0.0,0.0,0.0,0.0,0.0,0.0,0.0,0.0,0.0,0.0,0.0,0.0,0.0
Meghalaya,2007.0,Indecent Representation of Women (Prohibition) Act,10. Indecent Representation of Women(Prohibition) Act,1986.0,0.0,0.0,0.0,0.0,0.0,0.0,0.0,0.0,0.0,0.0,0.0,0.0,0.0,0.0,0.0,0.0,0.0
Mizoram,2007.0,Indecent Representation of Women (Prohibition) Act,10. Indecent Representation of Women(Prohibition) Act,1986.0,0.0,0.0,0.0,0.0,0.0,0.0,0.0,0.0,0.0,0.0,0.0,0.0,0.0,0.0,0.0,0.0,0.0
Nagaland,2007.0,Indecent Representation of Women (Prohibition) Act,10. Indecent Representation of Women(Prohibition) Act,1986.0,0.0,0.0,0.0,0.0,0.0,0.0,0.0,0.0,0.0,0.0,0.0,0.0,0.0,0.0,0.0,0.0,0.0
Odisha,2007.0,Indecent Representation of Women (Prohibition) Act,10. Indecent Representation of Women(Prohibition) Act,1986.0,0.0,0.0,0.0,0.0,0.0,0.0,0.0,0.0,1.0,1.0,2.0,2.0,0.0,0.0,0.0,0.0,0.0
Puducherry,2007.0,Indecent Representation of Women (Prohibition) Act,10. Indecent Representation of Women(Prohibition) Act,1986.0,0.0,0.0,0.0,0.0,0.0,0.0,0.0,0.0,0.0,0.0,0.0,0.0,0.0,0.0,0.0,0.0,0.0
Punjab,2007.0,Indecent Representation of Women (Prohibition) Act,10. Indecent Representation of Women(Prohibition) Act,1986.0,1.0,0.0,0.0,0.0,0.0,0.0,0.0,0.0,0.0,0.0,4.0,5.0,0.0,0.0,1.0,0.0,0.0
Rajasthan,2007.0,Indecent Representation of Women (Prohibition) Act,10. Indecent Representation of Women(Prohibition) Act,1986.0,15.0,0.0,130.0,1.0,37.0,3.0,130.0,0.0,0.0,2.0,433.0,356.0,131.0,130.0,52.0,0.0,0.0
Sikkim,2007.0,Indecent Representation of Women (Prohibition) Act,10. Indecent Representation of Women(Prohibition) Act,1986.0,0.0,0.0,0.0,0.0,0.0,0.0,0.0,0.0,0.0,0.0,0.0,0.0,0.0,0.0,0.0,0.0,0.0
Tamil Nadu,2007.0,Indecent Representation of Women (Prohibition) Act,10. Indecent Representation of Women(Prohibition) Act,1986.0,18.0,0.0,28.0,0.0,6.0,0.0,28.0,0.0,4.0,7.0,45.0,41.0,25.0,28.0,24.0,0.0,0.0
Tripura,2007.0,Indecent Representation of Women (Prohibition) Act,10. Indecent Representation of Women(Prohibition) Act,1986.0,0.0,0.0,0.0,0.0,0.0,0.0,0.0,0.0,0.0,0.0,0.0,0.0,0.0,0.0,0.0,0.0,0.0
Uttar Pradesh,2007.0,Indecent Representation of Women (Prohibition) Act,10. Indecent Representation of Women(Prohibition) Act,1986.0,0.0,0.0,0.0,0.0,1.0,0.0,0.0,0.0,0.0,0.0,0.0,1.0,0.0,0.0,1.0,0.0,0.0
Uttarakhand,2007.0,Indecent Representation of Women (Prohibition) Act,10. Indecent Representation of Women(Prohibition) Act,1986.0,0.0,0.0,0.0,0.0,0.0,0.0,0.0,0.0,0.0,0.0,0.0,0.0,0.0,0.0,0.0,0.0,0.0
West Bengal,2007.0,Indecent Representation of Women (Prohibition) Act,10. Indecent Representation of Women(Prohibition) Act,1986.0,0.0,0.0,7.0,0.0,1.0,0.0,7.0,0.0,9.0,6.0,29.0,23.0,10.0,7.0,1.0,0.0,0.0
Andaman & Nicobar Islands,2008.0,Indecent Representation of Women (Prohibition) Act,10. Indecent Representation of Women(Prohibition) Act,1986.0,0.0,0.0,0.0,0.0,0.0,0.0,0.0,0.0,0.0,0.0,0.0,0.0,0.0,0.0,0.0,0.0,0.0
Andhra Pradesh,2008.0,Indecent Representation of Women (Prohibition) Act,10. Indecent Representation of Women(Prohibition) Act,1986.0,103.0,1.0,885.0,0.0,846.0,12.0,886.0,0.0,6.0,15.0,95.0,159.0,889.0,885.0,949.0,0.0,0.0
Arunachal Pradesh,2008.0,Indecent Representation of Women (Prohibition) Act,10. Indecent Representation of Women(Prohibition) Act,1986.0,0.0,0.0,0.0,0.0,0.0,0.0,0.0,0.0,0.0,0.0,0.0,0.0,0.0,0.0,0.0,0.0,0.0
Assam,2008.0,Indecent Representation of Women (Prohibition) Act,10. Indecent Representation of Women(Prohibition) Act,1986.0,0.0,0.0,0.0,0.0,0.0,0.0,0.0,0.0,2.0,0.0,0.0,0.0,2.0,0.0,0.0,0.0,0.0
Bihar,2008.0,Indecent Representation of Women (Prohibition) Act,10. Indecent Representation of Women(Prohibition) Act,1986.0,0.0,0.0,0.0,0.0,0.0,0.0,0.0,0.0,0.0,0.0,48.0,48.0,0.0,0.0,0.0,0.0,0.0
Chandigarh,2008.0,Indecent Representation of Women (Prohibition) Act,10. Indecent Representation of Women(Prohibition) Act,1986.0,0.0,0.0,0.0,0.0,0.0,0.0,0.0,0.0,1.0,1.0,1.0,1.0,0.0,0.0,0.0,0.0,0.0
Chhattisgarh,2008.0,Indecent Representation of Women (Prohibition) Act,10. Indecent Representation of Women(Prohibition) Act,1986.0,0.0,0.0,0.0,0.0,0.0,0.0,0.0,0.0,0.0,0.0,0.0,0.0,0.0,0.0,0.0,0.0,0.0
Dadra & Nagar Haveli,2008.0,Indecent Representation of Women (Prohibition) Act,10. Indecent Representation of Women(Prohibition) Act,1986.0,0.0,0.0,0.0,0.0,0.0,0.0,0.0,0.0,0.0,0.0,0.0,0.0,0.0,0.0,0.0,0.0,0.0
Daman & Diu,2008.0,Indecent Representation of Women (Prohibition) Act,10. Indecent Representation of Women(Prohibition) Act,1986.0,0.0,0.0,0.0,0.0,0.0,0.0,0.0,0.0,0.0,0.0,0.0,0.0,0.0,0.0,0.0,0.0,0.0
Delhi,2008.0,Indecent Representation of Women (Prohibition) Act,10. Indecent Representation of Women(Prohibition) Act,1986.0,0.0,0.0,0.0,0.0,0.0,0.0,0.0,0.0,7.0,7.0,7.0,7.0,0.0,0.0,0.0,0.0,0.0
Goa,2008.0,Indecent Representation of Women (Prohibition) Act,10. Indecent Representation of Women(Prohibition) Act,1986.0,0.0,0.0,0.0,0.0,0.0,0.0,0.0,0.0,0.0,0.0,0.0,0.0,0.0,0.0,0.0,0.0,0.0
Gujarat,2008.0,Indecent Representation of Women (Prohibition) Act,10. Indecent Representation of Women(Prohibition) Act,1986.0,1.0,0.0,0.0,0.0,0.0,0.0,0.0,0.0,0.0,0.0,78.0,79.0,0.0,0.0,1.0,0.0,0.0
Haryana,2008.0,Indecent Representation of Women (Prohibition) Act,10. Indecent Representation of Women(Prohibition) Act,1986.0,0.0,0.0,0.0,0.0,0.0,0.0,0.0,0.0,0.0,0.0,0.0,0.0,0.0,0.0,0.0,0.0,0.0
Himachal Pradesh,2008.0,Indecent Representation of Women (Prohibition) Act,10. Indecent Representation of Women(Prohibition) Act,1986.0,0.0,0.0,0.0,0.0,0.0,0.0,0.0,0.0,0.0,0.0,0.0,0.0,0.0,0.0,0.0,0.0,0.0
Jammu & Kashmir,2008.0,Indecent Representation of Women (Prohibition) Act,10. Indecent Representation of Women(Prohibition) Act,1986.0,0.0,0.0,0.0,0.0,0.0,0.0,0.0,0.0,0.0,0.0,0.0,0.0,0.0,0.0,0.0,0.0,0.0
Jharkhand,2008.0,Indecent Representation of Women (Prohibition) Act,10. Indecent Representation of Women(Prohibition) Act,1986.0,0.0,0.0,0.0,0.0,0.0,1.0,0.0,0.0,0.0,1.0,0.0,0.0,0.0,0.0,0.0,0.0,0.0
Karnataka,2008.0,Indecent Representation of Women (Prohibition) Act,10. Indecent Representation of Women(Prohibition) Act,1986.0,0.0,0.0,0.0,0.0,0.0,0.0,0.0,0.0,0.0,0.0,0.0,0.0,0.0,0.0,0.0,0.0,0.0
Kerala,2008.0,Indecent Representation of Women (Prohibition) Act,10. Indecent Representation of Women(Prohibition) Act,1986.0,23.0,0.0,24.0,1.0,7.0,1.0,24.0,0.0,12.0,18.0,129.0,136.0,19.0,24.0,30.0,0.0,0.0
Lakshadweep,2008.0,Indecent Representation of Women (Prohibition) Act,10. Indecent Representation of Women(Prohibition) Act,1986.0,0.0,0.0,0.0,0.0,0.0,0.0,0.0,0.0,0.0,0.0,0.0,0.0,0.0,0.0,0.0,0.0,0.0
Madhya Pradesh,2008.0,Indecent Representation of Women (Prohibition) Act,10. Indecent Representation of Women(Prohibition) Act,1986.0,1.0,0.0,0.0,0.0,0.0,0.0,0.0,0.0,0.0,0.0,0.0,1.0,0.0,0.0,1.0,0.0,0.0
Maharashtra,2008.0,Indecent Representation of Women (Prohibition) Act,10. Indecent Representation of Women(Prohibition) Act,1986.0,7.0,0.0,1.0,0.0,0.0,0.0,1.0,0.0,1.0,1.0,62.0,68.0,1.0,1.0,7.0,0.0,0.0
Manipur,2008.0,Indecent Representation of Women (Prohibition) Act,10. Indecent Representation of Women(Prohibition) Act,1986.0,0.0,0.0,0.0,0.0,0.0,0.0,0.0,0.0,0.0,0.0,0.0,0.0,0.0,0.0,0.0,0.0,0.0
Meghalaya,2008.0,Indecent Representation of Women (Prohibition) Act,10. Indecent Representation of Women(Prohibition) Act,1986.0,0.0,0.0,0.0,0.0,0.0,0.0,0.0,0.0,0.0,0.0,0.0,0.0,0.0,0.0,0.0,0.0,0.0
Mizoram,2008.0,Indecent Representation of Women (Prohibition) Act,10. Indecent Representation of Women(Prohibition) Act,1986.0,0.0,0.0,0.0,0.0,0.0,0.0,0.0,0.0,0.0,0.0,0.0,0.0,0.0,0.0,0.0,0.0,0.0
Nagaland,2008.0,Indecent Representation of Women (Prohibition) Act,10. Indecent Representation of Women(Prohibition) Act,1986.0,0.0,0.0,0.0,0.0,0.0,0.0,0.0,0.0,0.0,0.0,0.0,0.0,0.0,0.0,0.0,0.0,0.0
Odisha,2008.0,Indecent Representation of Women (Prohibition) Act,10. Indecent Representation of Women(Prohibition) Act,1986.0,0.0,0.0,0.0,0.0,0.0,0.0,0.0,0.0,1.0,1.0,2.0,2.0,0.0,0.0,0.0,0.0,0.0
Puducherry,2008.0,Indecent Representation of Women (Prohibition) Act,10. Indecent Representation of Women(Prohibition) Act,1986.0,0.0,0.0,0.0,0.0,0.0,0.0,0.0,0.0,0.0,0.0,0.0,0.0,0.0,0.0,0.0,0.0,0.0
Punjab,2008.0,Indecent Representation of Women (Prohibition) Act,10. Indecent Representation of Women(Prohibition) Act,1986.0,0.0,0.0,0.0,0.0,0.0,0.0,0.0,0.0,0.0,0.0,4.0,4.0,0.0,0.0,0.0,0.0,0.0
Rajasthan,2008.0,Indecent Representation of Women (Prohibition) Act,10. Indecent Representation of Women(Prohibition) Act,1986.0,9.0,0.0,106.0,0.0,43.0,0.0,106.0,0.0,1.0,0.0,487.0,433.0,107.0,106.0,52.0,0.0,0.0
Sikkim,2008.0,Indecent Representation of Women (Prohibition) Act,10. Indecent Representation of Women(Prohibition) Act,1986.0,0.0,0.0,0.0,0.0,0.0,0.0,0.0,0.0,0.0,0.0,0.0,0.0,0.0,0.0,0.0,0.0,0.0
Tamil Nadu,2008.0,Indecent Representation of Women (Prohibition) Act,10. Indecent Representation of Women(Prohibition) Act,1986.0,15.0,0.0,6.0,0.0,12.0,0.0,6.0,0.0,2.0,4.0,24.0,45.0,4.0,6.0,27.0,0.0,0.0
Tripura,2008.0,Indecent Representation of Women (Prohibition) Act,10. Indecent Representation of Women(Prohibition) Act,1986.0,0.0,0.0,0.0,0.0,0.0,0.0,0.0,0.0,0.0,0.0,0.0,0.0,0.0,0.0,0.0,0.0,0.0
Uttar Pradesh,2008.0,Indecent Representation of Women (Prohibition) Act,10. Indecent Representation of Women(Prohibition) Act,1986.0,0.0,0.0,0.0,0.0,0.0,0.0,0.0,0.0,0.0,0.0,0.0,0.0,0.0,0.0,0.0,0.0,0.0
Uttarakhand,2008.0,Indecent Representation of Women (Prohibition) Act,10. Indecent Representation of Women(Prohibition) Act,1986.0,0.0,0.0,0.0,0.0,0.0,0.0,0.0,0.0,0.0,0.0,0.0,0.0,0.0,0.0,0.0,0.0,0.0
West Bengal,2008.0,Indecent Representation of Women (Prohibition) Act,10. Indecent Representation of Women(Prohibition) Act,1986.0,1.0,0.0,5.0,0.0,0.0,0.0,5.0,0.0,7.0,9.0,33.0,29.0,3.0,5.0,1.0,0.0,0.0
Andaman & Nicobar Islands,2009.0,Indecent Representation of Women (Prohibition) Act,10. Indecent Representation of Women(Prohibition) Act,1986.0,0.0,0.0,0.0,0.0,0.0,0.0,0.0,0.0,0.0,0.0,0.0,0.0,0.0,0.0,0.0,0.0,0.0
Andhra Pradesh,2009.0,Indecent Representation of Women (Prohibition) Act,10. Indecent Representation of Women(Prohibition) Act,1986.0,14.0,0.0,703.0,0.0,733.0,1.0,703.0,0.0,6.0,6.0,51.0,95.0,704.0,703.0,747.0,0.0,0.0
Arunachal Pradesh,2009.0,Indecent Representation of Women (Prohibition) Act,10. Indecent Representation of Women(Prohibition) Act,1986.0,0.0,0.0,0.0,0.0,0.0,0.0,0.0,0.0,0.0,0.0,0.0,0.0,0.0,0.0,0.0,0.0,0.0
Assam,2009.0,Indecent Representation of Women (Prohibition) Act,10. Indecent Representation of Women(Prohibition) Act,1986.0,0.0,0.0,0.0,0.0,0.0,0.0,0.0,0.0,2.0,2.0,0.0,0.0,0.0,0.0,0.0,0.0,0.0
Bihar,2009.0,Indecent Representation of Women (Prohibition) Act,10. Indecent Representation of Women(Prohibition) Act,1986.0,0.0,0.0,0.0,0.0,0.0,0.0,0.0,0.0,0.0,0.0,48.0,48.0,0.0,0.0,0.0,0.0,0.0
Chandigarh,2009.0,Indecent Representation of Women (Prohibition) Act,10. Indecent Representation of Women(Prohibition) Act,1986.0,0.0,0.0,0.0,0.0,0.0,0.0,0.0,0.0,1.0,1.0,1.0,1.0,0.0,0.0,0.0,0.0,0.0
Chhattisgarh,2009.0,Indecent Representation of Women (Prohibition) Act,10. Indecent Representation of Women(Prohibition) Act,1986.0,0.0,0.0,1.0,0.0,0.0,0.0,1.0,0.0,0.0,0.0,1.0,0.0,1.0,1.0,0.0,0.0,0.0
Dadra & Nagar Haveli,2009.0,Indecent Representation of Women (Prohibition) Act,10. Indecent Representation of Women(Prohibition) Act,1986.0,0.0,0.0,0.0,0.0,0.0,0.0,0.0,0.0,0.0,0.0,0.0,0.0,0.0,0.0,0.0,0.0,0.0
Daman & Diu,2009.0,Indecent Representation of Women (Prohibition) Act,10. Indecent Representation of Women(Prohibition) Act,1986.0,0.0,0.0,0.0,0.0,0.0,0.0,0.0,0.0,0.0,0.0,0.0,0.0,0.0,0.0,0.0,0.0,0.0
Delhi,2009.0,Indecent Representation of Women (Prohibition) Act,10. Indecent Representation of Women(Prohibition) Act,1986.0,0.0,0.0,0.0,0.0,0.0,0.0,0.0,0.0,7.0,7.0,7.0,7.0,0.0,0.0,0.0,0.0,0.0
Goa,2009.0,Indecent Representation of Women (Prohibition) Act,10. Indecent Representation of Women(Prohibition) Act,1986.0,0.0,0.0,0.0,0.0,0.0,0.0,0.0,0.0,1.0,0.0,0.0,0.0,1.0,0.0,0.0,0.0,0.0
Gujarat,2009.0,Indecent Representation of Women (Prohibition) Act,10. Indecent Representation of Women(Prohibition) Act,1986.0,0.0,0.0,0.0,0.0,1.0,0.0,0.0,0.0,0.0,0.0,77.0,78.0,0.0,0.0,1.0,0.0,0.0
Haryana,2009.0,Indecent Representation of Women (Prohibition) Act,10. Indecent Representation of Women(Prohibition) Act,1986.0,0.0,0.0,0.0,0.0,0.0,0.0,0.0,0.0,0.0,0.0,0.0,0.0,0.0,0.0,0.0,0.0,0.0
Himachal Pradesh,2009.0,Indecent Representation of Women (Prohibition) Act,10. Indecent Representation of Women(Prohibition) Act,1986.0,0.0,0.0,0.0,0.0,0.0,0.0,0.0,0.0,0.0,0.0,0.0,0.0,0.0,0.0,0.0,0.0,0.0
Jammu & Kashmir,2009.0,Indecent Representation of Women (Prohibition) Act,10. Indecent Representation of Women(Prohibition) Act,1986.0,0.0,0.0,2.0,0.0,0.0,0.0,2.0,0.0,0.0,0.0,2.0,0.0,2.0,2.0,0.0,0.0,0.0
Jharkhand,2009.0,Indecent Representation of Women (Prohibition) Act,10. Indecent Representation of Women(Prohibition) Act,1986.0,0.0,0.0,0.0,0.0,0.0,0.0,0.0,0.0,0.0,0.0,0.0,0.0,0.0,0.0,0.0,0.0,0.0
Karnataka,2009.0,Indecent Representation of Women (Prohibition) Act,10. Indecent Representation of Women(Prohibition) Act,1986.0,0.0,0.0,0.0,0.0,0.0,0.0,0.0,0.0,1.0,0.0,0.0,0.0,1.0,0.0,0.0,0.0,0.0
Kerala,2009.0,Indecent Representation of Women (Prohibition) Act,10. Indecent Representation of Women(Prohibition) Act,1986.0,24.0,0.0,24.0,0.0,14.0,0.0,24.0,0.0,12.0,12.0,115.0,129.0,24.0,24.0,38.0,0.0,0.0
Lakshadweep,2009.0,Indecent Representation of Women (Prohibition) Act,10. Indecent Representation of Women(Prohibition) Act,1986.0,0.0,0.0,0.0,0.0,0.0,0.0,0.0,0.0,0.0,0.0,0.0,0.0,0.0,0.0,0.0,0.0,0.0
Madhya Pradesh,2009.0,Indecent Representation of Women (Prohibition) Act,10. Indecent Representation of Women(Prohibition) Act,1986.0,0.0,0.0,1.0,0.0,0.0,0.0,1.0,0.0,0.0,0.0,1.0,0.0,1.0,1.0,0.0,0.0,0.0
Maharashtra,2009.0,Indecent Representation of Women (Prohibition) Act,10. Indecent Representation of Women(Prohibition) Act,1986.0,9.0,0.0,2.0,0.0,0.0,0.0,2.0,0.0,0.0,1.0,55.0,62.0,1.0,2.0,9.0,0.0,0.0
Manipur,2009.0,Indecent Representation of Women (Prohibition) Act,10. Indecent Representation of Women(Prohibition) Act,1986.0,0.0,0.0,0.0,0.0,0.0,0.0,0.0,0.0,0.0,0.0,0.0,0.0,0.0,0.0,0.0,0.0,0.0
Meghalaya,2009.0,Indecent Representation of Women (Prohibition) Act,10. Indecent Representation of Women(Prohibition) Act,1986.0,0.0,0.0,0.0,0.0,0.0,0.0,0.0,0.0,0.0,0.0,0.0,0.0,0.0,0.0,0.0,0.0,0.0
Mizoram,2009.0,Indecent Representation of Women (Prohibition) Act,10. Indecent Representation of Women(Prohibition) Act,1986.0,0.0,0.0,0.0,0.0,0.0,0.0,0.0,0.0,0.0,0.0,0.0,0.0,0.0,0.0,0.0,0.0,0.0
Nagaland,2009.0,Indecent Representation of Women (Prohibition) Act,10. Indecent Representation of Women(Prohibition) Act,1986.0,0.0,0.0,0.0,0.0,0.0,0.0,0.0,0.0,0.0,0.0,0.0,0.0,0.0,0.0,0.0,0.0,0.0
Odisha,2009.0,Indecent Representation of Women (Prohibition) Act,10. Indecent Representation of Women(Prohibition) Act,1986.0,0.0,0.0,0.0,0.0,0.0,0.0,0.0,0.0,1.0,1.0,2.0,2.0,0.0,0.0,0.0,0.0,0.0
Puducherry,2009.0,Indecent Representation of Women (Prohibition) Act,10. Indecent Representation of Women(Prohibition) Act,1986.0,0.0,0.0,0.0,0.0,0.0,0.0,0.0,0.0,0.0,0.0,0.0,0.0,0.0,0.0,0.0,0.0,0.0
Punjab,2009.0,Indecent Representation of Women (Prohibition) Act,10. Indecent Representation of Women(Prohibition) Act,1986.0,0.0,0.0,0.0,0.0,0.0,0.0,0.0,0.0,0.0,0.0,4.0,4.0,0.0,0.0,0.0,0.0,0.0
Rajasthan,2009.0,Indecent Representation of Women (Prohibition) Act,10. Indecent Representation of Women(Prohibition) Act,1986.0,10.0,1.0,103.0,0.0,34.0,2.0,104.0,0.0,1.0,1.0,546.0,487.0,106.0,103.0,44.0,0.0,0.0
Sikkim,2009.0,Indecent Representation of Women (Prohibition) Act,10. Indecent Representation of Women(Prohibition) Act,1986.0,0.0,0.0,0.0,0.0,0.0,0.0,0.0,0.0,0.0,0.0,0.0,0.0,0.0,0.0,0.0,0.0,0.0
Tamil Nadu,2009.0,Indecent Representation of Women (Prohibition) Act,10. Indecent Representation of Women(Prohibition) Act,1986.0,13.0,3.0,1.0,0.0,3.0,0.0,4.0,0.0,0.0,2.0,9.0,24.0,2.0,1.0,16.0,0.0,0.0
Tripura,2009.0,Indecent Representation of Women (Prohibition) Act,10. Indecent Representation of Women(Prohibition) Act,1986.0,0.0,0.0,0.0,0.0,0.0,0.0,0.0,0.0,0.0,0.0,0.0,0.0,0.0,0.0,0.0,0.0,0.0
Uttar Pradesh,2009.0,Indecent Representation of Women (Prohibition) Act,10. Indecent Representation of Women(Prohibition) Act,1986.0,0.0,0.0,0.0,0.0,0.0,0.0,0.0,0.0,0.0,0.0,0.0,0.0,0.0,0.0,0.0,0.0,0.0
Uttarakhand,2009.0,Indecent Representation of Women (Prohibition) Act,10. Indecent Representation of Women(Prohibition) Act,1986.0,0.0,0.0,0.0,0.0,0.0,0.0,0.0,0.0,0.0,0.0,0.0,0.0,0.0,0.0,0.0,0.0,0.0
West Bengal,2009.0,Indecent Representation of Women (Prohibition) Act,10. Indecent Representation of Women(Prohibition) Act,1986.0,4.0,0.0,2.0,0.0,1.0,0.0,2.0,0.0,7.0,7.0,30.0,33.0,2.0,2.0,5.0,0.0,0.0
Andaman & Nicobar Islands,2010.0,Indecent Representation of Women (Prohibition) Act,10. Indecent Representation of Women(Prohibition) Act,1986.0,0.0,0.0,0.0,0.0,0.0,0.0,0.0,0.0,0.0,0.0,0.0,0.0,0.0,0.0,0.0,0.0,0.0
Andhra Pradesh,2010.0,Indecent Representation of Women (Prohibition) Act,10. Indecent Representation of Women(Prohibition) Act,1986.0,15.0,0.0,752.0,0.0,745.0,1.0,752.0,0.0,6.0,6.0,43.0,51.0,753.0,752.0,760.0,0.0,0.0
Arunachal Pradesh,2010.0,Indecent Representation of Women (Prohibition) Act,10. Indecent Representation of Women(Prohibition) Act,1986.0,0.0,0.0,0.0,0.0,0.0,0.0,0.0,0.0,0.0,0.0,0.0,0.0,0.0,0.0,0.0,0.0,0.0
Assam,2010.0,Indecent Representation of Women (Prohibition) Act,10. Indecent Representation of Women(Prohibition) Act,1986.0,0.0,0.0,0.0,0.0,0.0,0.0,0.0,0.0,2.0,2.0,0.0,0.0,0.0,0.0,0.0,0.0,0.0
Bihar,2010.0,Indecent Representation of Women (Prohibition) Act,10. Indecent Representation of Women(Prohibition) Act,1986.0,0.0,0.0,0.0,0.0,0.0,0.0,0.0,0.0,0.0,0.0,48.0,48.0,0.0,0.0,0.0,0.0,0.0
Chandigarh,2010.0,Indecent Representation of Women (Prohibition) Act,10. Indecent Representation of Women(Prohibition) Act,1986.0,0.0,0.0,0.0,0.0,0.0,0.0,0.0,0.0,1.0,1.0,1.0,1.0,0.0,0.0,0.0,0.0,0.0
Chhattisgarh,2010.0,Indecent Representation of Women (Prohibition) Act,10. Indecent Representation of Women(Prohibition) Act,1986.0,0.0,0.0,1.0,0.0,1.0,0.0,1.0,0.0,0.0,0.0,1.0,1.0,1.0,1.0,1.0,0.0,0.0
Dadra & Nagar Haveli,2010.0,Indecent Representation of Women (Prohibition) Act,10. Indecent Representation of Women(Prohibition) Act,1986.0,0.0,0.0,0.0,0.0,0.0,0.0,0.0,0.0,0.0,0.0,0.0,0.0,0.0,0.0,0.0,0.0,0.0
Daman & Diu,2010.0,Indecent Representation of Women (Prohibition) Act,10. Indecent Representation of Women(Prohibition) Act,1986.0,0.0,0.0,0.0,0.0,0.0,0.0,0.0,0.0,0.0,0.0,0.0,0.0,0.0,0.0,0.0,0.0,0.0
Delhi,2010.0,Indecent Representation of Women (Prohibition) Act,10. Indecent Representation of Women(Prohibition) Act,1986.0,0.0,0.0,0.0,0.0,0.0,0.0,0.0,0.0,7.0,7.0,7.0,7.0,0.0,0.0,0.0,0.0,0.0
Goa,2010.0,Indecent Representation of Women (Prohibition) Act,10. Indecent Representation of Women(Prohibition) Act,1986.0,0.0,0.0,0.0,0.0,0.0,0.0,0.0,0.0,1.0,1.0,0.0,0.0,0.0,0.0,0.0,0.0,0.0
Gujarat,2010.0,Indecent Representation of Women (Prohibition) Act,10. Indecent Representation of Women(Prohibition) Act,1986.0,0.0,0.0,0.0,0.0,0.0,0.0,0.0,0.0,0.0,0.0,77.0,77.0,0.0,0.0,0.0,0.0,0.0
Haryana,2010.0,Indecent Representation of Women (Prohibition) Act,10. Indecent Representation of Women(Prohibition) Act,1986.0,0.0,0.0,0.0,0.0,0.0,0.0,0.0,0.0,0.0,0.0,0.0,0.0,0.0,0.0,0.0,0.0,0.0
Himachal Pradesh,2010.0,Indecent Representation of Women (Prohibition) Act,10. Indecent Representation of Women(Prohibition) Act,1986.0,0.0,0.0,0.0,0.0,0.0,0.0,0.0,0.0,0.0,0.0,0.0,0.0,0.0,0.0,0.0,0.0,0.0
Jammu & Kashmir,2010.0,Indecent Representation of Women (Prohibition) Act,10. Indecent Representation of Women(Prohibition) Act,1986.0,0.0,0.0,0.0,0.0,0.0,0.0,0.0,0.0,0.0,0.0,2.0,2.0,0.0,0.0,0.0,0.0,0.0
Jharkhand,2010.0,Indecent Representation of Women (Prohibition) Act,10. Indecent Representation of Women(Prohibition) Act,1986.0,0.0,0.0,3.0,0.0,0.0,0.0,3.0,0.0,3.0,0.0,3.0,0.0,6.0,3.0,0.0,0.0,0.0
Karnataka,2010.0,Indecent Representation of Women (Prohibition) Act,10. Indecent Representation of Women(Prohibition) Act,1986.0,0.0,0.0,0.0,0.0,0.0,0.0,0.0,0.0,1.0,1.0,0.0,0.0,0.0,0.0,0.0,0.0,0.0
Kerala,2010.0,Indecent Representation of Women (Prohibition) Act,10. Indecent Representation of Women(Prohibition) Act,1986.0,24.0,1.0,38.0,0.0,5.0,0.0,39.0,0.0,10.0,12.0,124.0,115.0,37.0,38.0,29.0,0.0,0.0
Lakshadweep,2010.0,Indecent Representation of Women (Prohibition) Act,10. Indecent Representation of Women(Prohibition) Act,1986.0,0.0,0.0,1.0,0.0,0.0,0.0,1.0,0.0,0.0,0.0,1.0,0.0,1.0,1.0,0.0,0.0,0.0
Madhya Pradesh,2010.0,Indecent Representation of Women (Prohibition) Act,10. Indecent Representation of Women(Prohibition) Act,1986.0,1.0,0.0,0.0,0.0,0.0,0.0,0.0,0.0,0.0,0.0,0.0,1.0,0.0,0.0,1.0,0.0,0.0
Maharashtra,2010.0,Indecent Representation of Women (Prohibition) Act,10. Indecent Representation of Women(Prohibition) Act,1986.0,0.0,0.0,0.0,0.0,0.0,0.0,0.0,0.0,0.0,0.0,55.0,55.0,0.0,0.0,0.0,0.0,0.0
Manipur,2010.0,Indecent Representation of Women (Prohibition) Act,10. Indecent Representation of Women(Prohibition) Act,1986.0,0.0,0.0,0.0,0.0,0.0,0.0,0.0,0.0,0.0,0.0,0.0,0.0,0.0,0.0,0.0,0.0,0.0
Meghalaya,2010.0,Indecent Representation of Women (Prohibition) Act,10. Indecent Representation of Women(Prohibition) Act,1986.0,0.0,0.0,0.0,0.0,0.0,0.0,0.0,0.0,0.0,0.0,0.0,0.0,0.0,0.0,0.0,0.0,0.0
Mizoram,2010.0,Indecent Representation of Women (Prohibition) Act,10. Indecent Representation of Women(Prohibition) Act,1986.0,0.0,0.0,0.0,0.0,0.0,0.0,0.0,0.0,0.0,0.0,0.0,0.0,0.0,0.0,0.0,0.0,0.0
Nagaland,2010.0,Indecent Representation of Women (Prohibition) Act,10. Indecent Representation of Women(Prohibition) Act,1986.0,0.0,0.0,0.0,0.0,0.0,0.0,0.0,0.0,0.0,0.0,0.0,0.0,0.0,0.0,0.0,0.0,0.0
Odisha,2010.0,Indecent Representation of Women (Prohibition) Act,10. Indecent Representation of Women(Prohibition) Act,1986.0,0.0,0.0,0.0,0.0,0.0,0.0,0.0,0.0,1.0,1.0,2.0,2.0,0.0,0.0,0.0,0.0,0.0
Puducherry,2010.0,Indecent Representation of Women (Prohibition) Act,10. Indecent Representation of Women(Prohibition) Act,1986.0,0.0,0.0,0.0,0.0,0.0,0.0,0.0,0.0,0.0,0.0,0.0,0.0,0.0,0.0,0.0,0.0,0.0
Punjab,2010.0,Indecent Representation of Women (Prohibition) Act,10. Indecent Representation of Women(Prohibition) Act,1986.0,0.0,0.0,0.0,0.0,0.0,0.0,0.0,0.0,0.0,0.0,4.0,4.0,0.0,0.0,0.0,0.0,0.0
Rajasthan,2010.0,Indecent Representation of Women (Prohibition) Act,10. Indecent Representation of Women(Prohibition) Act,1986.0,15.0,1.0,79.0,0.0,25.0,0.0,80.0,0.0,1.0,1.0,585.0,546.0,80.0,79.0,40.0,0.0,0.0
Sikkim,2010.0,Indecent Representation of Women (Prohibition) Act,10. Indecent Representation of Women(Prohibition) Act,1986.0,0.0,0.0,0.0,0.0,0.0,0.0,0.0,0.0,0.0,0.0,0.0,0.0,0.0,0.0,0.0,0.0,0.0
Tamil Nadu,2010.0,Indecent Representation of Women (Prohibition) Act,10. Indecent Representation of Women(Prohibition) Act,1986.0,0.0,0.0,5.0,0.0,3.0,0.0,5.0,0.0,9.0,0.0,11.0,9.0,14.0,5.0,3.0,0.0,0.0
Tripura,2010.0,Indecent Representation of Women (Prohibition) Act,10. Indecent Representation of Women(Prohibition) Act,1986.0,0.0,0.0,0.0,0.0,0.0,0.0,0.0,0.0,0.0,0.0,0.0,0.0,0.0,0.0,0.0,0.0,0.0
Uttar Pradesh,2010.0,Indecent Representation of Women (Prohibition) Act,10. Indecent Representation of Women(Prohibition) Act,1986.0,0.0,0.0,0.0,0.0,0.0,0.0,0.0,0.0,1.0,0.0,0.0,0.0,1.0,0.0,0.0,0.0,0.0
Uttarakhand,2010.0,Indecent Representation of Women (Prohibition) Act,10. Indecent Representation of Women(Prohibition) Act,1986.0,0.0,0.0,0.0,0.0,0.0,0.0,0.0,0.0,0.0,0.0,0.0,0.0,0.0,0.0,0.0,0.0,0.0
West Bengal,2010.0,Indecent Representation of Women (Prohibition) Act,10. Indecent Representation of Women(Prohibition) Act,1986.0,3.0,0.0,2.0,0.0,0.0,0.0,2.0,0.0,7.0,7.0,29.0,30.0,2.0,2.0,3.0,0.0,0.0
Andaman & Nicobar Islands,2001.0,Sati Prevention Act,11. Sati Prevention Act,1987.0,0.0,0.0,0.0,0.0,0.0,0.0,0.0,0.0,0.0,0.0,0.0,0.0,0.0,0.0,0.0,0.0,0.0
Andhra Pradesh,2001.0,Sati Prevention Act,11. Sati Prevention Act,1987.0,0.0,0.0,0.0,0.0,0.0,0.0,0.0,0.0,0.0,0.0,0.0,0.0,0.0,0.0,0.0,0.0,0.0
Arunachal Pradesh,2001.0,Sati Prevention Act,11. Sati Prevention Act,1987.0,0.0,0.0,0.0,0.0,0.0,0.0,0.0,0.0,0.0,0.0,0.0,0.0,0.0,0.0,0.0,0.0,0.0
Assam,2001.0,Sati Prevention Act,11. Sati Prevention Act,1987.0,0.0,0.0,0.0,0.0,0.0,0.0,0.0,0.0,0.0,0.0,0.0,0.0,0.0,0.0,0.0,0.0,0.0
Bihar,2001.0,Sati Prevention Act,11. Sati Prevention Act,1987.0,0.0,0.0,0.0,0.0,0.0,0.0,0.0,0.0,0.0,0.0,0.0,0.0,0.0,0.0,0.0,0.0,0.0
Chandigarh,2001.0,Sati Prevention Act,11. Sati Prevention Act,1987.0,0.0,0.0,0.0,0.0,0.0,0.0,0.0,0.0,0.0,0.0,0.0,0.0,0.0,0.0,0.0,0.0,0.0
Chhattisgarh,2001.0,Sati Prevention Act,11. Sati Prevention Act,1987.0,0.0,0.0,0.0,0.0,0.0,0.0,0.0,0.0,0.0,0.0,0.0,0.0,0.0,0.0,0.0,0.0,0.0
Dadra & Nagar Haveli,2001.0,Sati Prevention Act,11. Sati Prevention Act,1987.0,0.0,0.0,0.0,0.0,0.0,0.0,0.0,0.0,0.0,0.0,0.0,0.0,0.0,0.0,0.0,0.0,0.0
Daman & Diu,2001.0,Sati Prevention Act,11. Sati Prevention Act,1987.0,0.0,0.0,0.0,0.0,0.0,0.0,0.0,0.0,0.0,0.0,0.0,0.0,0.0,0.0,0.0,0.0,0.0
Delhi,2001.0,Sati Prevention Act,11. Sati Prevention Act,1987.0,0.0,0.0,0.0,0.0,0.0,0.0,0.0,0.0,0.0,0.0,0.0,0.0,0.0,0.0,0.0,0.0,0.0
Goa,2001.0,Sati Prevention Act,11. Sati Prevention Act,1987.0,0.0,0.0,0.0,0.0,0.0,0.0,0.0,0.0,0.0,0.0,0.0,0.0,0.0,0.0,0.0,0.0,0.0
Gujarat,2001.0,Sati Prevention Act,11. Sati Prevention Act,1987.0,0.0,0.0,0.0,0.0,0.0,0.0,0.0,0.0,0.0,0.0,0.0,0.0,0.0,0.0,0.0,0.0,0.0
Haryana,2001.0,Sati Prevention Act,11. Sati Prevention Act,1987.0,0.0,0.0,0.0,0.0,0.0,0.0,0.0,0.0,0.0,0.0,0.0,0.0,0.0,0.0,0.0,0.0,0.0
Himachal Pradesh,2001.0,Sati Prevention Act,11. Sati Prevention Act,1987.0,0.0,0.0,0.0,0.0,0.0,0.0,0.0,0.0,0.0,0.0,0.0,0.0,0.0,0.0,0.0,0.0,0.0
Jammu & Kashmir,2001.0,Sati Prevention Act,11. Sati Prevention Act,1987.0,0.0,0.0,0.0,0.0,0.0,0.0,0.0,0.0,0.0,0.0,0.0,0.0,0.0,0.0,0.0,0.0,0.0
Jharkhand,2001.0,Sati Prevention Act,11. Sati Prevention Act,1987.0,0.0,0.0,0.0,0.0,0.0,0.0,0.0,0.0,0.0,0.0,0.0,0.0,0.0,0.0,0.0,0.0,0.0
Karnataka,2001.0,Sati Prevention Act,11. Sati Prevention Act,1987.0,0.0,0.0,0.0,0.0,0.0,0.0,0.0,0.0,0.0,0.0,0.0,0.0,0.0,0.0,0.0,0.0,0.0
Kerala,2001.0,Sati Prevention Act,11. Sati Prevention Act,1987.0,0.0,0.0,0.0,0.0,0.0,0.0,0.0,0.0,0.0,0.0,0.0,0.0,0.0,0.0,0.0,0.0,0.0
Lakshadweep,2001.0,Sati Prevention Act,11. Sati Prevention Act,1987.0,0.0,0.0,0.0,0.0,0.0,0.0,0.0,0.0,0.0,0.0,0.0,0.0,0.0,0.0,0.0,0.0,0.0
Madhya Pradesh,2001.0,Sati Prevention Act,11. Sati Prevention Act,1987.0,0.0,0.0,0.0,0.0,0.0,0.0,0.0,0.0,0.0,0.0,0.0,0.0,0.0,0.0,0.0,0.0,0.0
Maharashtra,2001.0,Sati Prevention Act,11. Sati Prevention Act,1987.0,0.0,0.0,0.0,0.0,0.0,0.0,0.0,0.0,0.0,0.0,0.0,0.0,0.0,0.0,0.0,0.0,0.0
Manipur,2001.0,Sati Prevention Act,11. Sati Prevention Act,1987.0,0.0,0.0,0.0,0.0,0.0,0.0,0.0,0.0,0.0,0.0,0.0,0.0,0.0,0.0,0.0,0.0,0.0
Meghalaya,2001.0,Sati Prevention Act,11. Sati Prevention Act,1987.0,0.0,0.0,0.0,0.0,0.0,0.0,0.0,0.0,0.0,0.0,0.0,0.0,0.0,0.0,0.0,0.0,0.0
Mizoram,2001.0,Sati Prevention Act,11. Sati Prevention Act,1987.0,0.0,0.0,0.0,0.0,0.0,0.0,0.0,0.0,0.0,0.0,0.0,0.0,0.0,0.0,0.0,0.0,0.0
Nagaland,2001.0,Sati Prevention Act,11. Sati Prevention Act,1987.0,0.0,0.0,0.0,0.0,0.0,0.0,0.0,0.0,0.0,0.0,0.0,0.0,0.0,0.0,0.0,0.0,0.0
Odisha,2001.0,Sati Prevention Act,11. Sati Prevention Act,1987.0,0.0,0.0,0.0,0.0,0.0,0.0,0.0,0.0,0.0,0.0,0.0,0.0,0.0,0.0,0.0,0.0,0.0
Puducherry,2001.0,Sati Prevention Act,11. Sati Prevention Act,1987.0,0.0,0.0,0.0,0.0,0.0,0.0,0.0,0.0,0.0,0.0,0.0,0.0,0.0,0.0,0.0,0.0,0.0
Punjab,2001.0,Sati Prevention Act,11. Sati Prevention Act,1987.0,0.0,0.0,0.0,0.0,0.0,0.0,0.0,0.0,0.0,0.0,0.0,0.0,0.0,0.0,0.0,0.0,0.0
Rajasthan,2001.0,Sati Prevention Act,11. Sati Prevention Act,1987.0,0.0,0.0,0.0,0.0,0.0,0.0,0.0,0.0,0.0,0.0,0.0,0.0,0.0,0.0,0.0,0.0,0.0
Sikkim,2001.0,Sati Prevention Act,11. Sati Prevention Act,1987.0,0.0,0.0,0.0,0.0,0.0,0.0,0.0,0.0,0.0,0.0,0.0,0.0,0.0,0.0,0.0,0.0,0.0
Tamil Nadu,2001.0,Sati Prevention Act,11. Sati Prevention Act,1987.0,0.0,0.0,0.0,0.0,0.0,0.0,0.0,0.0,0.0,0.0,0.0,0.0,0.0,0.0,0.0,0.0,0.0
Tripura,2001.0,Sati Prevention Act,11. Sati Prevention Act,1987.0,0.0,0.0,0.0,0.0,0.0,0.0,0.0,0.0,0.0,0.0,0.0,0.0,0.0,0.0,0.0,0.0,0.0
Uttar Pradesh,2001.0,Sati Prevention Act,11. Sati Prevention Act,1987.0,0.0,0.0,0.0,0.0,0.0,0.0,0.0,0.0,0.0,0.0,0.0,0.0,0.0,0.0,0.0,0.0,0.0
Uttarakhand,2001.0,Sati Prevention Act,11. Sati Prevention Act,1987.0,0.0,0.0,0.0,0.0,0.0,0.0,0.0,0.0,0.0,0.0,0.0,0.0,0.0,0.0,0.0,0.0,0.0
West Bengal,2001.0,Sati Prevention Act,11. Sati Prevention Act,1987.0,0.0,0.0,0.0,0.0,0.0,0.0,0.0,0.0,0.0,0.0,0.0,0.0,0.0,0.0,0.0,0.0,0.0
Andaman & Nicobar Islands,2002.0,Sati Prevention Act,11. Sati Prevention Act,1987.0,0.0,0.0,0.0,0.0,0.0,0.0,0.0,0.0,0.0,0.0,0.0,0.0,0.0,0.0,0.0,0.0,0.0
Andhra Pradesh,2002.0,Sati Prevention Act,11. Sati Prevention Act,1987.0,0.0,0.0,0.0,0.0,0.0,0.0,0.0,0.0,0.0,0.0,0.0,0.0,0.0,0.0,0.0,0.0,0.0
Arunachal Pradesh,2002.0,Sati Prevention Act,11. Sati Prevention Act,1987.0,0.0,0.0,0.0,0.0,0.0,0.0,0.0,0.0,0.0,0.0,0.0,0.0,0.0,0.0,0.0,0.0,0.0
Assam,2002.0,Sati Prevention Act,11. Sati Prevention Act,1987.0,0.0,0.0,0.0,0.0,0.0,0.0,0.0,0.0,0.0,0.0,0.0,0.0,0.0,0.0,0.0,0.0,0.0
Bihar,2002.0,Sati Prevention Act,11. Sati Prevention Act,1987.0,0.0,0.0,0.0,0.0,0.0,0.0,0.0,0.0,0.0,0.0,0.0,0.0,0.0,0.0,0.0,0.0,0.0
Chandigarh,2002.0,Sati Prevention Act,11. Sati Prevention Act,1987.0,0.0,0.0,0.0,0.0,0.0,0.0,0.0,0.0,0.0,0.0,0.0,0.0,0.0,0.0,0.0,0.0,0.0
Chhattisgarh,2002.0,Sati Prevention Act,11. Sati Prevention Act,1987.0,0.0,0.0,0.0,0.0,0.0,0.0,0.0,0.0,0.0,0.0,0.0,0.0,0.0,0.0,0.0,0.0,0.0
Dadra & Nagar Haveli,2002.0,Sati Prevention Act,11. Sati Prevention Act,1987.0,0.0,0.0,0.0,0.0,0.0,0.0,0.0,0.0,0.0,0.0,0.0,0.0,0.0,0.0,0.0,0.0,0.0
Daman & Diu,2002.0,Sati Prevention Act,11. Sati Prevention Act,1987.0,0.0,0.0,0.0,0.0,0.0,0.0,0.0,0.0,0.0,0.0,0.0,0.0,0.0,0.0,0.0,0.0,0.0
Delhi,2002.0,Sati Prevention Act,11. Sati Prevention Act,1987.0,0.0,0.0,0.0,0.0,0.0,0.0,0.0,0.0,0.0,0.0,0.0,0.0,0.0,0.0,0.0,0.0,0.0
Goa,2002.0,Sati Prevention Act,11. Sati Prevention Act,1987.0,0.0,0.0,0.0,0.0,0.0,0.0,0.0,0.0,0.0,0.0,0.0,0.0,0.0,0.0,0.0,0.0,0.0
Gujarat,2002.0,Sati Prevention Act,11. Sati Prevention Act,1987.0,0.0,0.0,0.0,0.0,0.0,0.0,0.0,0.0,0.0,0.0,0.0,0.0,0.0,0.0,0.0,0.0,0.0
Haryana,2002.0,Sati Prevention Act,11. Sati Prevention Act,1987.0,0.0,0.0,0.0,0.0,0.0,0.0,0.0,0.0,0.0,0.0,0.0,0.0,0.0,0.0,0.0,0.0,0.0
Himachal Pradesh,2002.0,Sati Prevention Act,11. Sati Prevention Act,1987.0,0.0,0.0,0.0,0.0,0.0,0.0,0.0,0.0,0.0,0.0,0.0,0.0,0.0,0.0,0.0,0.0,0.0
Jammu & Kashmir,2002.0,Sati Prevention Act,11. Sati Prevention Act,1987.0,0.0,0.0,0.0,0.0,0.0,0.0,0.0,0.0,0.0,0.0,0.0,0.0,0.0,0.0,0.0,0.0,0.0
Jharkhand,2002.0,Sati Prevention Act,11. Sati Prevention Act,1987.0,0.0,0.0,0.0,0.0,0.0,0.0,0.0,0.0,0.0,0.0,0.0,0.0,0.0,0.0,0.0,0.0,0.0
Karnataka,2002.0,Sati Prevention Act,11. Sati Prevention Act,1987.0,0.0,0.0,0.0,0.0,0.0,0.0,0.0,0.0,0.0,0.0,0.0,0.0,0.0,0.0,0.0,0.0,0.0
Kerala,2002.0,Sati Prevention Act,11. Sati Prevention Act,1987.0,0.0,0.0,0.0,0.0,0.0,0.0,0.0,0.0,0.0,0.0,0.0,0.0,0.0,0.0,0.0,0.0,0.0
Lakshadweep,2002.0,Sati Prevention Act,11. Sati Prevention Act,1987.0,0.0,0.0,0.0,0.0,0.0,0.0,0.0,0.0,0.0,0.0,0.0,0.0,0.0,0.0,0.0,0.0,0.0
Madhya Pradesh,2002.0,Sati Prevention Act,11. Sati Prevention Act,1987.0,0.0,0.0,0.0,0.0,0.0,0.0,0.0,0.0,0.0,0.0,0.0,0.0,0.0,0.0,0.0,0.0,0.0
Maharashtra,2002.0,Sati Prevention Act,11. Sati Prevention Act,1987.0,0.0,0.0,0.0,0.0,0.0,0.0,0.0,0.0,0.0,0.0,0.0,0.0,0.0,0.0,0.0,0.0,0.0
Manipur,2002.0,Sati Prevention Act,11. Sati Prevention Act,1987.0,0.0,0.0,0.0,0.0,0.0,0.0,0.0,0.0,0.0,0.0,0.0,0.0,0.0,0.0,0.0,0.0,0.0
Meghalaya,2002.0,Sati Prevention Act,11. Sati Prevention Act,1987.0,0.0,0.0,0.0,0.0,0.0,0.0,0.0,0.0,0.0,0.0,0.0,0.0,0.0,0.0,0.0,0.0,0.0
Mizoram,2002.0,Sati Prevention Act,11. Sati Prevention Act,1987.0,0.0,0.0,0.0,0.0,0.0,0.0,0.0,0.0,0.0,0.0,0.0,0.0,0.0,0.0,0.0,0.0,0.0
Nagaland,2002.0,Sati Prevention Act,11. Sati Prevention Act,1987.0,0.0,0.0,0.0,0.0,0.0,0.0,0.0,0.0,0.0,0.0,0.0,0.0,0.0,0.0,0.0,0.0,0.0
Odisha,2002.0,Sati Prevention Act,11. Sati Prevention Act,1987.0,0.0,0.0,0.0,0.0,0.0,0.0,0.0,0.0,0.0,0.0,0.0,0.0,0.0,0.0,0.0,0.0,0.0
Puducherry,2002.0,Sati Prevention Act,11. Sati Prevention Act,1987.0,0.0,0.0,0.0,0.0,0.0,0.0,0.0,0.0,0.0,0.0,0.0,0.0,0.0,0.0,0.0,0.0,0.0
Punjab,2002.0,Sati Prevention Act,11. Sati Prevention Act,1987.0,0.0,0.0,0.0,0.0,0.0,0.0,0.0,0.0,0.0,0.0,0.0,0.0,0.0,0.0,0.0,0.0,0.0
Rajasthan,2002.0,Sati Prevention Act,11. Sati Prevention Act,1987.0,0.0,0.0,0.0,0.0,0.0,0.0,0.0,0.0,0.0,0.0,0.0,0.0,0.0,0.0,0.0,0.0,0.0
Sikkim,2002.0,Sati Prevention Act,11. Sati Prevention Act,1987.0,0.0,0.0,0.0,0.0,0.0,0.0,0.0,0.0,0.0,0.0,0.0,0.0,0.0,0.0,0.0,0.0,0.0
Tamil Nadu,2002.0,Sati Prevention Act,11. Sati Prevention Act,1987.0,0.0,0.0,0.0,0.0,0.0,0.0,0.0,0.0,0.0,0.0,0.0,0.0,0.0,0.0,0.0,0.0,0.0
Tripura,2002.0,Sati Prevention Act,11. Sati Prevention Act,1987.0,0.0,0.0,0.0,0.0,0.0,0.0,0.0,0.0,0.0,0.0,0.0,0.0,0.0,0.0,0.0,0.0,0.0
Uttar Pradesh,2002.0,Sati Prevention Act,11. Sati Prevention Act,1987.0,0.0,0.0,0.0,0.0,0.0,0.0,0.0,0.0,0.0,0.0,0.0,0.0,0.0,0.0,0.0,0.0,0.0
Uttarakhand,2002.0,Sati Prevention Act,11. Sati Prevention Act,1987.0,0.0,0.0,0.0,0.0,0.0,0.0,0.0,0.0,0.0,0.0,0.0,0.0,0.0,0.0,0.0,0.0,0.0
West Bengal,2002.0,Sati Prevention Act,11. Sati Prevention Act,1987.0,0.0,0.0,0.0,0.0,0.0,0.0,0.0,0.0,0.0,0.0,0.0,0.0,0.0,0.0,0.0,0.0,0.0
Andaman & Nicobar Islands,2003.0,Sati Prevention Act,11. Sati Prevention Act,1987.0,0.0,0.0,0.0,0.0,0.0,0.0,0.0,0.0,0.0,0.0,0.0,0.0,0.0,0.0,0.0,0.0,0.0
Andhra Pradesh,2003.0,Sati Prevention Act,11. Sati Prevention Act,1987.0,0.0,0.0,0.0,0.0,0.0,0.0,0.0,0.0,0.0,0.0,0.0,0.0,0.0,0.0,0.0,0.0,0.0
Arunachal Pradesh,2003.0,Sati Prevention Act,11. Sati Prevention Act,1987.0,0.0,0.0,0.0,0.0,0.0,0.0,0.0,0.0,0.0,0.0,0.0,0.0,0.0,0.0,0.0,0.0,0.0
Assam,2003.0,Sati Prevention Act,11. Sati Prevention Act,1987.0,0.0,0.0,0.0,0.0,0.0,0.0,0.0,0.0,0.0,0.0,0.0,0.0,0.0,0.0,0.0,0.0,0.0
Bihar,2003.0,Sati Prevention Act,11. Sati Prevention Act,1987.0,0.0,0.0,0.0,0.0,0.0,0.0,0.0,0.0,0.0,0.0,0.0,0.0,0.0,0.0,0.0,0.0,0.0
Chandigarh,2003.0,Sati Prevention Act,11. Sati Prevention Act,1987.0,0.0,0.0,0.0,0.0,0.0,0.0,0.0,0.0,0.0,0.0,0.0,0.0,0.0,0.0,0.0,0.0,0.0
Chhattisgarh,2003.0,Sati Prevention Act,11. Sati Prevention Act,1987.0,0.0,0.0,0.0,0.0,0.0,0.0,0.0,0.0,0.0,0.0,0.0,0.0,0.0,0.0,0.0,0.0,0.0
Dadra & Nagar Haveli,2003.0,Sati Prevention Act,11. Sati Prevention Act,1987.0,0.0,0.0,0.0,0.0,0.0,0.0,0.0,0.0,0.0,0.0,0.0,0.0,0.0,0.0,0.0,0.0,0.0
Daman & Diu,2003.0,Sati Prevention Act,11. Sati Prevention Act,1987.0,0.0,0.0,0.0,0.0,0.0,0.0,0.0,0.0,0.0,0.0,0.0,0.0,0.0,0.0,0.0,0.0,0.0
Delhi,2003.0,Sati Prevention Act,11. Sati Prevention Act,1987.0,0.0,0.0,0.0,0.0,0.0,0.0,0.0,0.0,0.0,0.0,0.0,0.0,0.0,0.0,0.0,0.0,0.0
Goa,2003.0,Sati Prevention Act,11. Sati Prevention Act,1987.0,0.0,0.0,0.0,0.0,0.0,0.0,0.0,0.0,0.0,0.0,0.0,0.0,0.0,0.0,0.0,0.0,0.0
Gujarat,2003.0,Sati Prevention Act,11. Sati Prevention Act,1987.0,0.0,0.0,0.0,0.0,0.0,0.0,0.0,0.0,0.0,0.0,0.0,0.0,0.0,0.0,0.0,0.0,0.0
Haryana,2003.0,Sati Prevention Act,11. Sati Prevention Act,1987.0,0.0,0.0,0.0,0.0,0.0,0.0,0.0,0.0,0.0,0.0,0.0,0.0,0.0,0.0,0.0,0.0,0.0
Himachal Pradesh,2003.0,Sati Prevention Act,11. Sati Prevention Act,1987.0,0.0,0.0,0.0,0.0,0.0,0.0,0.0,0.0,0.0,0.0,0.0,0.0,0.0,0.0,0.0,0.0,0.0
Jammu & Kashmir,2003.0,Sati Prevention Act,11. Sati Prevention Act,1987.0,0.0,0.0,0.0,0.0,0.0,0.0,0.0,0.0,0.0,0.0,0.0,0.0,0.0,0.0,0.0,0.0,0.0
Jharkhand,2003.0,Sati Prevention Act,11. Sati Prevention Act,1987.0,0.0,0.0,0.0,0.0,0.0,0.0,0.0,0.0,0.0,0.0,0.0,0.0,0.0,0.0,0.0,0.0,0.0
Karnataka,2003.0,Sati Prevention Act,11. Sati Prevention Act,1987.0,0.0,0.0,0.0,0.0,0.0,0.0,0.0,0.0,0.0,0.0,0.0,0.0,0.0,0.0,0.0,0.0,0.0
Kerala,2003.0,Sati Prevention Act,11. Sati Prevention Act,1987.0,0.0,0.0,0.0,0.0,0.0,0.0,0.0,0.0,0.0,0.0,0.0,0.0,0.0,0.0,0.0,0.0,0.0
Lakshadweep,2003.0,Sati Prevention Act,11. Sati Prevention Act,1987.0,0.0,0.0,0.0,0.0,0.0,0.0,0.0,0.0,0.0,0.0,0.0,0.0,0.0,0.0,0.0,0.0,0.0
Madhya Pradesh,2003.0,Sati Prevention Act,11. Sati Prevention Act,1987.0,0.0,0.0,0.0,0.0,0.0,0.0,0.0,0.0,0.0,0.0,0.0,0.0,0.0,0.0,0.0,0.0,0.0
Maharashtra,2003.0,Sati Prevention Act,11. Sati Prevention Act,1987.0,0.0,0.0,0.0,0.0,0.0,0.0,0.0,0.0,0.0,0.0,0.0,0.0,0.0,0.0,0.0,0.0,0.0
Manipur,2003.0,Sati Prevention Act,11. Sati Prevention Act,1987.0,0.0,0.0,0.0,0.0,0.0,0.0,0.0,0.0,0.0,0.0,0.0,0.0,0.0,0.0,0.0,0.0,0.0
Meghalaya,2003.0,Sati Prevention Act,11. Sati Prevention Act,1987.0,0.0,0.0,0.0,0.0,0.0,0.0,0.0,0.0,0.0,0.0,0.0,0.0,0.0,0.0,0.0,0.0,0.0
Mizoram,2003.0,Sati Prevention Act,11. Sati Prevention Act,1987.0,0.0,0.0,0.0,0.0,0.0,0.0,0.0,0.0,0.0,0.0,0.0,0.0,0.0,0.0,0.0,0.0,0.0
Nagaland,2003.0,Sati Prevention Act,11. Sati Prevention Act,1987.0,0.0,0.0,0.0,0.0,0.0,0.0,0.0,0.0,0.0,0.0,0.0,0.0,0.0,0.0,0.0,0.0,0.0
Odisha,2003.0,Sati Prevention Act,11. Sati Prevention Act,1987.0,0.0,0.0,0.0,0.0,0.0,0.0,0.0,0.0,0.0,0.0,0.0,0.0,0.0,0.0,0.0,0.0,0.0
Puducherry,2003.0,Sati Prevention Act,11. Sati Prevention Act,1987.0,0.0,0.0,0.0,0.0,0.0,0.0,0.0,0.0,0.0,0.0,0.0,0.0,0.0,0.0,0.0,0.0,0.0
Punjab,2003.0,Sati Prevention Act,11. Sati Prevention Act,1987.0,0.0,0.0,0.0,0.0,0.0,0.0,0.0,0.0,0.0,0.0,0.0,0.0,0.0,0.0,0.0,0.0,0.0
Rajasthan,2003.0,Sati Prevention Act,11. Sati Prevention Act,1987.0,0.0,0.0,0.0,0.0,0.0,0.0,0.0,0.0,0.0,0.0,0.0,0.0,0.0,0.0,0.0,0.0,0.0
Sikkim,2003.0,Sati Prevention Act,11. Sati Prevention Act,1987.0,0.0,0.0,0.0,0.0,0.0,0.0,0.0,0.0,0.0,0.0,0.0,0.0,0.0,0.0,0.0,0.0,0.0
Tamil Nadu,2003.0,Sati Prevention Act,11. Sati Prevention Act,1987.0,0.0,0.0,0.0,0.0,0.0,0.0,0.0,0.0,0.0,0.0,0.0,0.0,0.0,0.0,0.0,0.0,0.0
Tripura,2003.0,Sati Prevention Act,11. Sati Prevention Act,1987.0,0.0,0.0,0.0,0.0,0.0,0.0,0.0,0.0,0.0,0.0,0.0,0.0,0.0,0.0,0.0,0.0,0.0
Uttar Pradesh,2003.0,Sati Prevention Act,11. Sati Prevention Act,1987.0,0.0,0.0,0.0,0.0,0.0,0.0,0.0,0.0,0.0,0.0,0.0,0.0,0.0,0.0,0.0,0.0,0.0
Uttarakhand,2003.0,Sati Prevention Act,11. Sati Prevention Act,1987.0,0.0,0.0,0.0,0.0,0.0,0.0,0.0,0.0,0.0,0.0,0.0,0.0,0.0,0.0,0.0,0.0,0.0
West Bengal,2003.0,Sati Prevention Act,11. Sati Prevention Act,1987.0,0.0,0.0,0.0,0.0,0.0,0.0,0.0,0.0,0.0,0.0,0.0,0.0,0.0,0.0,0.0,0.0,0.0
Andaman & Nicobar Islands,2004.0,Sati Prevention Act,11. Sati Prevention Act,1987.0,0.0,0.0,0.0,0.0,0.0,0.0,0.0,0.0,0.0,0.0,0.0,0.0,0.0,0.0,0.0,0.0,0.0
Andhra Pradesh,2004.0,Sati Prevention Act,11. Sati Prevention Act,1987.0,0.0,0.0,0.0,0.0,0.0,0.0,0.0,0.0,0.0,0.0,0.0,0.0,0.0,0.0,0.0,0.0,0.0
Arunachal Pradesh,2004.0,Sati Prevention Act,11. Sati Prevention Act,1987.0,0.0,0.0,0.0,0.0,0.0,0.0,0.0,0.0,0.0,0.0,0.0,0.0,0.0,0.0,0.0,0.0,0.0
Assam,2004.0,Sati Prevention Act,11. Sati Prevention Act,1987.0,0.0,0.0,0.0,0.0,0.0,0.0,0.0,0.0,0.0,0.0,0.0,0.0,0.0,0.0,0.0,0.0,0.0
Bihar,2004.0,Sati Prevention Act,11. Sati Prevention Act,1987.0,0.0,0.0,0.0,0.0,0.0,0.0,0.0,0.0,0.0,0.0,0.0,0.0,0.0,0.0,0.0,0.0,0.0
Chandigarh,2004.0,Sati Prevention Act,11. Sati Prevention Act,1987.0,0.0,0.0,0.0,0.0,0.0,0.0,0.0,0.0,0.0,0.0,0.0,0.0,0.0,0.0,0.0,0.0,0.0
Chhattisgarh,2004.0,Sati Prevention Act,11. Sati Prevention Act,1987.0,0.0,0.0,0.0,0.0,0.0,0.0,0.0,0.0,0.0,0.0,0.0,0.0,0.0,0.0,0.0,0.0,0.0
Dadra & Nagar Haveli,2004.0,Sati Prevention Act,11. Sati Prevention Act,1987.0,0.0,0.0,0.0,0.0,0.0,0.0,0.0,0.0,0.0,0.0,0.0,0.0,0.0,0.0,0.0,0.0,0.0
Daman & Diu,2004.0,Sati Prevention Act,11. Sati Prevention Act,1987.0,0.0,0.0,0.0,0.0,0.0,0.0,0.0,0.0,0.0,0.0,0.0,0.0,0.0,0.0,0.0,0.0,0.0
Delhi,2004.0,Sati Prevention Act,11. Sati Prevention Act,1987.0,0.0,0.0,0.0,0.0,0.0,0.0,0.0,0.0,0.0,0.0,0.0,0.0,0.0,0.0,0.0,0.0,0.0
Goa,2004.0,Sati Prevention Act,11. Sati Prevention Act,1987.0,0.0,0.0,0.0,0.0,0.0,0.0,0.0,0.0,0.0,0.0,0.0,0.0,0.0,0.0,0.0,0.0,0.0
Gujarat,2004.0,Sati Prevention Act,11. Sati Prevention Act,1987.0,0.0,0.0,0.0,0.0,0.0,0.0,0.0,0.0,0.0,0.0,0.0,0.0,0.0,0.0,0.0,0.0,0.0
Haryana,2004.0,Sati Prevention Act,11. Sati Prevention Act,1987.0,0.0,0.0,0.0,0.0,0.0,0.0,0.0,0.0,0.0,0.0,0.0,0.0,0.0,0.0,0.0,0.0,0.0
Himachal Pradesh,2004.0,Sati Prevention Act,11. Sati Prevention Act,1987.0,0.0,0.0,0.0,0.0,0.0,0.0,0.0,0.0,0.0,0.0,0.0,0.0,0.0,0.0,0.0,0.0,0.0
Jammu & Kashmir,2004.0,Sati Prevention Act,11. Sati Prevention Act,1987.0,0.0,0.0,0.0,0.0,0.0,0.0,0.0,0.0,0.0,0.0,0.0,0.0,0.0,0.0,0.0,0.0,0.0
Jharkhand,2004.0,Sati Prevention Act,11. Sati Prevention Act,1987.0,0.0,0.0,0.0,0.0,0.0,0.0,0.0,0.0,0.0,0.0,0.0,0.0,0.0,0.0,0.0,0.0,0.0
Karnataka,2004.0,Sati Prevention Act,11. Sati Prevention Act,1987.0,0.0,0.0,0.0,0.0,0.0,0.0,0.0,0.0,0.0,0.0,0.0,0.0,0.0,0.0,0.0,0.0,0.0
Kerala,2004.0,Sati Prevention Act,11. Sati Prevention Act,1987.0,0.0,0.0,0.0,0.0,0.0,0.0,0.0,0.0,0.0,0.0,0.0,0.0,0.0,0.0,0.0,0.0,0.0
Lakshadweep,2004.0,Sati Prevention Act,11. Sati Prevention Act,1987.0,0.0,0.0,0.0,0.0,0.0,0.0,0.0,0.0,0.0,0.0,0.0,0.0,0.0,0.0,0.0,0.0,0.0
Madhya Pradesh,2004.0,Sati Prevention Act,11. Sati Prevention Act,1987.0,0.0,0.0,0.0,0.0,0.0,0.0,0.0,0.0,0.0,0.0,0.0,0.0,0.0,0.0,0.0,0.0,0.0
Maharashtra,2004.0,Sati Prevention Act,11. Sati Prevention Act,1987.0,0.0,0.0,0.0,0.0,0.0,0.0,0.0,0.0,0.0,0.0,0.0,0.0,0.0,0.0,0.0,0.0,0.0
Manipur,2004.0,Sati Prevention Act,11. Sati Prevention Act,1987.0,0.0,0.0,0.0,0.0,0.0,0.0,0.0,0.0,0.0,0.0,0.0,0.0,0.0,0.0,0.0,0.0,0.0
Meghalaya,2004.0,Sati Prevention Act,11. Sati Prevention Act,1987.0,0.0,0.0,0.0,0.0,0.0,0.0,0.0,0.0,0.0,0.0,0.0,0.0,0.0,0.0,0.0,0.0,0.0
Mizoram,2004.0,Sati Prevention Act,11. Sati Prevention Act,1987.0,0.0,0.0,0.0,0.0,0.0,0.0,0.0,0.0,0.0,0.0,0.0,0.0,0.0,0.0,0.0,0.0,0.0
Nagaland,2004.0,Sati Prevention Act,11. Sati Prevention Act,1987.0,0.0,0.0,0.0,0.0,0.0,0.0,0.0,0.0,0.0,0.0,0.0,0.0,0.0,0.0,0.0,0.0,0.0
Odisha,2004.0,Sati Prevention Act,11. Sati Prevention Act,1987.0,0.0,0.0,0.0,0.0,0.0,0.0,0.0,0.0,0.0,0.0,0.0,0.0,0.0,0.0,0.0,0.0,0.0
Puducherry,2004.0,Sati Prevention Act,11. Sati Prevention Act,1987.0,0.0,0.0,0.0,0.0,0.0,0.0,0.0,0.0,0.0,0.0,0.0,0.0,0.0,0.0,0.0,0.0,0.0
Punjab,2004.0,Sati Prevention Act,11. Sati Prevention Act,1987.0,0.0,0.0,0.0,0.0,0.0,0.0,0.0,0.0,0.0,0.0,0.0,0.0,0.0,0.0,0.0,0.0,0.0
Rajasthan,2004.0,Sati Prevention Act,11. Sati Prevention Act,1987.0,0.0,0.0,0.0,0.0,0.0,0.0,0.0,0.0,0.0,0.0,0.0,0.0,0.0,0.0,0.0,0.0,0.0
Sikkim,2004.0,Sati Prevention Act,11. Sati Prevention Act,1987.0,0.0,0.0,0.0,0.0,0.0,0.0,0.0,0.0,0.0,0.0,0.0,0.0,0.0,0.0,0.0,0.0,0.0
Tamil Nadu,2004.0,Sati Prevention Act,11. Sati Prevention Act,1987.0,0.0,0.0,0.0,0.0,0.0,0.0,0.0,0.0,0.0,0.0,0.0,0.0,0.0,0.0,0.0,0.0,0.0
Tripura,2004.0,Sati Prevention Act,11. Sati Prevention Act,1987.0,0.0,0.0,0.0,0.0,0.0,0.0,0.0,0.0,0.0,0.0,0.0,0.0,0.0,0.0,0.0,0.0,0.0
Uttar Pradesh,2004.0,Sati Prevention Act,11. Sati Prevention Act,1987.0,0.0,0.0,0.0,0.0,0.0,0.0,0.0,0.0,0.0,0.0,0.0,0.0,0.0,0.0,0.0,0.0,0.0
Uttarakhand,2004.0,Sati Prevention Act,11. Sati Prevention Act,1987.0,0.0,0.0,0.0,0.0,0.0,0.0,0.0,0.0,0.0,0.0,0.0,0.0,0.0,0.0,0.0,0.0,0.0
West Bengal,2004.0,Sati Prevention Act,11. Sati Prevention Act,1987.0,0.0,0.0,0.0,0.0,0.0,0.0,0.0,0.0,0.0,0.0,0.0,0.0,0.0,0.0,0.0,0.0,0.0
Andaman & Nicobar Islands,2005.0,Sati Prevention Act,11. Sati Prevention Act,1987.0,0.0,0.0,0.0,0.0,0.0,0.0,0.0,0.0,0.0,0.0,0.0,0.0,0.0,0.0,0.0,0.0,0.0
Andhra Pradesh,2005.0,Sati Prevention Act,11. Sati Prevention Act,1987.0,0.0,0.0,0.0,0.0,0.0,0.0,0.0,0.0,0.0,0.0,0.0,0.0,0.0,0.0,0.0,0.0,0.0
Arunachal Pradesh,2005.0,Sati Prevention Act,11. Sati Prevention Act,1987.0,0.0,0.0,0.0,0.0,0.0,0.0,0.0,0.0,0.0,0.0,0.0,0.0,0.0,0.0,0.0,0.0,0.0
Assam,2005.0,Sati Prevention Act,11. Sati Prevention Act,1987.0,0.0,0.0,0.0,0.0,0.0,0.0,0.0,0.0,0.0,0.0,0.0,0.0,0.0,0.0,0.0,0.0,0.0
Bihar,2005.0,Sati Prevention Act,11. Sati Prevention Act,1987.0,0.0,0.0,0.0,0.0,0.0,0.0,0.0,0.0,0.0,0.0,0.0,0.0,0.0,0.0,0.0,0.0,0.0
Chandigarh,2005.0,Sati Prevention Act,11. Sati Prevention Act,1987.0,0.0,0.0,0.0,0.0,0.0,0.0,0.0,0.0,0.0,0.0,0.0,0.0,0.0,0.0,0.0,0.0,0.0
Chhattisgarh,2005.0,Sati Prevention Act,11. Sati Prevention Act,1987.0,0.0,0.0,0.0,0.0,0.0,0.0,0.0,0.0,0.0,0.0,0.0,0.0,0.0,0.0,0.0,0.0,0.0
Dadra & Nagar Haveli,2005.0,Sati Prevention Act,11. Sati Prevention Act,1987.0,0.0,0.0,0.0,0.0,0.0,0.0,0.0,0.0,0.0,0.0,0.0,0.0,0.0,0.0,0.0,0.0,0.0
Daman & Diu,2005.0,Sati Prevention Act,11. Sati Prevention Act,1987.0,0.0,0.0,0.0,0.0,0.0,0.0,0.0,0.0,0.0,0.0,0.0,0.0,0.0,0.0,0.0,0.0,0.0
Delhi,2005.0,Sati Prevention Act,11. Sati Prevention Act,1987.0,0.0,0.0,0.0,0.0,0.0,0.0,0.0,0.0,0.0,0.0,0.0,0.0,0.0,0.0,0.0,0.0,0.0
Goa,2005.0,Sati Prevention Act,11. Sati Prevention Act,1987.0,0.0,0.0,0.0,0.0,0.0,0.0,0.0,0.0,0.0,0.0,0.0,0.0,0.0,0.0,0.0,0.0,0.0
Gujarat,2005.0,Sati Prevention Act,11. Sati Prevention Act,1987.0,0.0,0.0,0.0,0.0,0.0,0.0,0.0,0.0,0.0,0.0,0.0,0.0,0.0,0.0,0.0,0.0,0.0
Haryana,2005.0,Sati Prevention Act,11. Sati Prevention Act,1987.0,0.0,0.0,0.0,0.0,0.0,0.0,0.0,0.0,0.0,0.0,0.0,0.0,0.0,0.0,0.0,0.0,0.0
Himachal Pradesh,2005.0,Sati Prevention Act,11. Sati Prevention Act,1987.0,0.0,0.0,0.0,0.0,0.0,0.0,0.0,0.0,0.0,0.0,0.0,0.0,0.0,0.0,0.0,0.0,0.0
Jammu & Kashmir,2005.0,Sati Prevention Act,11. Sati Prevention Act,1987.0,0.0,0.0,0.0,0.0,0.0,0.0,0.0,0.0,0.0,0.0,0.0,0.0,0.0,0.0,0.0,0.0,0.0
Jharkhand,2005.0,Sati Prevention Act,11. Sati Prevention Act,1987.0,0.0,0.0,0.0,0.0,0.0,0.0,0.0,0.0,0.0,0.0,0.0,0.0,0.0,0.0,0.0,0.0,0.0
Karnataka,2005.0,Sati Prevention Act,11. Sati Prevention Act,1987.0,0.0,0.0,0.0,0.0,0.0,0.0,0.0,0.0,0.0,0.0,0.0,0.0,0.0,0.0,0.0,0.0,0.0
Kerala,2005.0,Sati Prevention Act,11. Sati Prevention Act,1987.0,0.0,0.0,0.0,0.0,0.0,0.0,0.0,0.0,0.0,0.0,0.0,0.0,0.0,0.0,0.0,0.0,0.0
Lakshadweep,2005.0,Sati Prevention Act,11. Sati Prevention Act,1987.0,0.0,0.0,0.0,0.0,0.0,0.0,0.0,0.0,0.0,0.0,0.0,0.0,0.0,0.0,0.0,0.0,0.0
Madhya Pradesh,2005.0,Sati Prevention Act,11. Sati Prevention Act,1987.0,0.0,0.0,0.0,0.0,0.0,0.0,0.0,0.0,0.0,0.0,0.0,0.0,0.0,0.0,0.0,0.0,0.0
Maharashtra,2005.0,Sati Prevention Act,11. Sati Prevention Act,1987.0,0.0,0.0,0.0,0.0,0.0,0.0,0.0,0.0,0.0,0.0,0.0,0.0,0.0,0.0,0.0,0.0,0.0
Manipur,2005.0,Sati Prevention Act,11. Sati Prevention Act,1987.0,0.0,0.0,0.0,0.0,0.0,0.0,0.0,0.0,0.0,0.0,0.0,0.0,0.0,0.0,0.0,0.0,0.0
Meghalaya,2005.0,Sati Prevention Act,11. Sati Prevention Act,1987.0,0.0,0.0,0.0,0.0,0.0,0.0,0.0,0.0,0.0,0.0,0.0,0.0,0.0,0.0,0.0,0.0,0.0
Mizoram,2005.0,Sati Prevention Act,11. Sati Prevention Act,1987.0,0.0,0.0,0.0,0.0,0.0,0.0,0.0,0.0,0.0,0.0,0.0,0.0,0.0,0.0,0.0,0.0,0.0
Nagaland,2005.0,Sati Prevention Act,11. Sati Prevention Act,1987.0,0.0,0.0,0.0,0.0,0.0,0.0,0.0,0.0,0.0,0.0,0.0,0.0,0.0,0.0,0.0,0.0,0.0
Odisha,2005.0,Sati Prevention Act,11. Sati Prevention Act,1987.0,0.0,0.0,0.0,0.0,0.0,0.0,0.0,0.0,0.0,0.0,0.0,0.0,0.0,0.0,0.0,0.0,0.0
Puducherry,2005.0,Sati Prevention Act,11. Sati Prevention Act,1987.0,0.0,0.0,0.0,0.0,0.0,0.0,0.0,0.0,0.0,0.0,0.0,0.0,0.0,0.0,0.0,0.0,0.0
Punjab,2005.0,Sati Prevention Act,11. Sati Prevention Act,1987.0,0.0,0.0,0.0,0.0,0.0,0.0,0.0,0.0,0.0,0.0,0.0,0.0,0.0,0.0,0.0,0.0,0.0
Rajasthan,2005.0,Sati Prevention Act,11. Sati Prevention Act,1987.0,0.0,0.0,1.0,0.0,0.0,0.0,1.0,0.0,0.0,0.0,1.0,0.0,1.0,1.0,0.0,0.0,0.0
Sikkim,2005.0,Sati Prevention Act,11. Sati Prevention Act,1987.0,0.0,0.0,0.0,0.0,0.0,0.0,0.0,0.0,0.0,0.0,0.0,0.0,0.0,0.0,0.0,0.0,0.0
Tamil Nadu,2005.0,Sati Prevention Act,11. Sati Prevention Act,1987.0,0.0,0.0,0.0,0.0,0.0,0.0,0.0,0.0,0.0,0.0,0.0,0.0,0.0,0.0,0.0,0.0,0.0
Tripura,2005.0,Sati Prevention Act,11. Sati Prevention Act,1987.0,0.0,0.0,0.0,0.0,0.0,0.0,0.0,0.0,0.0,0.0,0.0,0.0,0.0,0.0,0.0,0.0,0.0
Uttar Pradesh,2005.0,Sati Prevention Act,11. Sati Prevention Act,1987.0,0.0,0.0,0.0,0.0,0.0,0.0,0.0,0.0,0.0,0.0,0.0,0.0,0.0,0.0,0.0,0.0,0.0
Uttarakhand,2005.0,Sati Prevention Act,11. Sati Prevention Act,1987.0,0.0,0.0,0.0,0.0,0.0,0.0,0.0,0.0,0.0,0.0,0.0,0.0,0.0,0.0,0.0,0.0,0.0
West Bengal,2005.0,Sati Prevention Act,11. Sati Prevention Act,1987.0,0.0,0.0,0.0,0.0,0.0,0.0,0.0,0.0,0.0,0.0,0.0,0.0,0.0,0.0,0.0,0.0,0.0
Andaman & Nicobar Islands,2006.0,Sati Prevention Act,11. Sati Prevention Act,1987.0,0.0,0.0,0.0,0.0,0.0,0.0,0.0,0.0,0.0,0.0,0.0,0.0,0.0,0.0,0.0,0.0,0.0
Andhra Pradesh,2006.0,Sati Prevention Act,11. Sati Prevention Act,1987.0,0.0,0.0,0.0,0.0,0.0,0.0,0.0,0.0,0.0,0.0,0.0,0.0,0.0,0.0,0.0,0.0,0.0
Arunachal Pradesh,2006.0,Sati Prevention Act,11. Sati Prevention Act,1987.0,0.0,0.0,0.0,0.0,0.0,0.0,0.0,0.0,0.0,0.0,0.0,0.0,0.0,0.0,0.0,0.0,0.0
Assam,2006.0,Sati Prevention Act,11. Sati Prevention Act,1987.0,0.0,0.0,0.0,0.0,0.0,0.0,0.0,0.0,0.0,0.0,0.0,0.0,0.0,0.0,0.0,0.0,0.0
Bihar,2006.0,Sati Prevention Act,11. Sati Prevention Act,1987.0,0.0,0.0,0.0,0.0,0.0,0.0,0.0,0.0,0.0,0.0,0.0,0.0,0.0,0.0,0.0,0.0,0.0
Chandigarh,2006.0,Sati Prevention Act,11. Sati Prevention Act,1987.0,0.0,0.0,0.0,0.0,0.0,0.0,0.0,0.0,0.0,0.0,0.0,0.0,0.0,0.0,0.0,0.0,0.0
Chhattisgarh,2006.0,Sati Prevention Act,11. Sati Prevention Act,1987.0,0.0,0.0,0.0,0.0,0.0,0.0,0.0,0.0,0.0,0.0,0.0,0.0,0.0,0.0,0.0,0.0,0.0
Dadra & Nagar Haveli,2006.0,Sati Prevention Act,11. Sati Prevention Act,1987.0,0.0,0.0,0.0,0.0,0.0,0.0,0.0,0.0,0.0,0.0,0.0,0.0,0.0,0.0,0.0,0.0,0.0
Daman & Diu,2006.0,Sati Prevention Act,11. Sati Prevention Act,1987.0,0.0,0.0,0.0,0.0,0.0,0.0,0.0,0.0,0.0,0.0,0.0,0.0,0.0,0.0,0.0,0.0,0.0
Delhi,2006.0,Sati Prevention Act,11. Sati Prevention Act,1987.0,0.0,0.0,0.0,0.0,0.0,0.0,0.0,0.0,0.0,0.0,0.0,0.0,0.0,0.0,0.0,0.0,0.0
Goa,2006.0,Sati Prevention Act,11. Sati Prevention Act,1987.0,0.0,0.0,0.0,0.0,0.0,0.0,0.0,0.0,0.0,0.0,0.0,0.0,0.0,0.0,0.0,0.0,0.0
Gujarat,2006.0,Sati Prevention Act,11. Sati Prevention Act,1987.0,0.0,0.0,0.0,0.0,0.0,0.0,0.0,0.0,0.0,0.0,0.0,0.0,0.0,0.0,0.0,0.0,0.0
Haryana,2006.0,Sati Prevention Act,11. Sati Prevention Act,1987.0,0.0,0.0,0.0,0.0,0.0,0.0,0.0,0.0,0.0,0.0,0.0,0.0,0.0,0.0,0.0,0.0,0.0
Himachal Pradesh,2006.0,Sati Prevention Act,11. Sati Prevention Act,1987.0,0.0,0.0,0.0,0.0,0.0,0.0,0.0,0.0,0.0,0.0,0.0,0.0,0.0,0.0,0.0,0.0,0.0
Jammu & Kashmir,2006.0,Sati Prevention Act,11. Sati Prevention Act,1987.0,0.0,0.0,0.0,0.0,0.0,0.0,0.0,0.0,0.0,0.0,0.0,0.0,0.0,0.0,0.0,0.0,0.0
Jharkhand,2006.0,Sati Prevention Act,11. Sati Prevention Act,1987.0,0.0,0.0,0.0,0.0,0.0,0.0,0.0,0.0,0.0,0.0,0.0,0.0,0.0,0.0,0.0,0.0,0.0
Karnataka,2006.0,Sati Prevention Act,11. Sati Prevention Act,1987.0,0.0,0.0,0.0,0.0,0.0,0.0,0.0,0.0,0.0,0.0,0.0,0.0,0.0,0.0,0.0,0.0,0.0
Kerala,2006.0,Sati Prevention Act,11. Sati Prevention Act,1987.0,0.0,0.0,0.0,0.0,0.0,0.0,0.0,0.0,0.0,0.0,0.0,0.0,0.0,0.0,0.0,0.0,0.0
Lakshadweep,2006.0,Sati Prevention Act,11. Sati Prevention Act,1987.0,0.0,0.0,0.0,0.0,0.0,0.0,0.0,0.0,0.0,0.0,0.0,0.0,0.0,0.0,0.0,0.0,0.0
Madhya Pradesh,2006.0,Sati Prevention Act,11. Sati Prevention Act,1987.0,0.0,0.0,0.0,0.0,0.0,0.0,0.0,0.0,0.0,0.0,0.0,0.0,0.0,0.0,0.0,0.0,0.0
Maharashtra,2006.0,Sati Prevention Act,11. Sati Prevention Act,1987.0,0.0,0.0,0.0,0.0,0.0,0.0,0.0,0.0,0.0,0.0,0.0,0.0,0.0,0.0,0.0,0.0,0.0
Manipur,2006.0,Sati Prevention Act,11. Sati Prevention Act,1987.0,0.0,0.0,0.0,0.0,0.0,0.0,0.0,0.0,0.0,0.0,0.0,0.0,0.0,0.0,0.0,0.0,0.0
Meghalaya,2006.0,Sati Prevention Act,11. Sati Prevention Act,1987.0,0.0,0.0,0.0,0.0,0.0,0.0,0.0,0.0,0.0,0.0,0.0,0.0,0.0,0.0,0.0,0.0,0.0
Mizoram,2006.0,Sati Prevention Act,11. Sati Prevention Act,1987.0,0.0,0.0,0.0,0.0,0.0,0.0,0.0,0.0,0.0,0.0,0.0,0.0,0.0,0.0,0.0,0.0,0.0
Nagaland,2006.0,Sati Prevention Act,11. Sati Prevention Act,1987.0,0.0,0.0,0.0,0.0,0.0,0.0,0.0,0.0,0.0,0.0,0.0,0.0,0.0,0.0,0.0,0.0,0.0
Odisha,2006.0,Sati Prevention Act,11. Sati Prevention Act,1987.0,0.0,0.0,0.0,0.0,0.0,0.0,0.0,0.0,0.0,0.0,0.0,0.0,0.0,0.0,0.0,0.0,0.0
Puducherry,2006.0,Sati Prevention Act,11. Sati Prevention Act,1987.0,0.0,0.0,0.0,0.0,0.0,0.0,0.0,0.0,0.0,0.0,0.0,0.0,0.0,0.0,0.0,0.0,0.0
Punjab,2006.0,Sati Prevention Act,11. Sati Prevention Act,1987.0,0.0,0.0,0.0,0.0,0.0,0.0,0.0,0.0,0.0,0.0,0.0,0.0,0.0,0.0,0.0,0.0,0.0
Rajasthan,2006.0,Sati Prevention Act,11. Sati Prevention Act,1987.0,0.0,0.0,0.0,0.0,0.0,0.0,0.0,0.0,0.0,0.0,1.0,1.0,0.0,0.0,0.0,0.0,0.0
Sikkim,2006.0,Sati Prevention Act,11. Sati Prevention Act,1987.0,0.0,0.0,0.0,0.0,0.0,0.0,0.0,0.0,0.0,0.0,0.0,0.0,0.0,0.0,0.0,0.0,0.0
Tamil Nadu,2006.0,Sati Prevention Act,11. Sati Prevention Act,1987.0,0.0,0.0,0.0,0.0,0.0,0.0,0.0,0.0,0.0,0.0,0.0,0.0,0.0,0.0,0.0,0.0,0.0
Tripura,2006.0,Sati Prevention Act,11. Sati Prevention Act,1987.0,0.0,0.0,0.0,0.0,0.0,0.0,0.0,0.0,0.0,0.0,0.0,0.0,0.0,0.0,0.0,0.0,0.0
Uttar Pradesh,2006.0,Sati Prevention Act,11. Sati Prevention Act,1987.0,0.0,0.0,0.0,0.0,0.0,0.0,0.0,0.0,0.0,0.0,0.0,0.0,0.0,0.0,0.0,0.0,0.0
Uttarakhand,2006.0,Sati Prevention Act,11. Sati Prevention Act,1987.0,0.0,0.0,0.0,0.0,0.0,0.0,0.0,0.0,0.0,0.0,0.0,0.0,0.0,0.0,0.0,0.0,0.0
West Bengal,2006.0,Sati Prevention Act,11. Sati Prevention Act,1987.0,0.0,0.0,0.0,0.0,0.0,0.0,0.0,0.0,0.0,0.0,0.0,0.0,0.0,0.0,0.0,0.0,0.0
Andaman & Nicobar Islands,2007.0,Sati Prevention Act,11. Sati Prevention Act,1987.0,0.0,0.0,0.0,0.0,0.0,0.0,0.0,0.0,0.0,0.0,0.0,0.0,0.0,0.0,0.0,0.0,0.0
Andhra Pradesh,2007.0,Sati Prevention Act,11. Sati Prevention Act,1987.0,0.0,0.0,0.0,0.0,0.0,0.0,0.0,0.0,0.0,0.0,0.0,0.0,0.0,0.0,0.0,0.0,0.0
Arunachal Pradesh,2007.0,Sati Prevention Act,11. Sati Prevention Act,1987.0,0.0,0.0,0.0,0.0,0.0,0.0,0.0,0.0,0.0,0.0,0.0,0.0,0.0,0.0,0.0,0.0,0.0
Assam,2007.0,Sati Prevention Act,11. Sati Prevention Act,1987.0,0.0,0.0,0.0,0.0,0.0,0.0,0.0,0.0,0.0,0.0,0.0,0.0,0.0,0.0,0.0,0.0,0.0
Bihar,2007.0,Sati Prevention Act,11. Sati Prevention Act,1987.0,0.0,0.0,0.0,0.0,0.0,0.0,0.0,0.0,0.0,0.0,0.0,0.0,0.0,0.0,0.0,0.0,0.0
Chandigarh,2007.0,Sati Prevention Act,11. Sati Prevention Act,1987.0,0.0,0.0,0.0,0.0,0.0,0.0,0.0,0.0,0.0,0.0,0.0,0.0,0.0,0.0,0.0,0.0,0.0
Chhattisgarh,2007.0,Sati Prevention Act,11. Sati Prevention Act,1987.0,0.0,0.0,0.0,0.0,0.0,0.0,0.0,0.0,0.0,0.0,0.0,0.0,0.0,0.0,0.0,0.0,0.0
Dadra & Nagar Haveli,2007.0,Sati Prevention Act,11. Sati Prevention Act,1987.0,0.0,0.0,0.0,0.0,0.0,0.0,0.0,0.0,0.0,0.0,0.0,0.0,0.0,0.0,0.0,0.0,0.0
Daman & Diu,2007.0,Sati Prevention Act,11. Sati Prevention Act,1987.0,0.0,0.0,0.0,0.0,0.0,0.0,0.0,0.0,0.0,0.0,0.0,0.0,0.0,0.0,0.0,0.0,0.0
Delhi,2007.0,Sati Prevention Act,11. Sati Prevention Act,1987.0,0.0,0.0,0.0,0.0,0.0,0.0,0.0,0.0,0.0,0.0,0.0,0.0,0.0,0.0,0.0,0.0,0.0
Goa,2007.0,Sati Prevention Act,11. Sati Prevention Act,1987.0,0.0,0.0,0.0,0.0,0.0,0.0,0.0,0.0,0.0,0.0,0.0,0.0,0.0,0.0,0.0,0.0,0.0
Gujarat,2007.0,Sati Prevention Act,11. Sati Prevention Act,1987.0,0.0,0.0,0.0,0.0,0.0,0.0,0.0,0.0,0.0,0.0,0.0,0.0,0.0,0.0,0.0,0.0,0.0
Haryana,2007.0,Sati Prevention Act,11. Sati Prevention Act,1987.0,0.0,0.0,0.0,0.0,0.0,0.0,0.0,0.0,0.0,0.0,0.0,0.0,0.0,0.0,0.0,0.0,0.0
Himachal Pradesh,2007.0,Sati Prevention Act,11. Sati Prevention Act,1987.0,0.0,0.0,0.0,0.0,0.0,0.0,0.0,0.0,0.0,0.0,0.0,0.0,0.0,0.0,0.0,0.0,0.0
Jammu & Kashmir,2007.0,Sati Prevention Act,11. Sati Prevention Act,1987.0,0.0,0.0,0.0,0.0,0.0,0.0,0.0,0.0,0.0,0.0,0.0,0.0,0.0,0.0,0.0,0.0,0.0
Jharkhand,2007.0,Sati Prevention Act,11. Sati Prevention Act,1987.0,0.0,0.0,0.0,0.0,0.0,0.0,0.0,0.0,0.0,0.0,0.0,0.0,0.0,0.0,0.0,0.0,0.0
Karnataka,2007.0,Sati Prevention Act,11. Sati Prevention Act,1987.0,0.0,0.0,0.0,0.0,0.0,0.0,0.0,0.0,0.0,0.0,0.0,0.0,0.0,0.0,0.0,0.0,0.0
Kerala,2007.0,Sati Prevention Act,11. Sati Prevention Act,1987.0,0.0,0.0,0.0,0.0,0.0,0.0,0.0,0.0,0.0,0.0,0.0,0.0,0.0,0.0,0.0,0.0,0.0
Lakshadweep,2007.0,Sati Prevention Act,11. Sati Prevention Act,1987.0,0.0,0.0,0.0,0.0,0.0,0.0,0.0,0.0,0.0,0.0,0.0,0.0,0.0,0.0,0.0,0.0,0.0
Madhya Pradesh,2007.0,Sati Prevention Act,11. Sati Prevention Act,1987.0,0.0,0.0,0.0,0.0,0.0,0.0,0.0,0.0,0.0,0.0,0.0,0.0,0.0,0.0,0.0,0.0,0.0
Maharashtra,2007.0,Sati Prevention Act,11. Sati Prevention Act,1987.0,0.0,0.0,0.0,0.0,0.0,0.0,0.0,0.0,0.0,0.0,0.0,0.0,0.0,0.0,0.0,0.0,0.0
Manipur,2007.0,Sati Prevention Act,11. Sati Prevention Act,1987.0,0.0,0.0,0.0,0.0,0.0,0.0,0.0,0.0,0.0,0.0,0.0,0.0,0.0,0.0,0.0,0.0,0.0
Meghalaya,2007.0,Sati Prevention Act,11. Sati Prevention Act,1987.0,0.0,0.0,0.0,0.0,0.0,0.0,0.0,0.0,0.0,0.0,0.0,0.0,0.0,0.0,0.0,0.0,0.0
Mizoram,2007.0,Sati Prevention Act,11. Sati Prevention Act,1987.0,0.0,0.0,0.0,0.0,0.0,0.0,0.0,0.0,0.0,0.0,0.0,0.0,0.0,0.0,0.0,0.0,0.0
Nagaland,2007.0,Sati Prevention Act,11. Sati Prevention Act,1987.0,0.0,0.0,0.0,0.0,0.0,0.0,0.0,0.0,0.0,0.0,0.0,0.0,0.0,0.0,0.0,0.0,0.0
Odisha,2007.0,Sati Prevention Act,11. Sati Prevention Act,1987.0,0.0,0.0,0.0,0.0,0.0,0.0,0.0,0.0,0.0,0.0,0.0,0.0,0.0,0.0,0.0,0.0,0.0
Puducherry,2007.0,Sati Prevention Act,11. Sati Prevention Act,1987.0,0.0,0.0,0.0,0.0,0.0,0.0,0.0,0.0,0.0,0.0,0.0,0.0,0.0,0.0,0.0,0.0,0.0
Punjab,2007.0,Sati Prevention Act,11. Sati Prevention Act,1987.0,0.0,0.0,0.0,0.0,0.0,0.0,0.0,0.0,0.0,0.0,0.0,0.0,0.0,0.0,0.0,0.0,0.0
Rajasthan,2007.0,Sati Prevention Act,11. Sati Prevention Act,1987.0,0.0,0.0,0.0,0.0,0.0,0.0,0.0,0.0,0.0,0.0,1.0,1.0,0.0,0.0,0.0,0.0,0.0
Sikkim,2007.0,Sati Prevention Act,11. Sati Prevention Act,1987.0,0.0,0.0,0.0,0.0,0.0,0.0,0.0,0.0,0.0,0.0,0.0,0.0,0.0,0.0,0.0,0.0,0.0
Tamil Nadu,2007.0,Sati Prevention Act,11. Sati Prevention Act,1987.0,0.0,0.0,0.0,0.0,0.0,0.0,0.0,0.0,0.0,0.0,0.0,0.0,0.0,0.0,0.0,0.0,0.0
Tripura,2007.0,Sati Prevention Act,11. Sati Prevention Act,1987.0,0.0,0.0,0.0,0.0,0.0,0.0,0.0,0.0,0.0,0.0,0.0,0.0,0.0,0.0,0.0,0.0,0.0
Uttar Pradesh,2007.0,Sati Prevention Act,11. Sati Prevention Act,1987.0,0.0,0.0,0.0,0.0,0.0,0.0,0.0,0.0,0.0,0.0,0.0,0.0,0.0,0.0,0.0,0.0,0.0
Uttarakhand,2007.0,Sati Prevention Act,11. Sati Prevention Act,1987.0,0.0,0.0,0.0,0.0,0.0,0.0,0.0,0.0,0.0,0.0,0.0,0.0,0.0,0.0,0.0,0.0,0.0
West Bengal,2007.0,Sati Prevention Act,11. Sati Prevention Act,1987.0,0.0,0.0,0.0,0.0,0.0,0.0,0.0,0.0,0.0,0.0,0.0,0.0,0.0,0.0,0.0,0.0,0.0
Andaman & Nicobar Islands,2008.0,Sati Prevention Act,11. Sati Prevention Act,1987.0,0.0,0.0,0.0,0.0,0.0,0.0,0.0,0.0,0.0,0.0,0.0,0.0,0.0,0.0,0.0,0.0,0.0
Andhra Pradesh,2008.0,Sati Prevention Act,11. Sati Prevention Act,1987.0,0.0,0.0,0.0,0.0,0.0,0.0,0.0,0.0,0.0,0.0,0.0,0.0,0.0,0.0,0.0,0.0,0.0
Arunachal Pradesh,2008.0,Sati Prevention Act,11. Sati Prevention Act,1987.0,0.0,0.0,0.0,0.0,0.0,0.0,0.0,0.0,0.0,0.0,0.0,0.0,0.0,0.0,0.0,0.0,0.0
Assam,2008.0,Sati Prevention Act,11. Sati Prevention Act,1987.0,0.0,0.0,0.0,0.0,0.0,0.0,0.0,0.0,0.0,0.0,0.0,0.0,0.0,0.0,0.0,0.0,0.0
Bihar,2008.0,Sati Prevention Act,11. Sati Prevention Act,1987.0,0.0,0.0,0.0,0.0,0.0,0.0,0.0,0.0,0.0,0.0,0.0,0.0,0.0,0.0,0.0,0.0,0.0
Chandigarh,2008.0,Sati Prevention Act,11. Sati Prevention Act,1987.0,0.0,0.0,0.0,0.0,0.0,0.0,0.0,0.0,0.0,0.0,0.0,0.0,0.0,0.0,0.0,0.0,0.0
Chhattisgarh,2008.0,Sati Prevention Act,11. Sati Prevention Act,1987.0,0.0,0.0,1.0,0.0,0.0,0.0,1.0,0.0,0.0,0.0,1.0,0.0,1.0,1.0,0.0,0.0,0.0
Dadra & Nagar Haveli,2008.0,Sati Prevention Act,11. Sati Prevention Act,1987.0,0.0,0.0,0.0,0.0,0.0,0.0,0.0,0.0,0.0,0.0,0.0,0.0,0.0,0.0,0.0,0.0,0.0
Daman & Diu,2008.0,Sati Prevention Act,11. Sati Prevention Act,1987.0,0.0,0.0,0.0,0.0,0.0,0.0,0.0,0.0,0.0,0.0,0.0,0.0,0.0,0.0,0.0,0.0,0.0
Delhi,2008.0,Sati Prevention Act,11. Sati Prevention Act,1987.0,0.0,0.0,0.0,0.0,0.0,0.0,0.0,0.0,0.0,0.0,0.0,0.0,0.0,0.0,0.0,0.0,0.0
Goa,2008.0,Sati Prevention Act,11. Sati Prevention Act,1987.0,0.0,0.0,0.0,0.0,0.0,0.0,0.0,0.0,0.0,0.0,0.0,0.0,0.0,0.0,0.0,0.0,0.0
Gujarat,2008.0,Sati Prevention Act,11. Sati Prevention Act,1987.0,0.0,0.0,0.0,0.0,0.0,0.0,0.0,0.0,0.0,0.0,0.0,0.0,0.0,0.0,0.0,0.0,0.0
Haryana,2008.0,Sati Prevention Act,11. Sati Prevention Act,1987.0,0.0,0.0,0.0,0.0,0.0,0.0,0.0,0.0,0.0,0.0,0.0,0.0,0.0,0.0,0.0,0.0,0.0
Himachal Pradesh,2008.0,Sati Prevention Act,11. Sati Prevention Act,1987.0,0.0,0.0,0.0,0.0,0.0,0.0,0.0,0.0,0.0,0.0,0.0,0.0,0.0,0.0,0.0,0.0,0.0
Jammu & Kashmir,2008.0,Sati Prevention Act,11. Sati Prevention Act,1987.0,0.0,0.0,0.0,0.0,0.0,0.0,0.0,0.0,0.0,0.0,0.0,0.0,0.0,0.0,0.0,0.0,0.0
Jharkhand,2008.0,Sati Prevention Act,11. Sati Prevention Act,1987.0,0.0,0.0,0.0,0.0,0.0,0.0,0.0,0.0,0.0,0.0,0.0,0.0,0.0,0.0,0.0,0.0,0.0
Karnataka,2008.0,Sati Prevention Act,11. Sati Prevention Act,1987.0,0.0,0.0,0.0,0.0,0.0,0.0,0.0,0.0,0.0,0.0,0.0,0.0,0.0,0.0,0.0,0.0,0.0
Kerala,2008.0,Sati Prevention Act,11. Sati Prevention Act,1987.0,0.0,0.0,0.0,0.0,0.0,0.0,0.0,0.0,0.0,0.0,0.0,0.0,0.0,0.0,0.0,0.0,0.0
Lakshadweep,2008.0,Sati Prevention Act,11. Sati Prevention Act,1987.0,0.0,0.0,0.0,0.0,0.0,0.0,0.0,0.0,0.0,0.0,0.0,0.0,0.0,0.0,0.0,0.0,0.0
Madhya Pradesh,2008.0,Sati Prevention Act,11. Sati Prevention Act,1987.0,0.0,0.0,0.0,0.0,0.0,0.0,0.0,0.0,0.0,0.0,0.0,0.0,0.0,0.0,0.0,0.0,0.0
Maharashtra,2008.0,Sati Prevention Act,11. Sati Prevention Act,1987.0,0.0,0.0,0.0,0.0,0.0,0.0,0.0,0.0,0.0,0.0,0.0,0.0,0.0,0.0,0.0,0.0,0.0
Manipur,2008.0,Sati Prevention Act,11. Sati Prevention Act,1987.0,0.0,0.0,0.0,0.0,0.0,0.0,0.0,0.0,0.0,0.0,0.0,0.0,0.0,0.0,0.0,0.0,0.0
Meghalaya,2008.0,Sati Prevention Act,11. Sati Prevention Act,1987.0,0.0,0.0,0.0,0.0,0.0,0.0,0.0,0.0,0.0,0.0,0.0,0.0,0.0,0.0,0.0,0.0,0.0
Mizoram,2008.0,Sati Prevention Act,11. Sati Prevention Act,1987.0,0.0,0.0,0.0,0.0,0.0,0.0,0.0,0.0,0.0,0.0,0.0,0.0,0.0,0.0,0.0,0.0,0.0
Nagaland,2008.0,Sati Prevention Act,11. Sati Prevention Act,1987.0,0.0,0.0,0.0,0.0,0.0,0.0,0.0,0.0,0.0,0.0,0.0,0.0,0.0,0.0,0.0,0.0,0.0
Odisha,2008.0,Sati Prevention Act,11. Sati Prevention Act,1987.0,0.0,0.0,0.0,0.0,0.0,0.0,0.0,0.0,0.0,0.0,0.0,0.0,0.0,0.0,0.0,0.0,0.0
Puducherry,2008.0,Sati Prevention Act,11. Sati Prevention Act,1987.0,0.0,0.0,0.0,0.0,0.0,0.0,0.0,0.0,0.0,0.0,0.0,0.0,0.0,0.0,0.0,0.0,0.0
Punjab,2008.0,Sati Prevention Act,11. Sati Prevention Act,1987.0,0.0,0.0,0.0,0.0,0.0,0.0,0.0,0.0,0.0,0.0,0.0,0.0,0.0,0.0,0.0,0.0,0.0
Rajasthan,2008.0,Sati Prevention Act,11. Sati Prevention Act,1987.0,0.0,0.0,0.0,0.0,0.0,0.0,0.0,0.0,0.0,0.0,1.0,1.0,0.0,0.0,0.0,0.0,0.0
Sikkim,2008.0,Sati Prevention Act,11. Sati Prevention Act,1987.0,0.0,0.0,0.0,0.0,0.0,0.0,0.0,0.0,0.0,0.0,0.0,0.0,0.0,0.0,0.0,0.0,0.0
Tamil Nadu,2008.0,Sati Prevention Act,11. Sati Prevention Act,1987.0,0.0,0.0,0.0,0.0,0.0,0.0,0.0,0.0,0.0,0.0,0.0,0.0,0.0,0.0,0.0,0.0,0.0
Tripura,2008.0,Sati Prevention Act,11. Sati Prevention Act,1987.0,0.0,0.0,0.0,0.0,0.0,0.0,0.0,0.0,0.0,0.0,0.0,0.0,0.0,0.0,0.0,0.0,0.0
Uttar Pradesh,2008.0,Sati Prevention Act,11. Sati Prevention Act,1987.0,0.0,0.0,0.0,0.0,0.0,0.0,0.0,0.0,0.0,0.0,0.0,0.0,0.0,0.0,0.0,0.0,0.0
Uttarakhand,2008.0,Sati Prevention Act,11. Sati Prevention Act,1987.0,0.0,0.0,0.0,0.0,0.0,0.0,0.0,0.0,0.0,0.0,0.0,0.0,0.0,0.0,0.0,0.0,0.0
West Bengal,2008.0,Sati Prevention Act,11. Sati Prevention Act,1987.0,0.0,0.0,0.0,0.0,0.0,0.0,0.0,0.0,0.0,0.0,0.0,0.0,0.0,0.0,0.0,0.0,0.0
Andaman & Nicobar Islands,2009.0,Sati Prevention Act,11. Sati Prevention Act,1987.0,0.0,0.0,0.0,0.0,0.0,0.0,0.0,0.0,0.0,0.0,0.0,0.0,0.0,0.0,0.0,0.0,0.0
Andhra Pradesh,2009.0,Sati Prevention Act,11. Sati Prevention Act,1987.0,0.0,0.0,0.0,0.0,0.0,0.0,0.0,0.0,0.0,0.0,0.0,0.0,0.0,0.0,0.0,0.0,0.0
Arunachal Pradesh,2009.0,Sati Prevention Act,11. Sati Prevention Act,1987.0,0.0,0.0,0.0,0.0,0.0,0.0,0.0,0.0,0.0,0.0,0.0,0.0,0.0,0.0,0.0,0.0,0.0
Assam,2009.0,Sati Prevention Act,11. Sati Prevention Act,1987.0,0.0,0.0,0.0,0.0,0.0,0.0,0.0,0.0,0.0,0.0,0.0,0.0,0.0,0.0,0.0,0.0,0.0
Bihar,2009.0,Sati Prevention Act,11. Sati Prevention Act,1987.0,0.0,0.0,0.0,0.0,0.0,0.0,0.0,0.0,0.0,0.0,0.0,0.0,0.0,0.0,0.0,0.0,0.0
Chandigarh,2009.0,Sati Prevention Act,11. Sati Prevention Act,1987.0,0.0,0.0,0.0,0.0,0.0,0.0,0.0,0.0,0.0,0.0,0.0,0.0,0.0,0.0,0.0,0.0,0.0
Chhattisgarh,2009.0,Sati Prevention Act,11. Sati Prevention Act,1987.0,0.0,0.0,0.0,1.0,0.0,0.0,0.0,0.0,0.0,0.0,0.0,1.0,0.0,0.0,0.0,0.0,0.0
Dadra & Nagar Haveli,2009.0,Sati Prevention Act,11. Sati Prevention Act,1987.0,0.0,0.0,0.0,0.0,0.0,0.0,0.0,0.0,0.0,0.0,0.0,0.0,0.0,0.0,0.0,0.0,0.0
Daman & Diu,2009.0,Sati Prevention Act,11. Sati Prevention Act,1987.0,0.0,0.0,0.0,0.0,0.0,0.0,0.0,0.0,0.0,0.0,0.0,0.0,0.0,0.0,0.0,0.0,0.0
Delhi,2009.0,Sati Prevention Act,11. Sati Prevention Act,1987.0,0.0,0.0,0.0,0.0,0.0,0.0,0.0,0.0,0.0,0.0,0.0,0.0,0.0,0.0,0.0,0.0,0.0
Goa,2009.0,Sati Prevention Act,11. Sati Prevention Act,1987.0,0.0,0.0,0.0,0.0,0.0,0.0,0.0,0.0,0.0,0.0,0.0,0.0,0.0,0.0,0.0,0.0,0.0
Gujarat,2009.0,Sati Prevention Act,11. Sati Prevention Act,1987.0,0.0,0.0,0.0,0.0,0.0,0.0,0.0,0.0,0.0,0.0,0.0,0.0,0.0,0.0,0.0,0.0,0.0
Haryana,2009.0,Sati Prevention Act,11. Sati Prevention Act,1987.0,0.0,0.0,0.0,0.0,0.0,0.0,0.0,0.0,0.0,0.0,0.0,0.0,0.0,0.0,0.0,0.0,0.0
Himachal Pradesh,2009.0,Sati Prevention Act,11. Sati Prevention Act,1987.0,0.0,0.0,0.0,0.0,0.0,0.0,0.0,0.0,0.0,0.0,0.0,0.0,0.0,0.0,0.0,0.0,0.0
Jammu & Kashmir,2009.0,Sati Prevention Act,11. Sati Prevention Act,1987.0,0.0,0.0,0.0,0.0,0.0,0.0,0.0,0.0,0.0,0.0,0.0,0.0,0.0,0.0,0.0,0.0,0.0
Jharkhand,2009.0,Sati Prevention Act,11. Sati Prevention Act,1987.0,0.0,0.0,0.0,0.0,0.0,0.0,0.0,0.0,0.0,0.0,0.0,0.0,0.0,0.0,0.0,0.0,0.0
Karnataka,2009.0,Sati Prevention Act,11. Sati Prevention Act,1987.0,0.0,0.0,0.0,0.0,0.0,0.0,0.0,0.0,0.0,0.0,0.0,0.0,0.0,0.0,0.0,0.0,0.0
Kerala,2009.0,Sati Prevention Act,11. Sati Prevention Act,1987.0,0.0,0.0,0.0,0.0,0.0,0.0,0.0,0.0,0.0,0.0,0.0,0.0,0.0,0.0,0.0,0.0,0.0
Lakshadweep,2009.0,Sati Prevention Act,11. Sati Prevention Act,1987.0,0.0,0.0,0.0,0.0,0.0,0.0,0.0,0.0,0.0,0.0,0.0,0.0,0.0,0.0,0.0,0.0,0.0
Madhya Pradesh,2009.0,Sati Prevention Act,11. Sati Prevention Act,1987.0,0.0,0.0,0.0,0.0,0.0,0.0,0.0,0.0,0.0,0.0,0.0,0.0,0.0,0.0,0.0,0.0,0.0
Maharashtra,2009.0,Sati Prevention Act,11. Sati Prevention Act,1987.0,0.0,0.0,0.0,0.0,0.0,0.0,0.0,0.0,0.0,0.0,0.0,0.0,0.0,0.0,0.0,0.0,0.0
Manipur,2009.0,Sati Prevention Act,11. Sati Prevention Act,1987.0,0.0,0.0,0.0,0.0,0.0,0.0,0.0,0.0,0.0,0.0,0.0,0.0,0.0,0.0,0.0,0.0,0.0
Meghalaya,2009.0,Sati Prevention Act,11. Sati Prevention Act,1987.0,0.0,0.0,0.0,0.0,0.0,0.0,0.0,0.0,0.0,0.0,0.0,0.0,0.0,0.0,0.0,0.0,0.0
Mizoram,2009.0,Sati Prevention Act,11. Sati Prevention Act,1987.0,0.0,0.0,0.0,0.0,0.0,0.0,0.0,0.0,0.0,0.0,0.0,0.0,0.0,0.0,0.0,0.0,0.0
Nagaland,2009.0,Sati Prevention Act,11. Sati Prevention Act,1987.0,0.0,0.0,0.0,0.0,0.0,0.0,0.0,0.0,0.0,0.0,0.0,0.0,0.0,0.0,0.0,0.0,0.0
Odisha,2009.0,Sati Prevention Act,11. Sati Prevention Act,1987.0,0.0,0.0,0.0,0.0,0.0,0.0,0.0,0.0,0.0,0.0,0.0,0.0,0.0,0.0,0.0,0.0,0.0
Puducherry,2009.0,Sati Prevention Act,11. Sati Prevention Act,1987.0,0.0,0.0,0.0,0.0,0.0,0.0,0.0,0.0,0.0,0.0,0.0,0.0,0.0,0.0,0.0,0.0,0.0
Punjab,2009.0,Sati Prevention Act,11. Sati Prevention Act,1987.0,0.0,0.0,0.0,0.0,0.0,0.0,0.0,0.0,0.0,0.0,0.0,0.0,0.0,0.0,0.0,0.0,0.0
Rajasthan,2009.0,Sati Prevention Act,11. Sati Prevention Act,1987.0,0.0,0.0,0.0,0.0,0.0,0.0,0.0,0.0,0.0,0.0,1.0,1.0,0.0,0.0,0.0,0.0,0.0
Sikkim,2009.0,Sati Prevention Act,11. Sati Prevention Act,1987.0,0.0,0.0,0.0,0.0,0.0,0.0,0.0,0.0,0.0,0.0,0.0,0.0,0.0,0.0,0.0,0.0,0.0
Tamil Nadu,2009.0,Sati Prevention Act,11. Sati Prevention Act,1987.0,0.0,0.0,0.0,0.0,0.0,0.0,0.0,0.0,0.0,0.0,0.0,0.0,0.0,0.0,0.0,0.0,0.0
Tripura,2009.0,Sati Prevention Act,11. Sati Prevention Act,1987.0,0.0,0.0,0.0,0.0,0.0,0.0,0.0,0.0,0.0,0.0,0.0,0.0,0.0,0.0,0.0,0.0,0.0
Uttar Pradesh,2009.0,Sati Prevention Act,11. Sati Prevention Act,1987.0,0.0,0.0,0.0,0.0,0.0,0.0,0.0,0.0,0.0,0.0,0.0,0.0,0.0,0.0,0.0,0.0,0.0
Uttarakhand,2009.0,Sati Prevention Act,11. Sati Prevention Act,1987.0,0.0,0.0,0.0,0.0,0.0,0.0,0.0,0.0,0.0,0.0,0.0,0.0,0.0,0.0,0.0,0.0,0.0
West Bengal,2009.0,Sati Prevention Act,11. Sati Prevention Act,1987.0,0.0,0.0,0.0,0.0,0.0,0.0,0.0,0.0,0.0,0.0,0.0,0.0,0.0,0.0,0.0,0.0,0.0
Andaman & Nicobar Islands,2010.0,Sati Prevention Act,11. Sati Prevention Act,1987.0,0.0,0.0,0.0,0.0,0.0,0.0,0.0,0.0,0.0,0.0,0.0,0.0,0.0,0.0,0.0,0.0,0.0
Andhra Pradesh,2010.0,Sati Prevention Act,11. Sati Prevention Act,1987.0,0.0,0.0,0.0,0.0,0.0,0.0,0.0,0.0,0.0,0.0,0.0,0.0,0.0,0.0,0.0,0.0,0.0
Arunachal Pradesh,2010.0,Sati Prevention Act,11. Sati Prevention Act,1987.0,0.0,0.0,0.0,0.0,0.0,0.0,0.0,0.0,0.0,0.0,0.0,0.0,0.0,0.0,0.0,0.0,0.0
Assam,2010.0,Sati Prevention Act,11. Sati Prevention Act,1987.0,0.0,0.0,0.0,0.0,0.0,0.0,0.0,0.0,0.0,0.0,0.0,0.0,0.0,0.0,0.0,0.0,0.0
Bihar,2010.0,Sati Prevention Act,11. Sati Prevention Act,1987.0,0.0,0.0,0.0,0.0,0.0,0.0,0.0,0.0,0.0,0.0,0.0,0.0,0.0,0.0,0.0,0.0,0.0
Chandigarh,2010.0,Sati Prevention Act,11. Sati Prevention Act,1987.0,0.0,0.0,0.0,0.0,0.0,0.0,0.0,0.0,0.0,0.0,0.0,0.0,0.0,0.0,0.0,0.0,0.0
Chhattisgarh,2010.0,Sati Prevention Act,11. Sati Prevention Act,1987.0,0.0,0.0,0.0,0.0,0.0,0.0,0.0,0.0,0.0,0.0,0.0,0.0,0.0,0.0,0.0,0.0,0.0
Dadra & Nagar Haveli,2010.0,Sati Prevention Act,11. Sati Prevention Act,1987.0,0.0,0.0,0.0,0.0,0.0,0.0,0.0,0.0,0.0,0.0,0.0,0.0,0.0,0.0,0.0,0.0,0.0
Daman & Diu,2010.0,Sati Prevention Act,11. Sati Prevention Act,1987.0,0.0,0.0,0.0,0.0,0.0,0.0,0.0,0.0,0.0,0.0,0.0,0.0,0.0,0.0,0.0,0.0,0.0
Delhi,2010.0,Sati Prevention Act,11. Sati Prevention Act,1987.0,0.0,0.0,0.0,0.0,0.0,0.0,0.0,0.0,0.0,0.0,0.0,0.0,0.0,0.0,0.0,0.0,0.0
Goa,2010.0,Sati Prevention Act,11. Sati Prevention Act,1987.0,0.0,0.0,0.0,0.0,0.0,0.0,0.0,0.0,0.0,0.0,0.0,0.0,0.0,0.0,0.0,0.0,0.0
Gujarat,2010.0,Sati Prevention Act,11. Sati Prevention Act,1987.0,0.0,0.0,0.0,0.0,0.0,0.0,0.0,0.0,0.0,0.0,0.0,0.0,0.0,0.0,0.0,0.0,0.0
Haryana,2010.0,Sati Prevention Act,11. Sati Prevention Act,1987.0,0.0,0.0,0.0,0.0,0.0,0.0,0.0,0.0,0.0,0.0,0.0,0.0,0.0,0.0,0.0,0.0,0.0
Himachal Pradesh,2010.0,Sati Prevention Act,11. Sati Prevention Act,1987.0,0.0,0.0,0.0,0.0,0.0,0.0,0.0,0.0,0.0,0.0,0.0,0.0,0.0,0.0,0.0,0.0,0.0
Jammu & Kashmir,2010.0,Sati Prevention Act,11. Sati Prevention Act,1987.0,0.0,0.0,0.0,0.0,0.0,0.0,0.0,0.0,0.0,0.0,0.0,0.0,0.0,0.0,0.0,0.0,0.0
Jharkhand,2010.0,Sati Prevention Act,11. Sati Prevention Act,1987.0,0.0,0.0,0.0,0.0,0.0,0.0,0.0,0.0,0.0,0.0,0.0,0.0,0.0,0.0,0.0,0.0,0.0
Karnataka,2010.0,Sati Prevention Act,11. Sati Prevention Act,1987.0,0.0,0.0,0.0,0.0,0.0,0.0,0.0,0.0,0.0,0.0,0.0,0.0,0.0,0.0,0.0,0.0,0.0
Kerala,2010.0,Sati Prevention Act,11. Sati Prevention Act,1987.0,0.0,0.0,0.0,0.0,0.0,0.0,0.0,0.0,0.0,0.0,0.0,0.0,0.0,0.0,0.0,0.0,0.0
Lakshadweep,2010.0,Sati Prevention Act,11. Sati Prevention Act,1987.0,0.0,0.0,0.0,0.0,0.0,0.0,0.0,0.0,0.0,0.0,0.0,0.0,0.0,0.0,0.0,0.0,0.0
Madhya Pradesh,2010.0,Sati Prevention Act,11. Sati Prevention Act,1987.0,0.0,0.0,0.0,0.0,0.0,0.0,0.0,0.0,0.0,0.0,0.0,0.0,0.0,0.0,0.0,0.0,0.0
Maharashtra,2010.0,Sati Prevention Act,11. Sati Prevention Act,1987.0,0.0,0.0,0.0,0.0,0.0,0.0,0.0,0.0,0.0,0.0,0.0,0.0,0.0,0.0,0.0,0.0,0.0
Manipur,2010.0,Sati Prevention Act,11. Sati Prevention Act,1987.0,0.0,0.0,0.0,0.0,0.0,0.0,0.0,0.0,0.0,0.0,0.0,0.0,0.0,0.0,0.0,0.0,0.0
Meghalaya,2010.0,Sati Prevention Act,11. Sati Prevention Act,1987.0,0.0,0.0,0.0,0.0,0.0,0.0,0.0,0.0,0.0,0.0,0.0,0.0,0.0,0.0,0.0,0.0,0.0
Mizoram,2010.0,Sati Prevention Act,11. Sati Prevention Act,1987.0,0.0,0.0,0.0,0.0,0.0,0.0,0.0,0.0,0.0,0.0,0.0,0.0,0.0,0.0,0.0,0.0,0.0
Nagaland,2010.0,Sati Prevention Act,11. Sati Prevention Act,1987.0,0.0,0.0,0.0,0.0,0.0,0.0,0.0,0.0,0.0,0.0,0.0,0.0,0.0,0.0,0.0,0.0,0.0
Odisha,2010.0,Sati Prevention Act,11. Sati Prevention Act,1987.0,0.0,0.0,0.0,0.0,0.0,0.0,0.0,0.0,0.0,0.0,0.0,0.0,0.0,0.0,0.0,0.0,0.0
Puducherry,2010.0,Sati Prevention Act,11. Sati Prevention Act,1987.0,0.0,0.0,0.0,0.0,0.0,0.0,0.0,0.0,0.0,0.0,0.0,0.0,0.0,0.0,0.0,0.0,0.0
Punjab,2010.0,Sati Prevention Act,11. Sati Prevention Act,1987.0,0.0,0.0,0.0,0.0,0.0,0.0,0.0,0.0,0.0,0.0,0.0,0.0,0.0,0.0,0.0,0.0,0.0
Rajasthan,2010.0,Sati Prevention Act,11. Sati Prevention Act,1987.0,0.0,0.0,0.0,0.0,0.0,0.0,0.0,0.0,0.0,0.0,1.0,1.0,0.0,0.0,0.0,0.0,0.0
Sikkim,2010.0,Sati Prevention Act,11. Sati Prevention Act,1987.0,0.0,0.0,0.0,0.0,0.0,0.0,0.0,0.0,0.0,0.0,0.0,0.0,0.0,0.0,0.0,0.0,0.0
Tamil Nadu,2010.0,Sati Prevention Act,11. Sati Prevention Act,1987.0,0.0,0.0,0.0,0.0,0.0,0.0,0.0,0.0,0.0,0.0,0.0,0.0,0.0,0.0,0.0,0.0,0.0
Tripura,2010.0,Sati Prevention Act,11. Sati Prevention Act,1987.0,0.0,0.0,0.0,0.0,0.0,0.0,0.0,0.0,0.0,0.0,0.0,0.0,0.0,0.0,0.0,0.0,0.0
Uttar Pradesh,2010.0,Sati Prevention Act,11. Sati Prevention Act,1987.0,0.0,0.0,0.0,0.0,0.0,0.0,0.0,0.0,0.0,0.0,0.0,0.0,0.0,0.0,0.0,0.0,0.0
Uttarakhand,2010.0,Sati Prevention Act,11. Sati Prevention Act,1987.0,0.0,0.0,0.0,0.0,0.0,0.0,0.0,0.0,0.0,0.0,0.0,0.0,0.0,0.0,0.0,0.0,0.0
West Bengal,2010.0,Sati Prevention Act,11. Sati Prevention Act,1987.0,0.0,0.0,0.0,0.0,0.0,0.0,0.0,0.0,0.0,0.0,0.0,0.0,0.0,0.0,0.0,0.0,0.0
Andaman & Nicobar Islands,2001.0,Total Crime Against Women,12. Total Crimes Against Women,14.0,6.0,40.0,0.0,0.0,0.0,46.0,0.0,6.0,18.0,170.0,144.0,34.0,40.0,14.0,0.0,0.0,184.0
Andhra Pradesh,2001.0,Total Crime Against Women,12. Total Crimes Against Women,6773.0,236.0,13848.0,1849.0,4765.0,2067.0,14084.0,88.0,4266.0,4028.0,18625.0,18205.0,16477.0,13848.0,11538.0,41.0,0.0,32012.0
Arunachal Pradesh,2001.0,Total Crime Against Women,12. Total Crimes Against Women,12.0,22.0,138.0,7.0,36.0,0.0,160.0,0.0,49.0,29.0,684.0,601.0,180.0,138.0,48.0,0.0,0.0,739.0
Assam,2001.0,Total Crime Against Women,12. Total Crimes Against Women,1289.0,1031.0,2115.0,154.0,302.0,322.0,3146.0,4.0,4919.0,4148.0,6984.0,6614.0,4243.0,2115.0,1591.0,0.0,0.0,8729.0
Bihar,2001.0,Total Crime Against Women,12. Total Crimes Against Women,1760.0,627.0,4307.0,196.0,768.0,401.0,4934.0,0.0,3114.0,3093.0,15080.0,13497.0,5356.0,4307.0,2528.0,0.0,0.0,17804.0
Chandigarh,2001.0,Total Crime Against Women,12. Total Crimes Against Women,45.0,24.0,95.0,0.0,28.0,30.0,119.0,0.0,43.0,42.0,265.0,243.0,150.0,95.0,73.0,0.0,0.0,338.0
Chhattisgarh,2001.0,Total Crime Against Women,12. Total Crimes Against Women,1057.0,64.0,4004.0,466.0,619.0,27.0,4068.0,4.0,190.0,300.0,14963.0,13101.0,3989.0,4004.0,1676.0,0.0,0.0,17105.0
Dadra & Nagar Haveli,2001.0,Total Crime Against Women,12. Total Crimes Against Women,4.0,3.0,20.0,0.0,2.0,0.0,23.0,0.0,7.0,11.0,63.0,49.0,19.0,20.0,6.0,0.0,0.0,69.0
Daman & Diu,2001.0,Total Crime Against Women,12. Total Crimes Against Women,6.0,2.0,8.0,0.0,0.0,0.0,10.0,0.0,2.0,2.0,12.0,10.0,10.0,8.0,6.0,0.0,0.0,18.0
Delhi,2001.0,Total Crime Against Women,12. Total Crimes Against Women,1175.0,705.0,1615.0,0.0,813.0,200.0,2320.0,0.0,1392.0,1621.0,4592.0,4965.0,2291.0,1615.0,1988.0,0.0,0.0,6580.0
Goa,2001.0,Total Crime Against Women,12. Total Crimes Against Women,88.0,11.0,81.0,8.0,89.0,1.0,92.0,0.0,22.0,32.0,194.0,298.0,83.0,81.0,177.0,0.0,0.0,379.0
Gujarat,2001.0,Total Crime Against Women,12. Total Crimes Against Women,2351.0,232.0,5418.0,425.0,147.0,255.0,5650.0,18.0,346.0,464.0,29120.0,26625.0,5805.0,5418.0,2498.0,0.0,0.0,32043.0
Haryana,2001.0,Total Crime Against Women,12. Total Crimes Against Women,1787.0,337.0,2576.0,24.0,745.0,495.0,2913.0,0.0,336.0,351.0,7424.0,7404.0,3393.0,2576.0,2532.0,0.0,0.0,9980.0
Himachal Pradesh,2001.0,Total Crime Against Women,12. Total Crimes Against Women,403.0,13.0,763.0,168.0,65.0,146.0,776.0,0.0,148.0,180.0,2665.0,2540.0,890.0,763.0,468.0,2.0,0.0,3301.0
Jammu & Kashmir,2001.0,Total Crime Against Women,12. Total Crimes Against Women,731.0,57.0,1430.0,117.0,103.0,232.0,1487.0,1.0,457.0,521.0,4831.0,4352.0,1656.0,1430.0,834.0,0.0,0.0,5782.0
Jharkhand,2001.0,Total Crime Against Women,12. Total Crimes Against Women,998.0,238.0,1909.0,61.0,319.0,68.0,2147.0,3.0,737.0,726.0,5185.0,4654.0,2229.0,1909.0,1317.0,0.0,0.0,6563.0
Karnataka,2001.0,Total Crime Against Women,12. Total Crimes Against Women,2540.0,326.0,5528.0,583.0,1438.0,402.0,5854.0,64.0,999.0,1317.0,11453.0,10509.0,6002.0,5528.0,3978.0,23.0,0.0,16014.0
Kerala,2001.0,Total Crime Against Women,12. Total Crimes Against Women,1868.0,73.0,4619.0,543.0,265.0,452.0,4692.0,65.0,1691.0,1450.0,14799.0,12856.0,5450.0,4619.0,2133.0,0.0,0.0,17475.0
Lakshadweep,2001.0,Total Crime Against Women,12. Total Crimes Against Women,0.0,0.0,1.0,0.0,0.0,0.0,1.0,0.0,0.0,1.0,1.0,0.0,0.0,1.0,0.0,0.0,0.0,1.0
Madhya Pradesh,2001.0,Total Crime Against Women,12. Total Crimes Against Women,6040.0,437.0,13924.0,3054.0,2960.0,53.0,14361.0,10.0,793.0,821.0,42938.0,41134.0,14549.0,13924.0,9000.0,66.0,153.0,54992.0
Maharashtra,2001.0,Total Crime Against Women,12. Total Crimes Against Women,7469.0,306.0,12255.0,1958.0,659.0,165.0,12561.0,1.0,2181.0,2384.0,84840.0,82671.0,12524.0,12255.0,8128.0,0.0,0.0,94926.0
Manipur,2001.0,Total Crime Against Women,12. Total Crimes Against Women,3.0,147.0,10.0,0.0,8.0,0.0,157.0,0.0,112.0,157.0,70.0,71.0,112.0,10.0,11.0,0.0,0.0,81.0
Meghalaya,2001.0,Total Crime Against Women,12. Total Crimes Against Women,22.0,20.0,48.0,0.0,2.0,0.0,68.0,0.0,108.0,110.0,417.0,393.0,66.0,48.0,24.0,0.0,0.0,441.0
Mizoram,2001.0,Total Crime Against Women,12. Total Crimes Against Women,19.0,2.0,106.0,0.0,89.0,0.0,108.0,0.0,35.0,17.0,150.0,152.0,126.0,106.0,108.0,0.0,0.0,258.0
Nagaland,2001.0,Total Crime Against Women,12. Total Crimes Against Women,2.0,4.0,16.0,1.0,4.0,0.0,20.0,0.0,39.0,29.0,95.0,86.0,30.0,16.0,6.0,0.0,0.0,102.0
Odisha,2001.0,Total Crime Against Women,12. Total Crimes Against Women,2922.0,227.0,5061.0,1.0,499.0,195.0,5288.0,2.0,1655.0,1783.0,15270.0,13631.0,5357.0,5061.0,3421.0,0.0,0.0,18692.0
Puducherry,2001.0,Total Crime Against Women,12. Total Crimes Against Women,20.0,1.0,114.0,20.0,68.0,1.0,115.0,2.0,11.0,10.0,110.0,104.0,119.0,114.0,88.0,0.0,0.0,218.0
Punjab,2001.0,Total Crime Against Women,12. Total Crimes Against Women,574.0,533.0,1310.0,47.0,242.0,320.0,1843.0,9.0,1377.0,1188.0,2625.0,2178.0,2361.0,1310.0,816.0,0.0,0.0,3488.0
Rajasthan,2001.0,Total Crime Against Women,12. Total Crimes Against Women,3591.0,268.0,7610.0,1042.0,2187.0,4563.0,7878.0,0.0,484.0,750.0,28069.0,27279.0,12175.0,7610.0,5778.0,0.0,0.0,34889.0
Sikkim,2001.0,Total Crime Against Women,12. Total Crimes Against Women,4.0,6.0,12.0,0.0,2.0,0.0,18.0,0.0,6.0,0.0,26.0,20.0,24.0,12.0,6.0,0.0,0.0,32.0
Tamil Nadu,2001.0,Total Crime Against Women,12. Total Crimes Against Women,1824.0,158.0,9666.0,192.0,7225.0,468.0,9824.0,108.0,1077.0,1383.0,8622.0,8208.0,10111.0,9666.0,9049.0,11.0,17.0,17863.0
Tripura,2001.0,Total Crime Against Women,12. Total Crimes Against Women,124.0,33.0,265.0,6.0,33.0,0.0,298.0,0.0,296.0,156.0,581.0,479.0,438.0,265.0,157.0,0.0,0.0,744.0
Uttar Pradesh,2001.0,Total Crime Against Women,12. Total Crimes Against Women,4890.0,2908.0,15566.0,1107.0,6690.0,1548.0,18474.0,0.0,2638.0,2433.0,43454.0,40575.0,20227.0,15566.0,11580.0,0.0,0.0,56141.0
Uttarakhand,2001.0,Total Crime Against Women,12. Total Crimes Against Women,226.0,124.0,572.0,32.0,326.0,58.0,696.0,0.0,77.0,82.0,1286.0,1298.0,749.0,572.0,552.0,0.0,0.0,1870.0
West Bengal,2001.0,Total Crime Against Women,12. Total Crimes Against Women,2161.0,744.0,5976.0,21.0,282.0,297.0,6720.0,8.0,7040.0,7495.0,37643.0,34131.0,6570.0,5976.0,2443.0,0.0,0.0,40107.0
Andaman & Nicobar Islands,2002.0,Total Crime Against Women,12. Total Crimes Against Women,14.0,6.0,23.0,0.0,4.0,0.0,29.0,0.0,4.0,6.0,175.0,170.0,27.0,23.0,18.0,0.0,0.0,193.0
Andhra Pradesh,2002.0,Total Crime Against Women,12. Total Crimes Against Women,6231.0,240.0,15620.0,2144.0,5212.0,2932.0,15860.0,47.0,4307.0,4266.0,20649.0,18625.0,18880.0,15620.0,11443.0,9.0,0.0,34236.0
Arunachal Pradesh,2002.0,Total Crime Against Women,12. Total Crimes Against Women,10.0,40.0,128.0,8.0,11.0,0.0,168.0,0.0,40.0,49.0,783.0,684.0,159.0,128.0,21.0,0.0,0.0,812.0
Assam,2002.0,Total Crime Against Women,12. Total Crimes Against Women,1385.0,994.0,3014.0,156.0,320.0,412.0,4008.0,5.0,5586.0,4919.0,8137.0,6984.0,5092.0,3014.0,1705.0,0.0,0.0,9998.0
Bihar,2002.0,Total Crime Against Women,12. Total Crimes Against Women,1869.0,745.0,4245.0,103.0,593.0,423.0,4990.0,0.0,3444.0,3114.0,16771.0,15091.0,5743.0,4245.0,2462.0,0.0,0.0,19336.0
Chandigarh,2002.0,Total Crime Against Women,12. Total Crimes Against Women,46.0,29.0,131.0,0.0,29.0,25.0,160.0,0.0,47.0,43.0,321.0,265.0,189.0,131.0,75.0,0.0,0.0,396.0
Chhattisgarh,2002.0,Total Crime Against Women,12. Total Crimes Against Women,2187.0,46.0,3520.0,1163.0,1649.0,34.0,3566.0,7.0,120.0,189.0,13478.0,14957.0,3538.0,3520.0,3836.0,0.0,0.0,18477.0
Dadra & Nagar Haveli,2002.0,Total Crime Against Women,12. Total Crimes Against Women,20.0,2.0,16.0,0.0,2.0,1.0,18.0,0.0,4.0,8.0,57.0,63.0,15.0,16.0,22.0,0.0,0.0,79.0
Daman & Diu,2002.0,Total Crime Against Women,12. Total Crimes Against Women,5.0,3.0,5.0,0.0,0.0,0.0,8.0,0.0,2.0,2.0,12.0,12.0,8.0,5.0,5.0,0.0,0.0,17.0
Delhi,2002.0,Total Crime Against Women,12. Total Crimes Against Women,583.0,373.0,1499.0,0.0,265.0,162.0,1872.0,40.0,1515.0,1392.0,5243.0,4592.0,2216.0,1499.0,848.0,0.0,19.0,6091.0
Goa,2002.0,Total Crime Against Women,12. Total Crimes Against Women,33.0,6.0,63.0,4.0,45.0,0.0,69.0,0.0,29.0,22.0,174.0,194.0,76.0,63.0,78.0,1.0,0.0,256.0
Gujarat,2002.0,Total Crime Against Women,12. Total Crimes Against Women,2375.0,228.0,4858.0,440.0,196.0,229.0,5086.0,14.0,390.0,346.0,30967.0,29120.0,5373.0,4858.0,2571.0,0.0,0.0,33978.0
Haryana,2002.0,Total Crime Against Women,12. Total Crimes Against Women,1970.0,346.0,3546.0,87.0,1581.0,562.0,3892.0,0.0,267.0,336.0,7332.0,7424.0,4385.0,3546.0,3551.0,0.0,0.0,10970.0
Himachal Pradesh,2002.0,Total Crime Against Women,12. Total Crimes Against Women,381.0,8.0,680.0,101.0,57.0,118.0,688.0,0.0,180.0,148.0,2806.0,2665.0,838.0,680.0,438.0,0.0,0.0,3345.0
Jammu & Kashmir,2002.0,Total Crime Against Women,12. Total Crimes Against Women,898.0,45.0,1647.0,91.0,152.0,212.0,1692.0,0.0,569.0,457.0,5337.0,4831.0,2016.0,1647.0,1050.0,0.0,0.0,6478.0
Jharkhand,2002.0,Total Crime Against Women,12. Total Crimes Against Women,1534.0,155.0,1959.0,88.0,400.0,85.0,2114.0,0.0,1158.0,867.0,7077.0,7155.0,2490.0,1959.0,1934.0,15.0,0.0,9099.0
Karnataka,2002.0,Total Crime Against Women,12. Total Crimes Against Women,2649.0,347.0,5338.0,534.0,1385.0,489.0,5685.0,67.0,928.0,999.0,12223.0,11453.0,6170.0,5338.0,4034.0,0.0,0.0,16791.0
Kerala,2002.0,Total Crime Against Women,12. Total Crimes Against Women,1921.0,97.0,4987.0,479.0,266.0,603.0,5084.0,67.0,1766.0,1691.0,17120.0,14799.0,5829.0,4987.0,2187.0,0.0,0.0,19786.0
Lakshadweep,2002.0,Total Crime Against Women,12. Total Crimes Against Women,0.0,0.0,1.0,0.0,1.0,0.0,1.0,0.0,1.0,0.0,1.0,1.0,2.0,1.0,1.0,0.0,0.0,2.0
Madhya Pradesh,2002.0,Total Crime Against Women,12. Total Crimes Against Women,5587.0,236.0,14984.0,3169.0,2605.0,182.0,15220.0,3.0,648.0,793.0,46559.0,42938.0,15260.0,14984.0,8192.0,2.0,0.0,57920.0
Maharashtra,2002.0,Total Crime Against Women,12. Total Crimes Against Women,8778.0,168.0,10764.0,1526.0,679.0,177.0,10932.0,1.0,2392.0,2180.0,84326.0,84545.0,11322.0,10764.0,9457.0,0.0,0.0,95309.0
Manipur,2002.0,Total Crime Against Women,12. Total Crimes Against Women,0.0,132.0,18.0,0.0,7.0,0.0,150.0,2.0,130.0,112.0,81.0,70.0,170.0,18.0,7.0,0.0,0.0,88.0
Meghalaya,2002.0,Total Crime Against Women,12. Total Crimes Against Women,10.0,14.0,39.0,2.0,5.0,0.0,53.0,0.0,126.0,108.0,439.0,417.0,71.0,39.0,15.0,0.0,0.0,456.0
Mizoram,2002.0,Total Crime Against Women,12. Total Crimes Against Women,14.0,3.0,95.0,0.0,48.0,0.0,98.0,0.0,72.0,16.0,136.0,103.0,154.0,95.0,62.0,0.0,0.0,198.0
Nagaland,2002.0,Total Crime Against Women,12. Total Crimes Against Women,0.0,2.0,20.0,0.0,8.0,0.0,22.0,0.0,42.0,39.0,106.0,95.0,26.0,20.0,8.0,1.0,1.0,114.0
Odisha,2002.0,Total Crime Against Women,12. Total Crimes Against Women,2453.0,160.0,4280.0,17.0,423.0,254.0,4440.0,3.0,1737.0,1655.0,16656.0,15270.0,4779.0,4280.0,2876.0,1.0,0.0,19549.0
Puducherry,2002.0,Total Crime Against Women,12. Total Crimes Against Women,21.0,0.0,130.0,19.0,52.0,2.0,130.0,3.0,17.0,11.0,148.0,110.0,141.0,130.0,73.0,0.0,0.0,240.0
Punjab,2002.0,Total Crime Against Women,12. Total Crimes Against Women,644.0,365.0,1591.0,39.0,450.0,309.0,1956.0,25.0,1382.0,1377.0,3083.0,2625.0,2295.0,1591.0,1094.0,0.0,0.0,4216.0
Rajasthan,2002.0,Total Crime Against Women,12. Total Crimes Against Women,3994.0,235.0,7275.0,1099.0,2622.0,4333.0,7510.0,0.0,690.0,484.0,27629.0,28069.0,12049.0,7275.0,6616.0,0.0,0.0,35344.0
Sikkim,2002.0,Total Crime Against Women,12. Total Crimes Against Women,8.0,11.0,14.0,8.0,12.0,0.0,25.0,0.0,9.0,6.0,12.0,26.0,28.0,14.0,20.0,0.0,0.0,40.0
Tamil Nadu,2002.0,Total Crime Against Women,12. Total Crimes Against Women,2266.0,143.0,8963.0,108.0,6231.0,621.0,9106.0,81.0,1050.0,1077.0,8980.0,8622.0,9798.0,8963.0,8497.0,0.0,17.0,17585.0
Tripura,2002.0,Total Crime Against Women,12. Total Crimes Against Women,190.0,48.0,461.0,3.0,46.0,0.0,509.0,0.0,323.0,296.0,803.0,581.0,536.0,461.0,236.0,0.0,0.0,1042.0
Uttar Pradesh,2002.0,Total Crime Against Women,12. Total Crimes Against Women,5796.0,2189.0,13740.0,1192.0,7030.0,1451.0,15929.0,0.0,905.0,2638.0,43176.0,43454.0,15647.0,13740.0,12826.0,0.0,0.0,57194.0
Uttarakhand,2002.0,Total Crime Against Women,12. Total Crimes Against Women,150.0,143.0,646.0,25.0,258.0,59.0,789.0,0.0,99.0,77.0,1499.0,1286.0,870.0,646.0,408.0,0.0,0.0,1932.0
West Bengal,2002.0,Total Crime Against Women,12. Total Crimes Against Women,4192.0,774.0,6999.0,10.0,805.0,52.0,7773.0,8.0,6049.0,7040.0,39635.0,37643.0,6842.0,6999.0,4997.0,0.0,0.0,44642.0
Andaman & Nicobar Islands,2003.0,Total Crime Against Women,12. Total Crimes Against Women,11.0,1.0,18.0,0.0,3.0,0.0,19.0,0.0,7.0,4.0,179.0,175.0,22.0,18.0,14.0,0.0,0.0,193.0
Andhra Pradesh,2003.0,Total Crime Against Women,12. Total Crimes Against Women,7092.0,235.0,14349.0,2341.0,3613.0,3428.0,14584.0,119.0,4557.0,4307.0,21951.0,20649.0,18382.0,14349.0,10705.0,1.0,1.0,34997.0
Arunachal Pradesh,2003.0,Total Crime Against Women,12. Total Crimes Against Women,2.0,30.0,100.0,1.0,4.0,0.0,130.0,0.0,49.0,40.0,876.0,783.0,139.0,100.0,6.0,0.0,0.0,883.0
Assam,2003.0,Total Crime Against Women,12. Total Crimes Against Women,1827.0,1266.0,3318.0,338.0,342.0,767.0,4584.0,11.0,5536.0,5586.0,8948.0,8137.0,5312.0,3318.0,2169.0,0.0,0.0,11455.0
Bihar,2003.0,Total Crime Against Women,12. Total Crimes Against Women,2450.0,739.0,4067.0,239.0,643.0,372.0,4806.0,0.0,4166.0,3444.0,17497.0,16771.0,5900.0,4067.0,3093.0,9.0,0.0,20829.0
Chandigarh,2003.0,Total Crime Against Women,12. Total Crimes Against Women,31.0,21.0,91.0,0.0,23.0,32.0,112.0,0.0,62.0,47.0,358.0,321.0,159.0,91.0,54.0,0.0,0.0,412.0
Chhattisgarh,2003.0,Total Crime Against Women,12. Total Crimes Against Women,937.0,54.0,3104.0,1340.0,711.0,32.0,3158.0,4.0,275.0,133.0,13579.0,13463.0,3336.0,3104.0,1648.0,0.0,0.0,16567.0
Dadra & Nagar Haveli,2003.0,Total Crime Against Women,12. Total Crimes Against Women,7.0,1.0,8.0,0.0,2.0,1.0,9.0,0.0,7.0,4.0,56.0,57.0,13.0,8.0,9.0,0.0,0.0,65.0
Daman & Diu,2003.0,Total Crime Against Women,12. Total Crimes Against Women,2.0,3.0,5.0,0.0,0.0,0.0,8.0,0.0,4.0,2.0,13.0,10.0,10.0,5.0,2.0,0.0,0.0,15.0
Delhi,2003.0,Total Crime Against Women,12. Total Crimes Against Women,888.0,410.0,1714.0,0.0,322.0,230.0,2124.0,41.0,2397.0,1515.0,5747.0,5243.0,3282.0,1714.0,1210.0,0.0,5.0,6957.0
Goa,2003.0,Total Crime Against Women,12. Total Crimes Against Women,32.0,11.0,76.0,7.0,35.0,0.0,87.0,0.0,63.0,29.0,176.0,174.0,121.0,76.0,67.0,0.0,0.0,250.0
Gujarat,2003.0,Total Crime Against Women,12. Total Crimes Against Women,2461.0,270.0,5173.0,345.0,155.0,260.0,5443.0,14.0,408.0,390.0,33179.0,30967.0,5735.0,5173.0,2616.0,0.0,0.0,36140.0
Haryana,2003.0,Total Crime Against Women,12. Total Crimes Against Women,1738.0,275.0,3308.0,27.0,1495.0,619.0,3583.0,0.0,235.0,267.0,7380.0,7332.0,4170.0,3308.0,3233.0,0.0,0.0,10640.0
Himachal Pradesh,2003.0,Total Crime Against Women,12. Total Crimes Against Women,432.0,13.0,639.0,121.0,77.0,107.0,652.0,0.0,150.0,180.0,2815.0,2806.0,729.0,639.0,509.0,0.0,0.0,3445.0
Jammu & Kashmir,2003.0,Total Crime Against Women,12. Total Crimes Against Women,761.0,30.0,1963.0,62.0,197.0,205.0,1993.0,0.0,535.0,569.0,6280.0,5337.0,2164.0,1963.0,958.0,0.0,0.0,7300.0
Jharkhand,2003.0,Total Crime Against Women,12. Total Crimes Against Women,1437.0,192.0,1971.0,103.0,357.0,65.0,2163.0,3.0,1415.0,1158.0,6993.0,7077.0,2488.0,1971.0,1794.0,158.0,0.0,8890.0
Karnataka,2003.0,Total Crime Against Women,12. Total Crimes Against Women,2655.0,215.0,5231.0,500.0,1422.0,406.0,5446.0,86.0,824.0,928.0,12877.0,12223.0,5834.0,5231.0,4077.0,0.0,0.0,17454.0
Kerala,2003.0,Total Crime Against Women,12. Total Crimes Against Women,2266.0,108.0,4726.0,638.0,362.0,572.0,4834.0,74.0,1939.0,1766.0,18575.0,17120.0,5653.0,4726.0,2628.0,5.0,0.0,21841.0
Lakshadweep,2003.0,Total Crime Against Women,12. Total Crimes Against Women,0.0,0.0,1.0,0.0,1.0,0.0,1.0,0.0,4.0,1.0,1.0,1.0,4.0,1.0,1.0,0.0,0.0,2.0
Madhya Pradesh,2003.0,Total Crime Against Women,12. Total Crimes Against Women,7042.0,213.0,13996.0,3143.0,3488.0,144.0,14209.0,0.0,774.0,580.0,46341.0,46018.0,14547.0,13996.0,10530.0,0.0,0.0,60014.0
Maharashtra,2003.0,Total Crime Against Women,12. Total Crimes Against Women,7553.0,257.0,10729.0,1357.0,697.0,129.0,10986.0,0.0,2549.0,2392.0,85447.0,84326.0,11273.0,10729.0,8250.0,1.0,1.0,95054.0
Manipur,2003.0,Total Crime Against Women,12. Total Crimes Against Women,3.0,89.0,7.0,0.0,2.0,0.0,96.0,0.0,171.0,130.0,83.0,81.0,137.0,7.0,5.0,0.0,0.0,88.0
Meghalaya,2003.0,Total Crime Against Women,12. Total Crimes Against Women,11.0,12.0,36.0,0.0,5.0,0.0,48.0,0.0,147.0,126.0,459.0,439.0,69.0,36.0,16.0,0.0,0.0,475.0
Mizoram,2003.0,Total Crime Against Women,12. Total Crimes Against Women,11.0,6.0,160.0,1.0,67.0,0.0,166.0,0.0,26.0,45.0,268.0,187.0,147.0,160.0,78.0,0.0,0.0,347.0
Nagaland,2003.0,Total Crime Against Women,12. Total Crimes Against Women,2.0,6.0,16.0,3.0,9.0,0.0,22.0,0.0,45.0,42.0,108.0,106.0,25.0,16.0,11.0,0.0,0.0,122.0
Odisha,2003.0,Total Crime Against Women,12. Total Crimes Against Women,2555.0,167.0,4902.0,0.0,516.0,316.0,5069.0,3.0,1295.0,1737.0,18487.0,16656.0,4946.0,4902.0,3071.0,0.0,0.0,21558.0
Puducherry,2003.0,Total Crime Against Women,12. Total Crimes Against Women,22.0,1.0,107.0,22.0,29.0,3.0,108.0,2.0,25.0,17.0,182.0,148.0,121.0,107.0,51.0,0.0,0.0,255.0
Punjab,2003.0,Total Crime Against Women,12. Total Crimes Against Women,786.0,371.0,1760.0,31.0,488.0,412.0,2131.0,12.0,1202.0,1382.0,3538.0,3083.0,2375.0,1760.0,1274.0,0.0,0.0,4843.0
Rajasthan,2003.0,Total Crime Against Women,12. Total Crimes Against Women,3348.0,222.0,7151.0,1001.0,2062.0,4300.0,7373.0,0.0,829.0,690.0,28369.0,27629.0,11812.0,7151.0,5410.0,0.0,0.0,34780.0
Sikkim,2003.0,Total Crime Against Women,12. Total Crimes Against Women,5.0,5.0,25.0,14.0,9.0,1.0,30.0,0.0,15.0,9.0,9.0,12.0,37.0,25.0,14.0,0.0,0.0,37.0
Tamil Nadu,2003.0,Total Crime Against Women,12. Total Crimes Against Women,2571.0,195.0,7541.0,54.0,3920.0,584.0,7736.0,60.0,1539.0,1051.0,10090.0,9106.0,8888.0,7541.0,6491.0,12.0,20.0,16635.0
Tripura,2003.0,Total Crime Against Women,12. Total Crimes Against Women,195.0,110.0,450.0,0.0,80.0,0.0,560.0,0.0,300.0,323.0,978.0,803.0,537.0,450.0,275.0,0.0,0.0,1253.0
Uttar Pradesh,2003.0,Total Crime Against Women,12. Total Crimes Against Women,4725.0,820.0,11057.0,841.0,6322.0,733.0,11877.0,4.0,1131.0,905.0,42342.0,43176.0,12840.0,11057.0,11047.0,3.0,0.0,54230.0
Uttarakhand,2003.0,Total Crime Against Women,12. Total Crimes Against Women,154.0,122.0,654.0,38.0,313.0,69.0,776.0,0.0,140.0,99.0,1648.0,1499.0,886.0,654.0,467.0,0.0,0.0,2153.0
West Bengal,2003.0,Total Crime Against Women,12. Total Crimes Against Women,3555.0,454.0,7851.0,25.0,434.0,126.0,8305.0,8.0,6118.0,6049.0,43472.0,39635.0,8508.0,7851.0,3989.0,0.0,0.0,47486.0
Andaman & Nicobar Islands,2004.0,Total Crime Against Women,12. Total Crimes Against Women,10.0,4.0,17.0,0.0,8.0,0.0,21.0,0.0,13.0,7.0,178.0,179.0,27.0,17.0,18.0,0.0,0.0,196.0
Andhra Pradesh,2004.0,Total Crime Against Women,12. Total Crimes Against Women,7584.0,454.0,14411.0,2637.0,3326.0,2592.0,14865.0,63.0,5958.0,4557.0,22812.0,21951.0,18921.0,14411.0,10910.0,3.0,0.0,36359.0
Arunachal Pradesh,2004.0,Total Crime Against Women,12. Total Crimes Against Women,4.0,26.0,100.0,4.0,11.0,0.0,126.0,0.0,71.0,49.0,957.0,876.0,148.0,100.0,15.0,0.0,0.0,976.0
Assam,2004.0,Total Crime Against Women,12. Total Crimes Against Women,2195.0,1348.0,3527.0,299.0,427.0,615.0,4875.0,1.0,5745.0,5536.0,9554.0,8948.0,5700.0,3527.0,2622.0,0.0,0.0,12475.0
Bihar,2004.0,Total Crime Against Women,12. Total Crimes Against Women,2654.0,716.0,3989.0,92.0,530.0,420.0,4705.0,0.0,7132.0,4166.0,18210.0,17497.0,8091.0,3989.0,3184.0,0.0,0.0,21486.0
Chandigarh,2004.0,Total Crime Against Women,12. Total Crimes Against Women,58.0,6.0,147.0,0.0,16.0,49.0,153.0,0.0,48.0,62.0,431.0,358.0,188.0,147.0,74.0,0.0,0.0,505.0
Chhattisgarh,2004.0,Total Crime Against Women,12. Total Crimes Against Women,1665.0,50.0,3767.0,1490.0,924.0,53.0,3817.0,2.0,166.0,275.0,13267.0,13579.0,3763.0,3767.0,2589.0,0.0,0.0,17346.0
Dadra & Nagar Haveli,2004.0,Total Crime Against Women,12. Total Crimes Against Women,18.0,0.0,18.0,0.0,0.0,0.0,18.0,0.0,11.0,7.0,54.0,54.0,22.0,18.0,18.0,0.0,0.0,72.0
Daman & Diu,2004.0,Total Crime Against Women,12. Total Crimes Against Women,3.0,0.0,8.0,0.0,0.0,0.0,8.0,0.0,3.0,4.0,20.0,15.0,7.0,8.0,3.0,0.0,0.0,23.0
Delhi,2004.0,Total Crime Against Women,12. Total Crimes Against Women,1313.0,414.0,2185.0,0.0,694.0,237.0,2599.0,32.0,3196.0,2397.0,5925.0,5747.0,3677.0,2185.0,2007.0,0.0,10.0,7932.0
Goa,2004.0,Total Crime Against Women,12. Total Crimes Against Women,36.0,25.0,105.0,9.0,29.0,0.0,130.0,0.0,65.0,63.0,207.0,176.0,132.0,105.0,65.0,0.0,0.0,281.0
Gujarat,2004.0,Total Crime Against Women,12. Total Crimes Against Women,2557.0,210.0,5749.0,400.0,215.0,189.0,5959.0,6.0,465.0,408.0,35756.0,33179.0,6211.0,5749.0,2772.0,0.0,0.0,38928.0
Haryana,2004.0,Total Crime Against Women,12. Total Crimes Against Women,2010.0,283.0,3081.0,3.0,1276.0,747.0,3364.0,0.0,400.0,235.0,7172.0,7380.0,4276.0,3081.0,3286.0,0.0,0.0,10461.0
Himachal Pradesh,2004.0,Total Crime Against Women,12. Total Crimes Against Women,474.0,16.0,681.0,193.0,70.0,119.0,697.0,0.0,157.0,150.0,2759.0,2815.0,823.0,681.0,544.0,0.0,0.0,3496.0
Jammu & Kashmir,2004.0,Total Crime Against Women,12. Total Crimes Against Women,984.0,61.0,1892.0,66.0,160.0,198.0,1953.0,0.0,592.0,535.0,6962.0,6280.0,2208.0,1892.0,1144.0,0.0,0.0,8172.0
Jharkhand,2004.0,Total Crime Against Women,12. Total Crimes Against Women,1437.0,192.0,1969.0,103.0,357.0,65.0,2161.0,3.0,1676.0,1415.0,6907.0,6993.0,2490.0,1969.0,1794.0,158.0,0.0,8804.0
Karnataka,2004.0,Total Crime Against Women,12. Total Crimes Against Women,3194.0,176.0,4711.0,376.0,1366.0,375.0,4887.0,55.0,917.0,824.0,12651.0,12877.0,5423.0,4711.0,4560.0,1.0,13.0,17587.0
Kerala,2004.0,Total Crime Against Women,12. Total Crimes Against Women,2844.0,131.0,5731.0,922.0,477.0,586.0,5862.0,90.0,1884.0,1939.0,20062.0,18575.0,6483.0,5731.0,3321.0,1.0,0.0,24305.0
Lakshadweep,2004.0,Total Crime Against Women,12. Total Crimes Against Women,0.0,0.0,4.0,0.0,1.0,0.0,4.0,0.0,1.0,4.0,3.0,0.0,1.0,4.0,1.0,0.0,0.0,4.0
Madhya Pradesh,2004.0,Total Crime Against Women,12. Total Crimes Against Women,6874.0,173.0,15056.0,3259.0,3518.0,143.0,15229.0,0.0,605.0,774.0,47746.0,46341.0,15203.0,15056.0,10392.0,0.0,0.0,61397.0
Maharashtra,2004.0,Total Crime Against Women,12. Total Crimes Against Women,7238.0,203.0,11381.0,1432.0,631.0,164.0,11584.0,3.0,2966.0,2549.0,87527.0,85447.0,12169.0,11381.0,7869.0,0.0,1.0,96828.0
Manipur,2004.0,Total Crime Against Women,12. Total Crimes Against Women,4.0,61.0,6.0,0.0,0.0,0.0,67.0,2.0,236.0,171.0,85.0,83.0,134.0,6.0,4.0,0.0,0.0,89.0
Meghalaya,2004.0,Total Crime Against Women,12. Total Crimes Against Women,10.0,14.0,43.0,2.0,4.0,0.0,57.0,0.0,203.0,147.0,486.0,459.0,113.0,43.0,14.0,0.0,0.0,502.0
Mizoram,2004.0,Total Crime Against Women,12. Total Crimes Against Women,41.0,13.0,78.0,1.0,182.0,0.0,91.0,0.0,26.0,26.0,122.0,268.0,91.0,78.0,223.0,0.0,0.0,346.0
Nagaland,2004.0,Total Crime Against Women,12. Total Crimes Against Women,0.0,5.0,50.0,0.0,78.0,0.0,55.0,0.0,20.0,45.0,80.0,108.0,30.0,50.0,78.0,0.0,0.0,158.0
Odisha,2004.0,Total Crime Against Women,12. Total Crimes Against Women,3115.0,110.0,4724.0,23.0,482.0,258.0,4834.0,0.0,1440.0,1295.0,19589.0,18487.0,5239.0,4724.0,3597.0,2.0,2.0,23209.0
Puducherry,2004.0,Total Crime Against Women,12. Total Crimes Against Women,42.0,0.0,101.0,20.0,25.0,3.0,101.0,5.0,26.0,25.0,196.0,182.0,110.0,101.0,67.0,0.0,0.0,283.0
Punjab,2004.0,Total Crime Against Women,12. Total Crimes Against Women,791.0,309.0,1460.0,60.0,466.0,263.0,1769.0,22.0,1103.0,1202.0,3681.0,3538.0,1955.0,1460.0,1257.0,0.0,0.0,4998.0
Rajasthan,2004.0,Total Crime Against Women,12. Total Crimes Against Women,3378.0,225.0,8206.0,979.0,2480.0,4808.0,8431.0,0.0,717.0,829.0,29738.0,28369.0,13127.0,8206.0,5858.0,0.0,0.0,36575.0
Sikkim,2004.0,Total Crime Against Women,12. Total Crimes Against Women,4.0,6.0,25.0,6.0,4.0,0.0,31.0,0.0,33.0,15.0,20.0,9.0,49.0,25.0,8.0,0.0,0.0,34.0
Tamil Nadu,2004.0,Total Crime Against Women,12. Total Crimes Against Women,2644.0,295.0,8514.0,133.0,4889.0,539.0,8809.0,76.0,1445.0,1539.0,10938.0,10090.0,9332.0,8514.0,7533.0,0.0,2.0,18604.0
Tripura,2004.0,Total Crime Against Women,12. Total Crimes Against Women,272.0,83.0,568.0,0.0,85.0,15.0,651.0,0.0,304.0,300.0,1189.0,978.0,670.0,568.0,357.0,0.0,0.0,1546.0
Uttar Pradesh,2004.0,Total Crime Against Women,12. Total Crimes Against Women,4467.0,1747.0,12186.0,1198.0,6518.0,1026.0,13933.0,0.0,1657.0,1131.0,42345.0,42342.0,15485.0,12186.0,10985.0,0.0,0.0,54528.0
Uttarakhand,2004.0,Total Crime Against Women,12. Total Crimes Against Women,123.0,131.0,784.0,43.0,266.0,67.0,915.0,0.0,146.0,140.0,2000.0,1648.0,988.0,784.0,389.0,0.0,0.0,2432.0
West Bengal,2004.0,Total Crime Against Women,12. Total Crimes Against Women,2442.0,840.0,9731.0,18.0,384.0,79.0,10571.0,3.0,6512.0,6118.0,50359.0,43472.0,11047.0,9731.0,2826.0,0.0,0.0,53203.0
Andaman & Nicobar Islands,2005.0,Total Crime Against Women,12. Total Crimes Against Women,6.0,5.0,14.0,0.0,1.0,0.0,19.0,0.0,16.0,13.0,185.0,178.0,22.0,14.0,7.0,0.0,0.0,192.0
Andhra Pradesh,2005.0,Total Crime Against Women,12. Total Crimes Against Women,8002.0,387.0,18226.0,3119.0,5353.0,2634.0,18613.0,0.0,5528.0,5958.0,24564.0,22812.0,20819.0,18226.0,13355.0,0.0,2.0,41038.0
Arunachal Pradesh,2005.0,Total Crime Against Women,12. Total Crimes Against Women,29.0,44.0,122.0,14.0,38.0,0.0,166.0,0.0,55.0,71.0,998.0,957.0,150.0,122.0,67.0,0.0,0.0,1079.0
Assam,2005.0,Total Crime Against Women,12. Total Crimes Against Women,2176.0,1369.0,3876.0,403.0,524.0,510.0,5245.0,1.0,6016.0,5745.0,10327.0,9554.0,6027.0,3876.0,2700.0,0.0,0.0,13430.0
Bihar,2005.0,Total Crime Against Women,12. Total Crimes Against Women,2821.0,437.0,4267.0,68.0,626.0,384.0,4704.0,0.0,8063.0,7132.0,18962.0,18210.0,6019.0,4267.0,3447.0,0.0,0.0,22477.0
Chandigarh,2005.0,Total Crime Against Women,12. Total Crimes Against Women,45.0,9.0,141.0,0.0,12.0,28.0,150.0,0.0,75.0,48.0,515.0,431.0,205.0,141.0,57.0,0.0,0.0,572.0
Chhattisgarh,2005.0,Total Crime Against Women,12. Total Crimes Against Women,1841.0,74.0,3417.0,462.0,1085.0,10.0,3491.0,4.0,248.0,166.0,13296.0,13267.0,3599.0,3417.0,2926.0,0.0,12.0,16684.0
Dadra & Nagar Haveli,2005.0,Total Crime Against Women,12. Total Crimes Against Women,24.0,0.0,18.0,0.0,0.0,4.0,18.0,0.0,13.0,11.0,50.0,56.0,24.0,18.0,24.0,0.0,0.0,74.0
Daman & Diu,2005.0,Total Crime Against Women,12. Total Crimes Against Women,4.0,1.0,8.0,0.0,0.0,0.0,9.0,0.0,4.0,3.0,25.0,21.0,10.0,8.0,4.0,0.0,0.0,29.0
Delhi,2005.0,Total Crime Against Women,12. Total Crimes Against Women,1483.0,399.0,2552.0,0.0,473.0,178.0,2951.0,24.0,4368.0,3196.0,6521.0,5925.0,4351.0,2552.0,1956.0,0.0,26.0,8477.0
Goa,2005.0,Total Crime Against Women,12. Total Crimes Against Women,26.0,18.0,97.0,7.0,47.0,1.0,115.0,0.0,70.0,65.0,224.0,207.0,121.0,97.0,73.0,0.0,0.0,304.0
Gujarat,2005.0,Total Crime Against Women,12. Total Crimes Against Women,2766.0,246.0,5834.0,331.0,345.0,131.0,6080.0,2.0,595.0,465.0,38148.0,35756.0,6343.0,5834.0,3111.0,0.0,0.0,41590.0
Haryana,2005.0,Total Crime Against Women,12. Total Crimes Against Women,1562.0,240.0,2914.0,10.0,741.0,853.0,3154.0,0.0,554.0,400.0,7773.0,7172.0,4161.0,2914.0,2303.0,0.0,0.0,10086.0
Himachal Pradesh,2005.0,Total Crime Against Women,12. Total Crimes Against Women,633.0,13.0,668.0,138.0,73.0,106.0,681.0,0.0,163.0,157.0,2583.0,2759.0,793.0,668.0,706.0,0.0,0.0,3427.0
Jammu & Kashmir,2005.0,Total Crime Against Women,12. Total Crimes Against Women,996.0,35.0,1781.0,81.0,104.0,205.0,1816.0,0.0,715.0,592.0,7562.0,6962.0,2144.0,1781.0,1100.0,0.0,0.0,8743.0
Jharkhand,2005.0,Total Crime Against Women,12. Total Crimes Against Women,1620.0,268.0,1790.0,99.0,475.0,90.0,2058.0,0.0,2072.0,1676.0,6498.0,6907.0,2544.0,1790.0,2095.0,5.0,0.0,8692.0
Karnataka,2005.0,Total Crime Against Women,12. Total Crimes Against Women,3737.0,163.0,5102.0,429.0,1238.0,419.0,5265.0,78.0,1196.0,917.0,12349.0,12651.0,6057.0,5102.0,4975.0,0.0,16.0,17753.0
Kerala,2005.0,Total Crime Against Women,12. Total Crimes Against Women,3104.0,111.0,5929.0,389.0,461.0,478.0,6040.0,0.0,2128.0,1884.0,22037.0,20062.0,6762.0,5929.0,3565.0,0.0,0.0,25991.0
Lakshadweep,2005.0,Total Crime Against Women,12. Total Crimes Against Women,0.0,0.0,1.0,0.0,0.0,0.0,1.0,0.0,0.0,1.0,4.0,3.0,0.0,1.0,0.0,0.0,0.0,4.0
Madhya Pradesh,2005.0,Total Crime Against Women,12. Total Crimes Against Women,6985.0,196.0,13939.0,3746.0,3301.0,132.0,14135.0,0.0,867.0,605.0,47650.0,47746.0,14529.0,13939.0,10286.0,3.0,0.0,61682.0
Maharashtra,2005.0,Total Crime Against Women,12. Total Crimes Against Women,7648.0,243.0,12625.0,1162.0,616.0,172.0,12868.0,13.0,3283.0,2966.0,90721.0,87527.0,13370.0,12625.0,8264.0,5.0,0.0,100147.0
Manipur,2005.0,Total Crime Against Women,12. Total Crimes Against Women,4.0,84.0,11.0,0.0,0.0,1.0,95.0,1.0,279.0,236.0,92.0,85.0,140.0,11.0,4.0,0.0,0.0,96.0
Meghalaya,2005.0,Total Crime Against Women,12. Total Crimes Against Women,11.0,24.0,62.0,1.0,4.0,1.0,86.0,0.0,247.0,203.0,532.0,486.0,131.0,62.0,15.0,0.0,0.0,548.0
Mizoram,2005.0,Total Crime Against Women,12. Total Crimes Against Women,11.0,2.0,89.0,11.0,29.0,0.0,91.0,0.0,30.0,26.0,160.0,122.0,95.0,89.0,40.0,0.0,0.0,211.0
Nagaland,2005.0,Total Crime Against Women,12. Total Crimes Against Women,32.0,16.0,29.0,0.0,34.0,0.0,45.0,0.0,10.0,20.0,43.0,80.0,37.0,29.0,66.0,0.0,2.0,109.0
Odisha,2005.0,Total Crime Against Women,12. Total Crimes Against Women,2557.0,93.0,5015.0,14.0,377.0,336.0,5108.0,3.0,2242.0,1440.0,21656.0,19589.0,6249.0,5015.0,2934.0,0.0,0.0,24604.0
Puducherry,2005.0,Total Crime Against Women,12. Total Crimes Against Women,29.0,0.0,109.0,26.0,36.0,2.0,109.0,1.0,41.0,26.0,214.0,196.0,127.0,109.0,65.0,0.0,0.0,305.0
Punjab,2005.0,Total Crime Against Women,12. Total Crimes Against Women,687.0,230.0,1381.0,31.0,224.0,271.0,1611.0,13.0,1177.0,1103.0,4120.0,3681.0,1969.0,1381.0,911.0,0.0,0.0,5062.0
Rajasthan,2005.0,Total Crime Against Women,12. Total Crimes Against Women,3052.0,273.0,7393.0,1281.0,2383.0,4194.0,7666.0,0.0,514.0,717.0,30415.0,29738.0,11657.0,7393.0,5435.0,0.0,0.0,37131.0
Sikkim,2005.0,Total Crime Against Women,12. Total Crimes Against Women,10.0,10.0,26.0,10.0,6.0,0.0,36.0,0.0,59.0,33.0,20.0,20.0,62.0,26.0,16.0,0.0,0.0,46.0
Tamil Nadu,2005.0,Total Crime Against Women,12. Total Crimes Against Women,3458.0,266.0,7877.0,64.0,4630.0,678.0,8143.0,31.0,1241.0,1445.0,10655.0,10938.0,8648.0,7877.0,8088.0,8.0,0.0,18807.0
Tripura,2005.0,Total Crime Against Women,12. Total Crimes Against Women,415.0,124.0,742.0,0.0,111.0,4.0,866.0,0.0,274.0,304.0,1405.0,1189.0,840.0,742.0,526.0,0.0,0.0,1931.0
Uttar Pradesh,2005.0,Total Crime Against Women,12. Total Crimes Against Women,4418.0,1619.0,12316.0,981.0,6484.0,908.0,13935.0,0.0,1689.0,1657.0,42778.0,42345.0,14875.0,12316.0,10902.0,0.0,0.0,54661.0
Uttarakhand,2005.0,Total Crime Against Women,12. Total Crimes Against Women,195.0,111.0,603.0,67.0,183.0,56.0,714.0,0.0,162.0,146.0,2158.0,2000.0,786.0,603.0,378.0,0.0,0.0,2603.0
West Bengal,2005.0,Total Crime Against Women,12. Total Crimes Against Women,3680.0,582.0,11199.0,34.0,812.0,48.0,11781.0,4.0,6566.0,6512.0,57032.0,50359.0,11887.0,11199.0,4492.0,0.0,0.0,61558.0
Andaman & Nicobar Islands,2006.0,Total Crime Against Women,12. Total Crimes Against Women,7.0,5.0,39.0,0.0,1.0,0.0,44.0,0.0,8.0,16.0,216.0,185.0,36.0,39.0,8.0,0.0,0.0,224.0
Andhra Pradesh,2006.0,Total Crime Against Women,12. Total Crimes Against Women,7242.0,398.0,16139.0,3422.0,3579.0,2560.0,16537.0,1.0,7914.0,5528.0,26458.0,24564.0,21484.0,16139.0,10821.0,2.0,0.0,40701.0
Arunachal Pradesh,2006.0,Total Crime Against Women,12. Total Crimes Against Women,23.0,29.0,108.0,10.0,16.0,0.0,137.0,0.0,86.0,55.0,1057.0,998.0,168.0,108.0,39.0,0.0,0.0,1106.0
Assam,2006.0,Total Crime Against Women,12. Total Crimes Against Women,2400.0,1458.0,3987.0,310.0,692.0,597.0,5445.0,1.0,6774.0,6016.0,10912.0,10327.0,6801.0,3987.0,3092.0,0.0,0.0,14314.0
Bihar,2006.0,Total Crime Against Women,12. Total Crimes Against Women,3225.0,891.0,4488.0,287.0,801.0,550.0,5379.0,0.0,8874.0,8063.0,19137.0,18962.0,6740.0,4488.0,4026.0,0.0,0.0,23450.0
Chandigarh,2006.0,Total Crime Against Women,12. Total Crimes Against Women,66.0,28.0,133.0,0.0,24.0,42.0,161.0,0.0,96.0,75.0,558.0,515.0,224.0,133.0,90.0,0.0,0.0,648.0
Chhattisgarh,2006.0,Total Crime Against Women,12. Total Crimes Against Women,1201.0,65.0,3665.0,395.0,881.0,13.0,3730.0,2.0,260.0,248.0,14484.0,13296.0,3757.0,3665.0,2082.0,0.0,0.0,16961.0
Dadra & Nagar Haveli,2006.0,Total Crime Against Women,12. Total Crimes Against Women,9.0,2.0,22.0,0.0,2.0,4.0,24.0,0.0,17.0,13.0,61.0,50.0,32.0,22.0,11.0,0.0,0.0,72.0
Daman & Diu,2006.0,Total Crime Against Women,12. Total Crimes Against Women,5.0,0.0,9.0,0.0,1.0,0.0,9.0,0.0,4.0,4.0,28.0,25.0,9.0,9.0,6.0,0.0,0.0,34.0
Delhi,2006.0,Total Crime Against Women,12. Total Crimes Against Women,1263.0,357.0,2909.0,0.0,565.0,171.0,3266.0,31.0,5413.0,4368.0,7602.0,6521.0,4544.0,2909.0,1828.0,0.0,31.0,9430.0
Goa,2006.0,Total Crime Against Women,12. Total Crimes Against Women,28.0,21.0,83.0,6.0,29.0,1.0,104.0,0.0,61.0,70.0,244.0,224.0,96.0,83.0,57.0,0.0,0.0,307.0
Gujarat,2006.0,Total Crime Against Women,12. Total Crimes Against Women,2631.0,211.0,6592.0,363.0,276.0,136.0,6803.0,12.0,923.0,595.0,41470.0,38148.0,7279.0,6592.0,2907.0,0.0,0.0,44740.0
Haryana,2006.0,Total Crime Against Women,12. Total Crimes Against Women,1385.0,209.0,3255.0,19.0,791.0,939.0,3464.0,0.0,768.0,554.0,8833.0,7773.0,4617.0,3255.0,2176.0,0.0,0.0,11028.0
Himachal Pradesh,2006.0,Total Crime Against Women,12. Total Crimes Against Women,378.0,14.0,645.0,123.0,69.0,113.0,659.0,0.0,183.0,163.0,2658.0,2583.0,792.0,645.0,447.0,0.0,0.0,3228.0
Jammu & Kashmir,2006.0,Total Crime Against Women,12. Total Crimes Against Women,1029.0,28.0,2142.0,136.0,170.0,229.0,2170.0,0.0,748.0,715.0,8369.0,7562.0,2432.0,2142.0,1199.0,0.0,0.0,9704.0
Jharkhand,2006.0,Total Crime Against Women,12. Total Crimes Against Women,1906.0,230.0,2110.0,72.0,629.0,92.0,2340.0,0.0,2619.0,2072.0,5998.0,6498.0,2979.0,2110.0,2535.0,3.0,0.0,8605.0
Karnataka,2006.0,Total Crime Against Women,12. Total Crimes Against Women,3792.0,174.0,5252.0,571.0,716.0,444.0,5426.0,70.0,1316.0,1196.0,12522.0,12349.0,6084.0,5252.0,4508.0,0.0,24.0,17601.0
Kerala,2006.0,Total Crime Against Women,12. Total Crimes Against Women,3769.0,171.0,6565.0,460.0,617.0,567.0,6736.0,0.0,2378.0,2128.0,23756.0,22037.0,7554.0,6565.0,4386.0,0.0,1.0,28602.0
Lakshadweep,2006.0,Total Crime Against Women,12. Total Crimes Against Women,0.0,0.0,0.0,0.0,0.0,0.0,0.0,0.0,1.0,0.0,3.0,3.0,1.0,0.0,0.0,0.0,0.0,3.0
Madhya Pradesh,2006.0,Total Crime Against Women,12. Total Crimes Against Women,5835.0,187.0,13950.0,3327.0,3705.0,129.0,14137.0,0.0,922.0,867.0,48733.0,47650.0,14321.0,13950.0,9540.0,0.0,0.0,61600.0
Maharashtra,2006.0,Total Crime Against Women,12. Total Crimes Against Women,6670.0,264.0,13020.0,1042.0,584.0,311.0,13284.0,1.0,4139.0,3283.0,95444.0,90721.0,14452.0,13020.0,7254.0,1.0,0.0,103740.0
Manipur,2006.0,Total Crime Against Women,12. Total Crimes Against Women,1.0,103.0,3.0,1.0,3.0,0.0,106.0,0.0,344.0,279.0,90.0,92.0,171.0,3.0,4.0,0.0,0.0,95.0
Meghalaya,2006.0,Total Crime Against Women,12. Total Crimes Against Women,27.0,53.0,88.0,2.0,7.0,1.0,141.0,0.0,281.0,247.0,584.0,532.0,176.0,88.0,34.0,0.0,0.0,620.0
Mizoram,2006.0,Total Crime Against Women,12. Total Crimes Against Women,12.0,10.0,128.0,2.0,209.0,0.0,138.0,0.0,17.0,30.0,65.0,160.0,125.0,128.0,221.0,0.0,0.0,288.0
Nagaland,2006.0,Total Crime Against Women,12. Total Crimes Against Women,1.0,0.0,36.0,1.0,26.0,0.0,36.0,0.0,17.0,10.0,51.0,43.0,43.0,36.0,27.0,0.0,0.0,79.0
Odisha,2006.0,Total Crime Against Women,12. Total Crimes Against Women,2770.0,145.0,5851.0,0.0,535.0,338.0,5996.0,2.0,2731.0,2242.0,24202.0,21656.0,6825.0,5851.0,3305.0,0.0,0.0,27507.0
Puducherry,2006.0,Total Crime Against Women,12. Total Crimes Against Women,27.0,0.0,139.0,9.0,35.0,2.0,139.0,3.0,46.0,41.0,282.0,214.0,149.0,139.0,62.0,0.0,0.0,353.0
Punjab,2006.0,Total Crime Against Women,12. Total Crimes Against Women,734.0,246.0,1588.0,12.0,276.0,250.0,1834.0,18.0,1317.0,1177.0,4686.0,4120.0,2242.0,1588.0,1010.0,0.0,0.0,5708.0
Rajasthan,2006.0,Total Crime Against Women,12. Total Crimes Against Women,3458.0,292.0,8155.0,1317.0,2719.0,4535.0,8447.0,1.0,465.0,514.0,30956.0,30415.0,12934.0,8155.0,6177.0,120.0,0.0,38450.0
Sikkim,2006.0,Total Crime Against Women,12. Total Crimes Against Women,4.0,1.0,34.0,8.0,3.0,0.0,35.0,0.0,71.0,59.0,39.0,20.0,47.0,34.0,7.0,0.0,0.0,54.0
Tamil Nadu,2006.0,Total Crime Against Women,12. Total Crimes Against Women,2979.0,267.0,5598.0,35.0,2923.0,402.0,5865.0,48.0,1397.0,1241.0,10316.0,10655.0,6489.0,5598.0,5902.0,0.0,18.0,16253.0
Tripura,2006.0,Total Crime Against Women,12. Total Crimes Against Women,351.0,134.0,834.0,0.0,106.0,2.0,968.0,0.0,268.0,274.0,1782.0,1405.0,964.0,834.0,457.0,0.0,0.0,2239.0
Uttar Pradesh,2006.0,Total Crime Against Women,12. Total Crimes Against Women,4788.0,1989.0,13254.0,879.0,6800.0,1014.0,15243.0,0.0,1807.0,1689.0,43565.0,42778.0,16375.0,13254.0,11588.0,0.0,0.0,56032.0
Uttarakhand,2006.0,Total Crime Against Women,12. Total Crimes Against Women,207.0,141.0,836.0,227.0,207.0,61.0,977.0,0.0,162.0,162.0,2353.0,2158.0,1038.0,836.0,414.0,0.0,0.0,2994.0
West Bengal,2006.0,Total Crime Against Women,12. Total Crimes Against Women,5544.0,1113.0,11445.0,83.0,1001.0,93.0,12558.0,5.0,6695.0,6566.0,61849.0,57032.0,12785.0,11445.0,6545.0,0.0,0.0,68477.0
Andaman & Nicobar Islands,2007.0,Total Crime Against Women,12. Total Crimes Against Women,8.0,5.0,36.0,0.0,3.0,0.0,41.0,0.0,23.0,8.0,241.0,216.0,56.0,36.0,11.0,0.0,0.0,252.0
Andhra Pradesh,2007.0,Total Crime Against Women,12. Total Crimes Against Women,9470.0,572.0,20967.0,4612.0,3911.0,3470.0,21539.0,2.0,7641.0,7914.0,29430.0,26458.0,24738.0,20967.0,13381.0,2.0,0.0,47423.0
Arunachal Pradesh,2007.0,Total Crime Against Women,12. Total Crimes Against Women,17.0,55.0,128.0,4.0,16.0,0.0,183.0,0.0,88.0,86.0,1148.0,1057.0,185.0,128.0,33.0,0.0,0.0,1185.0
Assam,2007.0,Total Crime Against Women,12. Total Crimes Against Women,2787.0,1287.0,4148.0,250.0,821.0,813.0,5435.0,0.0,7370.0,6774.0,11202.0,10912.0,6844.0,4148.0,3608.0,0.0,0.0,15060.0
Bihar,2007.0,Total Crime Against Women,12. Total Crimes Against Women,3330.0,985.0,5941.0,302.0,764.0,945.0,6926.0,0.0,8551.0,8874.0,20682.0,19137.0,7548.0,5941.0,4094.0,0.0,0.0,25078.0
Chandigarh,2007.0,Total Crime Against Women,12. Total Crimes Against Women,71.0,25.0,128.0,0.0,28.0,36.0,153.0,0.0,137.0,96.0,587.0,558.0,230.0,128.0,99.0,0.0,0.0,686.0
Chhattisgarh,2007.0,Total Crime Against Women,12. Total Crimes Against Women,1404.0,55.0,3637.0,448.0,580.0,40.0,3692.0,0.0,303.0,260.0,15689.0,14484.0,3775.0,3637.0,1984.0,0.0,0.0,18121.0
Dadra & Nagar Haveli,2007.0,Total Crime Against Women,12. Total Crimes Against Women,12.0,4.0,14.0,0.0,1.0,1.0,18.0,0.0,16.0,17.0,62.0,61.0,18.0,14.0,13.0,0.0,0.0,75.0
Daman & Diu,2007.0,Total Crime Against Women,12. Total Crimes Against Women,4.0,0.0,7.0,0.0,1.0,0.0,7.0,0.0,8.0,4.0,30.0,28.0,11.0,7.0,5.0,0.0,0.0,35.0
Delhi,2007.0,Total Crime Against Women,12. Total Crimes Against Women,1275.0,400.0,2587.0,0.0,646.0,224.0,2987.0,36.0,6950.0,5413.0,8268.0,7602.0,4804.0,2587.0,1921.0,0.0,20.0,10189.0
Goa,2007.0,Total Crime Against Women,12. Total Crimes Against Women,26.0,9.0,48.0,6.0,10.0,1.0,57.0,0.0,83.0,61.0,250.0,244.0,80.0,48.0,36.0,0.0,0.0,292.0
Gujarat,2007.0,Total Crime Against Women,12. Total Crimes Against Women,2869.0,266.0,7763.0,337.0,298.0,132.0,8029.0,16.0,1005.0,923.0,45729.0,41470.0,8260.0,7763.0,3167.0,0.0,1.0,49233.0
Haryana,2007.0,Total Crime Against Women,12. Total Crimes Against Women,1598.0,232.0,3368.0,31.0,636.0,968.0,3600.0,0.0,845.0,768.0,9936.0,8833.0,4645.0,3368.0,2234.0,0.0,0.0,12201.0
Himachal Pradesh,2007.0,Total Crime Against Women,12. Total Crimes Against Women,414.0,19.0,727.0,181.0,53.0,149.0,746.0,0.0,306.0,183.0,2737.0,2658.0,1018.0,727.0,467.0,0.0,0.0,3385.0
Jammu & Kashmir,2007.0,Total Crime Against Women,12. Total Crimes Against Women,936.0,80.0,2192.0,116.0,123.0,336.0,2272.0,0.0,661.0,748.0,9386.0,8369.0,2521.0,2192.0,1059.0,0.0,0.0,10561.0
Jharkhand,2007.0,Total Crime Against Women,12. Total Crimes Against Women,1850.0,335.0,2383.0,72.0,829.0,177.0,2718.0,2.0,3039.0,2619.0,5630.0,5998.0,3317.0,2383.0,2679.0,0.0,0.0,8381.0
Karnataka,2007.0,Total Crime Against Women,12. Total Crimes Against Women,3574.0,302.0,5576.0,339.0,685.0,607.0,5878.0,89.0,1306.0,1316.0,13499.0,12522.0,6569.0,5576.0,4259.0,1.0,5.0,18097.0
Kerala,2007.0,Total Crime Against Women,12. Total Crimes Against Women,4568.0,185.0,7267.0,575.0,470.0,500.0,7452.0,0.0,2263.0,2378.0,25410.0,23756.0,7837.0,7267.0,5038.0,0.0,0.0,31023.0
Lakshadweep,2007.0,Total Crime Against Women,12. Total Crimes Against Women,0.0,0.0,2.0,0.0,0.0,0.0,2.0,0.0,4.0,1.0,5.0,3.0,5.0,2.0,0.0,0.0,0.0,5.0
Madhya Pradesh,2007.0,Total Crime Against Women,12. Total Crimes Against Women,6468.0,230.0,15030.0,3540.0,3737.0,118.0,15260.0,0.0,914.0,922.0,50018.0,48733.0,15370.0,15030.0,10205.0,0.0,0.0,63763.0
Maharashtra,2007.0,Total Crime Against Women,12. Total Crimes Against Women,6760.0,304.0,13516.0,962.0,597.0,389.0,13820.0,2.0,4852.0,4139.0,100641.0,95444.0,14924.0,13516.0,7357.0,0.0,0.0,108960.0
Manipur,2007.0,Total Crime Against Women,12. Total Crimes Against Women,7.0,86.0,3.0,1.0,1.0,0.0,89.0,0.0,443.0,344.0,84.0,90.0,188.0,3.0,8.0,0.0,0.0,93.0
Meghalaya,2007.0,Total Crime Against Women,12. Total Crimes Against Women,14.0,22.0,67.0,2.0,16.0,1.0,89.0,0.0,363.0,281.0,619.0,584.0,172.0,67.0,30.0,0.0,0.0,651.0
Mizoram,2007.0,Total Crime Against Women,12. Total Crimes Against Women,10.0,8.0,142.0,0.0,84.0,0.0,150.0,0.0,18.0,17.0,113.0,65.0,151.0,142.0,94.0,0.0,0.0,207.0
Nagaland,2007.0,Total Crime Against Women,12. Total Crimes Against Women,2.0,3.0,25.0,1.0,38.0,0.0,28.0,0.0,21.0,17.0,35.0,51.0,32.0,25.0,40.0,0.0,0.0,76.0
Odisha,2007.0,Total Crime Against Women,12. Total Crimes Against Women,2630.0,148.0,6098.0,3.0,547.0,270.0,6246.0,2.0,3517.0,2731.0,27120.0,24202.0,7304.0,6098.0,3177.0,0.0,0.0,30300.0
Puducherry,2007.0,Total Crime Against Women,12. Total Crimes Against Women,48.0,2.0,178.0,20.0,32.0,5.0,180.0,7.0,33.0,46.0,360.0,282.0,179.0,178.0,80.0,0.0,0.0,460.0
Punjab,2007.0,Total Crime Against Women,12. Total Crimes Against Women,728.0,355.0,1672.0,12.0,274.0,314.0,2027.0,0.0,1670.0,1317.0,5344.0,4686.0,2694.0,1672.0,1002.0,0.0,0.0,6358.0
Rajasthan,2007.0,Total Crime Against Women,12. Total Crimes Against Women,3080.0,261.0,8693.0,1145.0,2446.0,5249.0,8954.0,1.0,531.0,465.0,32968.0,30956.0,14270.0,8693.0,5526.0,10.0,0.0,39639.0
Sikkim,2007.0,Total Crime Against Women,12. Total Crimes Against Women,9.0,2.0,33.0,4.0,2.0,0.0,35.0,0.0,91.0,71.0,57.0,39.0,55.0,33.0,11.0,0.0,0.0,72.0
Tamil Nadu,2007.0,Total Crime Against Women,12. Total Crimes Against Women,2982.0,369.0,5963.0,16.0,2116.0,602.0,6332.0,45.0,2224.0,1397.0,11165.0,10316.0,7811.0,5963.0,5098.0,0.0,5.0,16279.0
Tripura,2007.0,Total Crime Against Women,12. Total Crimes Against Women,690.0,77.0,1078.0,0.0,133.0,0.0,1155.0,0.0,180.0,268.0,2037.0,1782.0,1067.0,1078.0,823.0,0.0,0.0,2860.0
Uttar Pradesh,2007.0,Total Crime Against Women,12. Total Crimes Against Women,5317.0,3376.0,15626.0,1022.0,6918.0,1882.0,19002.0,0.0,1916.0,1807.0,45934.0,43565.0,20993.0,15626.0,12235.0,0.0,0.0,59191.0
Uttarakhand,2007.0,Total Crime Against Women,12. Total Crimes Against Women,250.0,160.0,810.0,213.0,329.0,94.0,970.0,0.0,195.0,162.0,2371.0,2353.0,1097.0,810.0,579.0,0.0,0.0,3163.0
West Bengal,2007.0,Total Crime Against Women,12. Total Crimes Against Women,4489.0,738.0,14424.0,74.0,467.0,45.0,15162.0,2.0,8030.0,6695.0,71243.0,61849.0,16544.0,14424.0,4956.0,0.0,0.0,76273.0
Andaman & Nicobar Islands,2009.0,Total Crime Against Women,12. Total Crimes Against Women,13.0,19.0,64.0,0.0,2.0,0.0,83.0,0.0,45.0,36.0,333.0,284.0,92.0,64.0,15.0,0.0,0.0,348.0
Andhra Pradesh,2009.0,Total Crime Against Women,12. Total Crimes Against Women,11123.0,888.0,20907.0,5167.0,2668.0,2936.0,21795.0,1.0,8643.0,7806.0,34981.0,33035.0,25569.0,20907.0,13791.0,3.0,0.0,53939.0
Arunachal Pradesh,2009.0,Total Crime Against Women,12. Total Crimes Against Women,20.0,33.0,147.0,4.0,25.0,0.0,180.0,0.0,67.0,83.0,1323.0,1225.0,164.0,147.0,45.0,0.0,0.0,1372.0
Assam,2009.0,Total Crime Against Women,12. Total Crimes Against Women,2273.0,2014.0,5324.0,354.0,622.0,739.0,7338.0,29.0,10043.0,8428.0,15182.0,13107.0,9721.0,5324.0,2895.0,0.0,0.0,18431.0
Bihar,2009.0,Total Crime Against Women,12. Total Crimes Against Women,3434.0,1702.0,5423.0,352.0,788.0,991.0,7125.0,0.0,9913.0,9226.0,22868.0,22019.0,8803.0,5423.0,4222.0,0.0,0.0,27442.0
Chandigarh,2009.0,Total Crime Against Women,12. Total Crimes Against Women,74.0,5.0,64.0,0.0,43.0,53.0,69.0,0.0,162.0,134.0,534.0,587.0,150.0,64.0,117.0,0.0,0.0,651.0
Chhattisgarh,2009.0,Total Crime Against Women,12. Total Crimes Against Women,1867.0,51.0,3928.0,325.0,669.0,61.0,3979.0,0.0,320.0,358.0,17361.0,16600.0,4002.0,3928.0,2536.0,306.0,0.0,20222.0
Dadra & Nagar Haveli,2009.0,Total Crime Against Women,12. Total Crimes Against Women,4.0,0.0,18.0,0.0,3.0,1.0,18.0,0.0,19.0,18.0,85.0,74.0,20.0,18.0,7.0,0.0,0.0,92.0
Daman & Diu,2009.0,Total Crime Against Women,12. Total Crimes Against Women,5.0,2.0,7.0,0.0,0.0,0.0,9.0,0.0,15.0,11.0,32.0,30.0,13.0,7.0,5.0,0.0,0.0,37.0
Delhi,2009.0,Total Crime Against Women,12. Total Crimes Against Women,818.0,792.0,2569.0,0.0,623.0,417.0,3361.0,48.0,7250.0,6924.0,10809.0,9681.0,4251.0,2569.0,1441.0,0.0,99.0,12250.0
Goa,2009.0,Total Crime Against Women,12. Total Crimes Against Women,66.0,29.0,97.0,0.0,20.0,3.0,126.0,0.0,146.0,111.0,279.0,268.0,164.0,97.0,86.0,0.0,0.0,365.0
Gujarat,2009.0,Total Crime Against Women,12. Total Crimes Against Women,3873.0,293.0,7449.0,259.0,236.0,93.0,7742.0,18.0,1166.0,1010.0,52602.0,49522.0,8009.0,7449.0,4109.0,1.0,0.0,56970.0
Haryana,2009.0,Total Crime Against Women,12. Total Crimes Against Women,2141.0,240.0,3726.0,21.0,851.0,1168.0,3966.0,0.0,1056.0,878.0,11430.0,10717.0,5312.0,3726.0,2992.0,0.0,0.0,14443.0
Himachal Pradesh,2009.0,Total Crime Against Women,12. Total Crimes Against Women,419.0,15.0,899.0,101.0,65.0,145.0,914.0,0.0,211.0,316.0,3281.0,2967.0,954.0,899.0,484.0,0.0,0.0,3866.0
Jammu & Kashmir,2009.0,Total Crime Against Women,12. Total Crimes Against Women,1172.0,40.0,2125.0,196.0,207.0,548.0,2165.0,0.0,873.0,962.0,10454.0,9904.0,2624.0,2125.0,1379.0,0.0,0.0,12029.0
Jharkhand,2009.0,Total Crime Against Women,12. Total Crimes Against Women,1690.0,395.0,2797.0,190.0,1076.0,154.0,3192.0,0.0,2761.0,3086.0,5520.0,5679.0,3021.0,2797.0,2766.0,0.0,0.0,8476.0
Karnataka,2009.0,Total Crime Against Women,12. Total Crimes Against Women,3636.0,262.0,6387.0,637.0,368.0,520.0,6649.0,105.0,2011.0,1451.0,16584.0,14838.0,7852.0,6387.0,4004.0,0.0,18.0,21225.0
Kerala,2009.0,Total Crime Against Women,12. Total Crimes Against Women,4175.0,230.0,7759.0,486.0,664.0,383.0,7989.0,2.0,2072.0,2397.0,29859.0,27425.0,8049.0,7759.0,4839.0,0.0,0.0,35184.0
Lakshadweep,2009.0,Total Crime Against Women,12. Total Crimes Against Women,2.0,2.0,3.0,0.0,0.0,0.0,5.0,0.0,1.0,5.0,6.0,5.0,1.0,3.0,2.0,0.0,0.0,8.0
Madhya Pradesh,2009.0,Total Crime Against Women,12. Total Crimes Against Women,6916.0,173.0,15887.0,3772.0,3657.0,73.0,16060.0,0.0,800.0,1106.0,50565.0,49023.0,15827.0,15887.0,10573.0,0.0,0.0,64910.0
Maharashtra,2009.0,Total Crime Against Women,12. Total Crimes Against Women,7469.0,351.0,14393.0,1144.0,636.0,332.0,14744.0,3.0,5193.0,5224.0,110593.0,105449.0,15048.0,14393.0,8105.0,0.0,0.0,119842.0
Manipur,2009.0,Total Crime Against Women,12. Total Crimes Against Women,0.0,62.0,8.0,0.0,0.0,0.0,70.0,0.0,721.0,597.0,98.0,90.0,194.0,8.0,0.0,0.0,0.0,98.0
Meghalaya,2009.0,Total Crime Against Women,12. Total Crimes Against Women,44.0,66.0,130.0,0.0,12.0,0.0,196.0,0.0,512.0,471.0,705.0,631.0,237.0,130.0,56.0,0.0,0.0,761.0
Mizoram,2009.0,Total Crime Against Women,12. Total Crimes Against Women,16.0,3.0,160.0,0.0,117.0,0.0,163.0,0.0,18.0,31.0,147.0,120.0,150.0,160.0,133.0,0.0,0.0,280.0
Nagaland,2009.0,Total Crime Against Women,12. Total Crimes Against Women,2.0,5.0,49.0,0.0,26.0,0.0,54.0,0.0,15.0,23.0,63.0,42.0,46.0,49.0,28.0,0.0,0.0,91.0
Odisha,2009.0,Total Crime Against Women,12. Total Crimes Against Women,3052.0,83.0,6576.0,0.0,486.0,327.0,6659.0,3.0,5874.0,4743.0,32700.0,29662.0,8120.0,6576.0,3538.0,0.0,0.0,36238.0
Puducherry,2009.0,Total Crime Against Women,12. Total Crimes Against Women,50.0,1.0,119.0,8.0,19.0,9.0,120.0,5.0,15.0,43.0,459.0,417.0,106.0,119.0,69.0,0.0,0.0,536.0
Punjab,2009.0,Total Crime Against Women,12. Total Crimes Against Women,1099.0,356.0,1849.0,9.0,565.0,402.0,2205.0,0.0,1685.0,1661.0,6084.0,5908.0,2631.0,1849.0,1664.0,0.0,0.0,7757.0
Rajasthan,2009.0,Total Crime Against Women,12. Total Crimes Against Women,2813.0,527.0,10092.0,1019.0,2408.0,6617.0,10619.0,0.0,764.0,684.0,39197.0,35345.0,17316.0,10092.0,5221.0,0.0,0.0,45437.0
Sikkim,2009.0,Total Crime Against Women,12. Total Crimes Against Women,16.0,26.0,63.0,15.0,19.0,0.0,89.0,0.0,37.0,85.0,102.0,89.0,41.0,63.0,35.0,0.0,0.0,152.0
Tamil Nadu,2009.0,Total Crime Against Women,12. Total Crimes Against Women,2822.0,575.0,4858.0,19.0,1596.0,644.0,5433.0,0.0,2292.0,2318.0,12363.0,11942.0,6051.0,4858.0,4418.0,0.0,0.0,16800.0
Tripura,2009.0,Total Crime Against Women,12. Total Crimes Against Women,556.0,98.0,1406.0,45.0,87.0,0.0,1504.0,0.0,214.0,201.0,3459.0,2741.0,1517.0,1406.0,643.0,0.0,0.0,4147.0
Uttar Pradesh,2009.0,Total Crime Against Women,12. Total Crimes Against Women,6391.0,3479.0,17364.0,1060.0,8555.0,2181.0,20843.0,0.0,2236.0,2006.0,48666.0,47308.0,23254.0,17364.0,14946.0,0.0,0.0,64672.0
Uttarakhand,2009.0,Total Crime Against Women,12. Total Crimes Against Women,221.0,182.0,999.0,46.0,397.0,61.0,1181.0,0.0,134.0,188.0,2957.0,2622.0,1188.0,999.0,618.0,0.0,0.0,3621.0
West Bengal,2009.0,Total Crime Against Women,12. Total Crimes Against Women,4362.0,988.0,18648.0,65.0,467.0,86.0,19636.0,6.0,16529.0,12950.0,94909.0,81155.0,23307.0,18648.0,4829.0,0.0,0.0,99803.0
Andaman & Nicobar Islands,2010.0,Total Crime Against Women,12. Total Crimes Against Women,5.0,12.0,68.0,0.0,0.0,0.0,80.0,0.0,50.0,45.0,396.0,333.0,85.0,68.0,5.0,0.0,0.0,401.0
Andhra Pradesh,2010.0,Total Crime Against Women,12. Total Crimes Against Women,11606.0,1502.0,23851.0,4990.0,3166.0,2911.0,25353.0,23.0,7600.0,8643.0,39066.0,34981.0,27244.0,23851.0,14772.0,4.0,0.0,58828.0
Arunachal Pradesh,2010.0,Total Crime Against Women,12. Total Crimes Against Women,10.0,33.0,117.0,8.0,11.0,0.0,150.0,0.0,107.0,67.0,1411.0,1323.0,190.0,117.0,21.0,0.0,0.0,1440.0
Assam,2010.0,Total Crime Against Women,12. Total Crimes Against Women,2681.0,2252.0,6293.0,205.0,522.0,879.0,8545.0,115.0,12059.0,10043.0,18067.0,15182.0,11555.0,6293.0,3203.0,0.0,0.0,21475.0
Bihar,2010.0,Total Crime Against Women,12. Total Crimes Against Women,3340.0,1230.0,5281.0,381.0,861.0,899.0,6511.0,0.0,10974.0,9913.0,23567.0,22868.0,8471.0,5281.0,4201.0,0.0,0.0,28149.0
Chandigarh,2010.0,Total Crime Against Women,12. Total Crimes Against Women,127.0,24.0,90.0,0.0,44.0,71.0,114.0,0.0,118.0,162.0,453.0,534.0,141.0,90.0,171.0,0.0,0.0,624.0
Chhattisgarh,2010.0,Total Crime Against Women,12. Total Crimes Against Women,2293.0,86.0,3917.0,404.0,860.0,41.0,4003.0,0.0,452.0,320.0,17721.0,17361.0,4176.0,3917.0,3153.0,0.0,0.0,21278.0
Dadra & Nagar Haveli,2010.0,Total Crime Against Women,12. Total Crimes Against Women,4.0,0.0,17.0,0.0,6.0,3.0,17.0,0.0,29.0,19.0,92.0,85.0,30.0,17.0,10.0,0.0,0.0,102.0
Daman & Diu,2010.0,Total Crime Against Women,12. Total Crimes Against Women,6.0,1.0,11.0,1.0,0.0,0.0,12.0,0.0,17.0,15.0,36.0,32.0,14.0,11.0,6.0,0.0,0.0,43.0
Delhi,2010.0,Total Crime Against Women,12. Total Crimes Against Women,1161.0,746.0,2428.0,0.0,586.0,598.0,3174.0,30.0,7853.0,7250.0,11490.0,10809.0,4518.0,2428.0,1747.0,0.0,113.0,13237.0
Goa,2010.0,Total Crime Against Women,12. Total Crimes Against Women,65.0,22.0,127.0,0.0,13.0,8.0,149.0,0.0,129.0,146.0,328.0,279.0,140.0,127.0,78.0,0.0,0.0,406.0
Gujarat,2010.0,Total Crime Against Women,12. Total Crimes Against Women,4105.0,345.0,7690.0,237.0,228.0,71.0,8035.0,13.0,1194.0,1166.0,55722.0,52602.0,8148.0,7690.0,4333.0,0.0,1.0,60292.0
Haryana,2010.0,Total Crime Against Women,12. Total Crimes Against Women,2411.0,248.0,3960.0,23.0,903.0,1181.0,4208.0,0.0,1229.0,1056.0,12053.0,11430.0,5562.0,3960.0,3314.0,0.0,0.0,15390.0
Himachal Pradesh,2010.0,Total Crime Against Women,12. Total Crimes Against Women,335.0,18.0,817.0,101.0,51.0,166.0,835.0,0.0,238.0,211.0,3611.0,3281.0,1028.0,817.0,386.0,0.0,0.0,4098.0
Jammu & Kashmir,2010.0,Total Crime Against Women,12. Total Crimes Against Women,870.0,49.0,1813.0,190.0,145.0,588.0,1862.0,0.0,1034.0,873.0,11062.0,10454.0,2611.0,1813.0,1015.0,0.0,0.0,12267.0
Jharkhand,2010.0,Total Crime Against Women,12. Total Crimes Against Women,1887.0,396.0,2607.0,70.0,618.0,198.0,3003.0,0.0,2647.0,2761.0,5552.0,5520.0,3087.0,2607.0,2505.0,0.0,0.0,8127.0
Karnataka,2010.0,Total Crime Against Women,12. Total Crimes Against Women,3910.0,491.0,7282.0,259.0,511.0,728.0,7773.0,63.0,2219.0,2011.0,19167.0,16584.0,8807.0,7282.0,4421.0,19.0,35.0,23847.0
Kerala,2010.0,Total Crime Against Women,12. Total Crimes Against Women,4160.0,137.0,8871.0,297.0,637.0,391.0,9008.0,7.0,2129.0,2072.0,33636.0,29859.0,9463.0,8871.0,4797.0,0.0,0.0,38730.0
Lakshadweep,2010.0,Total Crime Against Women,12. Total Crimes Against Women,0.0,0.0,1.0,0.0,0.0,0.0,1.0,0.0,1.0,1.0,7.0,6.0,1.0,1.0,0.0,0.0,0.0,7.0
Madhya Pradesh,2010.0,Total Crime Against Women,12. Total Crimes Against Women,7540.0,186.0,16083.0,3638.0,4177.0,72.0,16269.0,0.0,927.0,800.0,51291.0,50565.0,16468.0,16083.0,11717.0,2.0,0.0,66646.0
Maharashtra,2010.0,Total Crime Against Women,12. Total Crimes Against Women,8990.0,330.0,14661.0,1107.0,565.0,289.0,14991.0,10.0,5639.0,5193.0,114591.0,110593.0,15737.0,14661.0,9555.0,1.0,1.0,125253.0
Manipur,2010.0,Total Crime Against Women,12. Total Crimes Against Women,4.0,66.0,6.0,0.0,1.0,0.0,72.0,0.0,839.0,721.0,99.0,98.0,190.0,6.0,5.0,0.0,0.0,104.0
Meghalaya,2010.0,Total Crime Against Women,12. Total Crimes Against Women,23.0,17.0,133.0,9.0,7.0,1.0,150.0,0.0,622.0,512.0,799.0,705.0,261.0,133.0,30.0,0.0,0.0,838.0
Mizoram,2010.0,Total Crime Against Women,12. Total Crimes Against Women,10.0,0.0,171.0,0.0,159.0,0.0,171.0,0.0,17.0,18.0,149.0,147.0,170.0,171.0,169.0,0.0,0.0,318.0
Nagaland,2010.0,Total Crime Against Women,12. Total Crimes Against Women,16.0,5.0,39.0,0.0,33.0,0.0,44.0,0.0,12.0,15.0,53.0,63.0,41.0,39.0,49.0,0.0,0.0,102.0
Odisha,2010.0,Total Crime Against Women,12. Total Crimes Against Women,4341.0,143.0,8635.0,0.0,485.0,448.0,8778.0,8.0,5141.0,5874.0,36509.0,32700.0,8501.0,8635.0,4826.0,0.0,0.0,41335.0
Puducherry,2010.0,Total Crime Against Women,12. Total Crimes Against Women,48.0,1.0,109.0,12.0,21.0,8.0,110.0,1.0,11.0,15.0,487.0,459.0,115.0,109.0,69.0,0.0,0.0,568.0
Punjab,2010.0,Total Crime Against Women,12. Total Crimes Against Women,1082.0,450.0,1932.0,13.0,497.0,510.0,2382.0,0.0,1572.0,1611.0,5970.0,5630.0,2853.0,1932.0,1579.0,0.0,0.0,7562.0
Rajasthan,2010.0,Total Crime Against Women,12. Total Crimes Against Women,2753.0,391.0,10232.0,1159.0,2072.0,7358.0,10623.0,1.0,964.0,764.0,43445.0,39197.0,18182.0,10232.0,4825.0,0.0,0.0,49429.0
Sikkim,2010.0,Total Crime Against Women,12. Total Crimes Against Women,6.0,3.0,58.0,3.0,6.0,0.0,61.0,0.0,18.0,37.0,145.0,102.0,42.0,58.0,12.0,0.0,0.0,160.0
Tamil Nadu,2010.0,Total Crime Against Women,12. Total Crimes Against Women,2823.0,565.0,4780.0,13.0,1749.0,708.0,5345.0,0.0,2947.0,2292.0,12558.0,12363.0,6708.0,4780.0,4572.0,0.0,0.0,17143.0
Tripura,2010.0,Total Crime Against Women,12. Total Crimes Against Women,683.0,102.0,1360.0,74.0,95.0,15.0,1462.0,0.0,415.0,214.0,3967.0,3459.0,1678.0,1360.0,778.0,0.0,0.0,4819.0
Uttar Pradesh,2010.0,Total Crime Against Women,12. Total Crimes Against Women,6976.0,3746.0,14401.0,366.0,10307.0,1704.0,18147.0,0.0,2554.0,2236.0,45418.0,48666.0,20169.0,14401.0,17283.0,0.0,0.0,63067.0
Uttarakhand,2010.0,Total Crime Against Women,12. Total Crimes Against Women,308.0,185.0,864.0,17.0,499.0,47.0,1049.0,0.0,112.0,134.0,2997.0,2957.0,1074.0,864.0,807.0,0.0,0.0,3821.0
West Bengal,2010.0,Total Crime Against Women,12. Total Crimes Against Women,4084.0,1110.0,23528.0,125.0,435.0,120.0,24638.0,4.0,17892.0,16529.0,113793.0,94909.0,26125.0,23528.0,4519.0,0.0,0.0,118437.0
nan,,nan,nan,,,,,,,,,,,,,3184285.0,,,,,
nan,,nan,nan,,,,,,,,,,,,,6368570.0,,,,,
